OrderID,OrderDate,CustomerID,ProductName,Category,Quantity,UnitPrice
10001,2024-01-02,CLI-0058,Notebook Dell Inspiron,Laptops,3,662320
10002,2024-01-02,CLI-0126,"Monitor UltraWide 34""",Monitores,1,562650
10003,2024-01-02,CLI-0053,AutoCAD LT 2025,Software,3,630970
10004,2024-01-02,CLI-0280,Chromebook Acer,Laptops,2,297270
10005,2024-01-02,CLI-0017,Notebook Dell Inspiron,Laptops,1,592930
10006,2024-01-02,CLI-0120,NAS Synology DS220+,Almacenamiento,2,484180
10007,2024-01-02,CLI-0288,"Monitor Curvo 32"" QHD",Monitores,3,418590
10008,2024-01-02,CLI-0280,Micrófono Blue Yeti X,Audio,1,199950
10009,2024-01-02,CLI-0143,Notebook HP 15s,Laptops,3,541150
10010,2024-01-02,CLI-0082,Windows 11 Pro,Software,2,124940
10011,2024-01-03,CLI-0143,Workstation HP Z2,Desktops,1,1338060
10012,2024-01-03,CLI-0173,PC Escritorio Dell OptiPlex,Desktops,1,727400
10013,2024-01-03,CLI-0050,Dock Station HP,Perifericos,5,204200
10014,2024-01-03,CLI-0136,MacBook Air M2,Laptops,3,1166550
10015,2024-01-03,CLI-0275,All-in-One HP 24,Desktops,10,783410
10016,2024-01-03,CLI-0194,Chromebook Acer,Laptops,2,298530
10017,2024-01-03,CLI-0186,Switch Cisco 24p,Redes,1,237570
10018,2024-01-04,CLI-0036,MacBook Air M2,Laptops,3,1178390
10019,2024-01-04,CLI-0149,Chromebook Acer,Laptops,5,289830
10020,2024-01-04,CLI-0052,AirPods Pro 2,Audio,1,257290
10021,2024-01-04,CLI-0187,"Monitor LG 27"" 4K",Monitores,1,329820
10022,2024-01-04,CLI-0108,Adobe Creative Cloud,Software,1,76150
10023,2024-01-04,CLI-0037,Router TP-Link Archer,Redes,3,82900
10024,2024-01-04,CLI-0274,Mouse Logitech MX Master 3,Perifericos,1,94120
10025,2024-01-04,CLI-0195,Teclado Mecánico Keychron K2,Perifericos,12,153950
10026,2024-01-04,CLI-0286,"Monitor UltraWide 34""",Monitores,3,568040
10027,2024-01-05,CLI-0029,"Monitor UltraWide 34""",Monitores,4,561840
10028,2024-01-05,CLI-0162,Headset Logitech G535,Audio,1,90760
10029,2024-01-05,CLI-0109,Switch Cisco 24p,Redes,5,252360
10030,2024-01-05,CLI-0162,"Monitor Portátil 15""",Monitores,3,193720
10031,2024-01-05,CLI-0203,Antivirus ESET 3 PCs,Software,2,36990
10032,2024-01-05,CLI-0136,Mini PC ASUS PN50,Desktops,1,445430
10033,2024-01-05,CLI-0288,SSD Externo Samsung T7,Almacenamiento,1,85880
10034,2024-01-05,CLI-0300,Parlante UE Boom 3,Audio,6,98530
10035,2024-01-08,CLI-0205,Auriculares Sony XM5,Audio,1,229980
10036,2024-01-08,CLI-0071,NAS Synology DS220+,Almacenamiento,2,492610
10037,2024-01-08,CLI-0025,All-in-One HP 24,Desktops,1,788010
10038,2024-01-08,CLI-0082,AutoCAD LT 2025,Software,2,630140
10039,2024-01-08,CLI-0033,AirPods Pro 2,Audio,1,236670
10040,2024-01-08,CLI-0240,Pendrive Kingston 256GB,Almacenamiento,1,23080
10041,2024-01-09,CLI-0284,Notebook HP 15s,Laptops,3,546640
10042,2024-01-09,CLI-0059,AutoCAD LT 2025,Software,5,594820
10043,2024-01-09,CLI-0137,Antivirus ESET 3 PCs,Software,1,39230
10044,2024-01-09,CLI-0151,Parlante UE Boom 3,Audio,1,96810
10045,2024-01-09,CLI-0002,Teclado Apple Magic,Perifericos,10,102070
10046,2024-01-10,CLI-0092,NAS Synology DS220+,Almacenamiento,6,496650
10047,2024-01-10,CLI-0153,Licencia Office 365 Anual,Software,2,89260
10048,2024-01-10,CLI-0102,Workstation HP Z2,Desktops,1,1252620
10049,2024-01-10,CLI-0083,SSD Externo Samsung T7,Almacenamiento,8,84180
10050,2024-01-10,CLI-0272,Notebook HP 15s,Laptops,2,564130
10051,2024-01-10,CLI-0251,Notebook Dell Inspiron,Laptops,1,615600
10052,2024-01-10,CLI-0186,Hub USB-C Anker,Perifericos,1,52370
10053,2024-01-10,CLI-0124,Switch Cisco 24p,Redes,8,242230
10054,2024-01-11,CLI-0044,Disco Externo Seagate 4TB,Almacenamiento,4,108510
10055,2024-01-11,CLI-0273,Mini PC ASUS PN50,Desktops,1,416990
10056,2024-01-11,CLI-0244,Router Eero Pro 6,Redes,1,299700
10057,2024-01-11,CLI-0271,Router TP-Link Archer,Redes,2,87540
10058,2024-01-11,CLI-0109,SSD Externo Samsung T7,Almacenamiento,3,84870
10059,2024-01-11,CLI-0103,Hub USB-C Anker,Perifericos,1,51500
10060,2024-01-11,CLI-0192,Soundbar LG,Audio,6,152090
10061,2024-01-11,CLI-0232,All-in-One HP 24,Desktops,1,757830
10062,2024-01-11,CLI-0033,Soporte Laptop Ergotron,Perifericos,1,74750
10063,2024-01-12,CLI-0284,"Monitor UltraWide 34""",Monitores,2,548820
10064,2024-01-12,CLI-0004,Notebook ASUS VivoBook,Laptops,3,469290
10065,2024-01-12,CLI-0031,"Monitor UltraWide 34""",Monitores,1,588520
10066,2024-01-12,CLI-0017,Soporte Laptop Ergotron,Perifericos,1,70790
10067,2024-01-12,CLI-0122,Teclado Mecánico Keychron K2,Perifericos,3,149350
10068,2024-01-12,CLI-0110,SSD Externo Samsung T7,Almacenamiento,1,86630
10069,2024-01-12,CLI-0293,Switch Cisco 24p,Redes,2,243250
10070,2024-01-15,CLI-0243,Micrófono Blue Yeti X,Audio,1,191630
10071,2024-01-15,CLI-0050,Adobe Creative Cloud,Software,2,74980
10072,2024-01-15,CLI-0217,Micrófono Blue Yeti X,Audio,2,195230
10073,2024-01-15,CLI-0028,AutoCAD LT 2025,Software,3,578990
10074,2024-01-15,CLI-0051,Notebook Lenovo ThinkPad,Laptops,2,871670
10075,2024-01-16,CLI-0174,PC Escritorio Dell OptiPlex,Desktops,1,706130
10076,2024-01-16,CLI-0098,SSD Externo Samsung T7,Almacenamiento,2,88130
10077,2024-01-16,CLI-0217,"Monitor Samsung 24"" FHD",Monitores,1,178960
10078,2024-01-16,CLI-0128,Notebook ASUS VivoBook,Laptops,2,493170
10079,2024-01-16,CLI-0282,PC Escritorio Dell OptiPlex,Desktops,1,679510
10080,2024-01-17,CLI-0277,Notebook HP 15s,Laptops,10,524490
10081,2024-01-17,CLI-0122,"Monitor LG 27"" 4K",Monitores,2,377560
10082,2024-01-17,CLI-0247,"Monitor Portátil 15""",Monitores,5,212520
10083,2024-01-17,CLI-0031,"Monitor LG 27"" 4K",Monitores,1,363910
10084,2024-01-17,CLI-0200,Teclado Apple Magic,Perifericos,6,106240
10085,2024-01-17,CLI-0233,Webcam Logitech C925e,Perifericos,2,106280
10086,2024-01-18,CLI-0285,Adobe Creative Cloud,Software,3,76670
10087,2024-01-18,CLI-0080,"Monitor Curvo 32"" QHD",Monitores,1,422830
10088,2024-01-18,CLI-0030,Access Point Ubiquiti U6,Redes,3,263230
10089,2024-01-18,CLI-0032,Mousepad XL RGB,Perifericos,1,28330
10090,2024-01-18,CLI-0300,SSD NVMe Kingston 500GB,Almacenamiento,2,56910
10091,2024-01-18,CLI-0272,"Monitor LG 27"" 4K",Monitores,1,355560
10092,2024-01-18,CLI-0261,Chromebook Acer,Laptops,5,317970
10093,2024-01-18,CLI-0036,Router TP-Link Archer,Redes,1,85620
10094,2024-01-19,CLI-0121,Headset Logitech G535,Audio,1,86100
10095,2024-01-19,CLI-0292,Mouse Logitech MX Master 3,Perifericos,2,84690
10096,2024-01-19,CLI-0021,Repetidor WiFi Mesh,Redes,1,82260
10097,2024-01-19,CLI-0299,Switch Cisco 24p,Redes,2,234860
10098,2024-01-19,CLI-0134,"Monitor Portátil 15""",Monitores,3,200190
10099,2024-01-22,CLI-0161,Mouse Logitech MX Master 3,Perifericos,1,88520
10100,2024-01-22,CLI-0068,Adobe Creative Cloud,Software,3,77440
10101,2024-01-22,CLI-0235,Mousepad XL RGB,Perifericos,6,29940
10102,2024-01-22,CLI-0038,Notebook HP 15s,Laptops,2,543800
10103,2024-01-22,CLI-0289,PC Escritorio Dell OptiPlex,Desktops,1,751020
10104,2024-01-22,CLI-0110,NAS Synology DS220+,Almacenamiento,1,463590
10105,2024-01-22,CLI-0179,Notebook ASUS VivoBook,Laptops,5,501930
10106,2024-01-22,CLI-0190,Webcam Logitech C925e,Perifericos,1,92390
10107,2024-01-23,CLI-0279,Hub USB-C Anker,Perifericos,2,57500
10108,2024-01-23,CLI-0271,Notebook HP 15s,Laptops,3,489100
10109,2024-01-23,CLI-0284,Hub USB-C Anker,Perifericos,8,51550
10110,2024-01-23,CLI-0054,Mini PC ASUS PN50,Desktops,1,473710
10111,2024-01-23,CLI-0055,Router Eero Pro 6,Redes,1,314240
10112,2024-01-23,CLI-0145,Router TP-Link Archer,Redes,1,86140
10113,2024-01-23,CLI-0176,"Monitor Portátil 15""",Monitores,3,200970
10114,2024-01-23,CLI-0136,NAS Synology DS220+,Almacenamiento,2,488130
10115,2024-01-23,CLI-0027,Chromebook Acer,Laptops,3,317640
10116,2024-01-24,CLI-0142,MacBook Air M2,Laptops,1,1260770
10117,2024-01-24,CLI-0067,Licencia Office 365 Anual,Software,10,84310
10118,2024-01-24,CLI-0083,Soundbar LG,Audio,2,139590
10119,2024-01-24,CLI-0219,Router Eero Pro 6,Redes,1,304520
10120,2024-01-24,CLI-0039,Windows 11 Pro,Software,6,113200
10121,2024-01-24,CLI-0280,MacBook Air M2,Laptops,4,1262330
10122,2024-01-24,CLI-0299,Router Eero Pro 6,Redes,1,290890
10123,2024-01-24,CLI-0066,MacBook Air M2,Laptops,1,1131610
10124,2024-01-24,CLI-0021,Dock Station HP,Perifericos,1,202790
10125,2024-01-25,CLI-0128,Adobe Creative Cloud,Software,1,74300
10126,2024-01-25,CLI-0287,Micrófono Blue Yeti X,Audio,10,180100
10127,2024-01-25,CLI-0080,Mouse Logitech MX Master 3,Perifericos,5,83560
10128,2024-01-25,CLI-0091,Micrófono Blue Yeti X,Audio,1,192760
10129,2024-01-26,CLI-0171,Micrófono Blue Yeti X,Audio,4,181990
10130,2024-01-26,CLI-0128,Teclado Mecánico Keychron K2,Perifericos,1,143980
10131,2024-01-26,CLI-0056,AirPods Pro 2,Audio,5,252840
10132,2024-01-26,CLI-0241,"Monitor UltraWide 34""",Monitores,1,542620
10133,2024-01-26,CLI-0236,Dock Station HP,Perifericos,1,176290
10134,2024-01-26,CLI-0117,"Monitor UltraWide 34""",Monitores,1,538870
10135,2024-01-26,CLI-0099,Headset Logitech G535,Audio,1,90330
10136,2024-01-29,CLI-0036,Teclado Mecánico Keychron K2,Perifericos,1,158240
10137,2024-01-29,CLI-0261,Headset Logitech G535,Audio,3,95790
10138,2024-01-29,CLI-0275,Soporte Laptop Ergotron,Perifericos,8,75360
10139,2024-01-29,CLI-0060,Teclado Apple Magic,Perifericos,1,104820
10140,2024-01-30,CLI-0136,MacBook Air M2,Laptops,1,1130830
10141,2024-01-30,CLI-0223,Dock Station HP,Perifericos,3,189320
10142,2024-01-30,CLI-0161,Parlante UE Boom 3,Audio,2,98660
10143,2024-01-30,CLI-0262,All-in-One HP 24,Desktops,1,765760
10144,2024-01-30,CLI-0296,"Monitor Curvo 32"" QHD",Monitores,1,440450
10145,2024-01-30,CLI-0224,Notebook HP 15s,Laptops,2,518660
10146,2024-01-30,CLI-0276,AutoCAD LT 2025,Software,3,583430
10147,2024-01-30,CLI-0101,Auriculares Sony XM5,Audio,2,215750
10148,2024-01-30,CLI-0170,Repetidor WiFi Mesh,Redes,1,82370
10149,2024-01-30,CLI-0064,Hub USB-C Anker,Perifericos,2,53200
10150,2024-01-31,CLI-0210,Mousepad XL RGB,Perifericos,2,30920
10151,2024-01-31,CLI-0152,Router Eero Pro 6,Redes,1,317300
10152,2024-01-31,CLI-0216,Adobe Creative Cloud,Software,8,75280
10153,2024-01-31,CLI-0090,Repetidor WiFi Mesh,Redes,2,81450
10154,2024-01-31,CLI-0208,Router Eero Pro 6,Redes,4,280560
10155,2024-01-31,CLI-0156,Webcam Logitech C925e,Perifericos,1,103600
10156,2024-01-31,CLI-0297,Router TP-Link Archer,Redes,3,84010
10157,2024-01-31,CLI-0239,Soundbar LG,Audio,2,160450
10158,2024-01-31,CLI-0110,NAS Synology DS220+,Almacenamiento,2,452140
10159,2024-01-31,CLI-0087,Adobe Creative Cloud,Software,1,85860
10160,2024-01-31,CLI-0264,Adobe Creative Cloud,Software,3,83840
10161,2024-01-31,CLI-0172,Chromebook Acer,Laptops,4,304490
10162,2024-02-01,CLI-0121,AutoCAD LT 2025,Software,1,611680
10163,2024-02-01,CLI-0102,Workstation HP Z2,Desktops,1,1221840
10164,2024-02-01,CLI-0126,SSD NVMe Kingston 500GB,Almacenamiento,2,61410
10165,2024-02-01,CLI-0038,SSD Samsung 970 EVO 1TB,Almacenamiento,2,114250
10166,2024-02-01,CLI-0295,"Monitor Curvo 32"" QHD",Monitores,3,456940
10167,2024-02-01,CLI-0197,Disco Externo Seagate 4TB,Almacenamiento,1,111820
10168,2024-02-01,CLI-0076,Antivirus ESET 3 PCs,Software,3,39970
10169,2024-02-01,CLI-0055,Parlante UE Boom 3,Audio,1,100850
10170,2024-02-01,CLI-0266,SSD Samsung 970 EVO 1TB,Almacenamiento,1,125680
10171,2024-02-01,CLI-0128,All-in-One HP 24,Desktops,2,842480
10172,2024-02-01,CLI-0238,Adobe Creative Cloud,Software,2,80290
10173,2024-02-01,CLI-0287,Router TP-Link Archer,Redes,1,91880
10174,2024-02-01,CLI-0227,Repetidor WiFi Mesh,Redes,4,85940
10175,2024-02-01,CLI-0259,Parlante UE Boom 3,Audio,4,94380
10176,2024-02-01,CLI-0281,Soundbar LG,Audio,6,141510
10177,2024-02-01,CLI-0244,Soundbar LG,Audio,1,140800
10178,2024-02-01,CLI-0127,Licencia Office 365 Anual,Software,1,92720
10179,2024-02-02,CLI-0267,Disco Externo Seagate 4TB,Almacenamiento,3,113570
10180,2024-02-02,CLI-0141,Soundbar LG,Audio,1,146730
10181,2024-02-02,CLI-0147,Mouse Logitech MX Master 3,Perifericos,1,96200
10182,2024-02-02,CLI-0164,SSD Externo Samsung T7,Almacenamiento,1,94240
10183,2024-02-02,CLI-0078,"Monitor UltraWide 34""",Monitores,1,532450
10184,2024-02-02,CLI-0079,"Monitor Portátil 15""",Monitores,1,196620
10185,2024-02-02,CLI-0209,Soporte Laptop Ergotron,Perifericos,2,68250
10186,2024-02-02,CLI-0213,Notebook Lenovo ThinkPad,Laptops,1,807440
10187,2024-02-02,CLI-0216,AirPods Pro 2,Audio,6,237080
10188,2024-02-05,CLI-0300,Windows 11 Pro,Software,1,118340
10189,2024-02-05,CLI-0295,AirPods Pro 2,Audio,2,260470
10190,2024-02-05,CLI-0181,Hub USB-C Anker,Perifericos,3,55730
10191,2024-02-05,CLI-0215,SSD Externo Samsung T7,Almacenamiento,3,96750
10192,2024-02-05,CLI-0280,Router TP-Link Archer,Redes,6,94500
10193,2024-02-05,CLI-0250,"Monitor UltraWide 34""",Monitores,1,550920
10194,2024-02-05,CLI-0249,Notebook Dell Inspiron,Laptops,1,610760
10195,2024-02-05,CLI-0208,"Monitor LG 27"" 4K",Monitores,5,379130
10196,2024-02-05,CLI-0066,Repetidor WiFi Mesh,Redes,2,83190
10197,2024-02-05,CLI-0202,Access Point Ubiquiti U6,Redes,2,269380
10198,2024-02-05,CLI-0014,Chromebook Acer,Laptops,3,283090
10199,2024-02-05,CLI-0070,SSD Samsung 970 EVO 1TB,Almacenamiento,1,127350
10200,2024-02-05,CLI-0134,AirPods Pro 2,Audio,1,256750
10201,2024-02-05,CLI-0233,Mousepad XL RGB,Perifericos,1,28320
10202,2024-02-05,CLI-0195,Teclado Mecánico Keychron K2,Perifericos,3,152870
10203,2024-02-05,CLI-0216,Teclado Apple Magic,Perifericos,4,103480
10204,2024-02-06,CLI-0241,Notebook Dell Inspiron,Laptops,3,618960
10205,2024-02-06,CLI-0027,Dock Station HP,Perifericos,1,189180
10206,2024-02-06,CLI-0036,Antivirus ESET 3 PCs,Software,1,38920
10207,2024-02-06,CLI-0016,Mouse Logitech MX Master 3,Perifericos,1,96490
10208,2024-02-06,CLI-0011,Repetidor WiFi Mesh,Redes,1,84010
10209,2024-02-06,CLI-0065,SSD NVMe Kingston 500GB,Almacenamiento,3,56530
10210,2024-02-06,CLI-0289,"Monitor Portátil 15""",Monitores,2,216970
10211,2024-02-06,CLI-0132,Auriculares Sony XM5,Audio,1,234500
10212,2024-02-06,CLI-0059,"Monitor LG 27"" 4K",Monitores,10,339580
10213,2024-02-06,CLI-0056,Access Point Ubiquiti U6,Redes,1,264780
10214,2024-02-06,CLI-0160,Switch Cisco 24p,Redes,3,235420
10215,2024-02-06,CLI-0193,Headset Logitech G535,Audio,8,97660
10216,2024-02-06,CLI-0102,Notebook ASUS VivoBook,Laptops,2,484860
10217,2024-02-07,CLI-0125,PC Escritorio Dell OptiPlex,Desktops,3,748180
10218,2024-02-07,CLI-0155,AutoCAD LT 2025,Software,2,557550
10219,2024-02-07,CLI-0062,Switch Cisco 24p,Redes,4,240820
10220,2024-02-07,CLI-0178,SSD Externo Samsung T7,Almacenamiento,2,85270
10221,2024-02-07,CLI-0190,Notebook ASUS VivoBook,Laptops,2,493260
10222,2024-02-07,CLI-0175,Notebook HP 15s,Laptops,5,506920
10223,2024-02-07,CLI-0251,PC Escritorio Dell OptiPlex,Desktops,2,749710
10224,2024-02-07,CLI-0186,Licencia Office 365 Anual,Software,6,92700
10225,2024-02-07,CLI-0236,Workstation HP Z2,Desktops,2,1209530
10226,2024-02-07,CLI-0268,Antivirus ESET 3 PCs,Software,1,37010
10227,2024-02-07,CLI-0276,SSD NVMe Kingston 500GB,Almacenamiento,2,55970
10228,2024-02-08,CLI-0138,Mousepad XL RGB,Perifericos,5,28880
10229,2024-02-08,CLI-0045,Teclado Mecánico Keychron K2,Perifericos,5,159170
10230,2024-02-08,CLI-0125,SSD Samsung 970 EVO 1TB,Almacenamiento,2,112050
10231,2024-02-08,CLI-0195,Soporte Laptop Ergotron,Perifericos,1,73730
10232,2024-02-08,CLI-0167,"Monitor Samsung 24"" FHD",Monitores,2,182530
10233,2024-02-08,CLI-0182,Teclado Apple Magic,Perifericos,1,104870
10234,2024-02-08,CLI-0142,Router Eero Pro 6,Redes,1,311050
10235,2024-02-08,CLI-0098,Chromebook Acer,Laptops,1,317790
10236,2024-02-08,CLI-0209,Disco Externo Seagate 4TB,Almacenamiento,2,102410
10237,2024-02-08,CLI-0124,Windows 11 Pro,Software,2,114840
10238,2024-02-08,CLI-0252,Soundbar LG,Audio,4,141690
10239,2024-02-09,CLI-0048,Webcam Logitech C925e,Perifericos,1,102580
10240,2024-02-09,CLI-0125,Hub USB-C Anker,Perifericos,3,58370
10241,2024-02-09,CLI-0189,SSD NVMe Kingston 500GB,Almacenamiento,2,56960
10242,2024-02-09,CLI-0177,Parlante UE Boom 3,Audio,15,104260
10243,2024-02-09,CLI-0282,Soporte Laptop Ergotron,Perifericos,1,66890
10244,2024-02-09,CLI-0233,Teclado Mecánico Keychron K2,Perifericos,1,145210
10245,2024-02-09,CLI-0119,All-in-One HP 24,Desktops,3,830990
10246,2024-02-09,CLI-0162,All-in-One HP 24,Desktops,3,865760
10247,2024-02-09,CLI-0095,"Monitor Curvo 32"" QHD",Monitores,1,460310
10248,2024-02-09,CLI-0248,Teclado Mecánico Keychron K2,Perifericos,3,140000
10249,2024-02-12,CLI-0269,Router TP-Link Archer,Redes,1,96000
10250,2024-02-12,CLI-0052,"Monitor Curvo 32"" QHD",Monitores,1,467400
10251,2024-02-12,CLI-0185,"Monitor Samsung 24"" FHD",Monitores,1,161910
10252,2024-02-12,CLI-0274,Mini PC ASUS PN50,Desktops,1,422700
10253,2024-02-12,CLI-0028,Router Eero Pro 6,Redes,1,286220
10254,2024-02-12,CLI-0065,Licencia Office 365 Anual,Software,5,97390
10255,2024-02-12,CLI-0252,PC Escritorio Dell OptiPlex,Desktops,5,698830
10256,2024-02-12,CLI-0294,Webcam Logitech C925e,Perifericos,2,105060
10257,2024-02-12,CLI-0226,Soporte Laptop Ergotron,Perifericos,1,71880
10258,2024-02-12,CLI-0027,Teclado Apple Magic,Perifericos,8,101650
10259,2024-02-12,CLI-0245,All-in-One HP 24,Desktops,4,758340
10260,2024-02-13,CLI-0206,Disco Externo Seagate 4TB,Almacenamiento,1,111920
10261,2024-02-13,CLI-0028,Workstation HP Z2,Desktops,1,1348250
10262,2024-02-13,CLI-0289,Hub USB-C Anker,Perifericos,1,56580
10263,2024-02-13,CLI-0128,All-in-One HP 24,Desktops,2,860670
10264,2024-02-13,CLI-0214,Router TP-Link Archer,Redes,2,85350
10265,2024-02-13,CLI-0116,Pendrive Kingston 256GB,Almacenamiento,1,25150
10266,2024-02-13,CLI-0227,Hub USB-C Anker,Perifericos,5,54420
10267,2024-02-13,CLI-0220,Hub USB-C Anker,Perifericos,2,55040
10268,2024-02-13,CLI-0031,Repetidor WiFi Mesh,Redes,10,75490
10269,2024-02-13,CLI-0051,"Monitor Portátil 15""",Monitores,3,189220
10270,2024-02-13,CLI-0136,Adobe Creative Cloud,Software,1,77540
10271,2024-02-13,CLI-0123,"Monitor Samsung 24"" FHD",Monitores,2,165500
10272,2024-02-13,CLI-0081,Notebook HP 15s,Laptops,2,526500
10273,2024-02-13,CLI-0241,Webcam Logitech C925e,Perifericos,1,102270
10274,2024-02-13,CLI-0148,Webcam Logitech C925e,Perifericos,3,102650
10275,2024-02-13,CLI-0233,Notebook ASUS VivoBook,Laptops,3,465680
10276,2024-02-13,CLI-0136,Licencia Office 365 Anual,Software,2,89120
10277,2024-02-14,CLI-0102,Parlante UE Boom 3,Audio,1,97550
10278,2024-02-14,CLI-0116,Antivirus ESET 3 PCs,Software,1,37210
10279,2024-02-14,CLI-0137,Workstation HP Z2,Desktops,1,1289430
10280,2024-02-14,CLI-0085,Hub USB-C Anker,Perifericos,2,55040
10281,2024-02-14,CLI-0292,Webcam Logitech C925e,Perifericos,2,96080
10282,2024-02-14,CLI-0240,Windows 11 Pro,Software,1,121990
10283,2024-02-14,CLI-0207,Teclado Mecánico Keychron K2,Perifericos,2,152330
10284,2024-02-15,CLI-0253,Soundbar LG,Audio,1,154420
10285,2024-02-15,CLI-0021,Parlante UE Boom 3,Audio,3,97530
10286,2024-02-15,CLI-0129,Notebook Dell Inspiron,Laptops,1,651750
10287,2024-02-15,CLI-0295,Access Point Ubiquiti U6,Redes,8,253220
10288,2024-02-15,CLI-0138,Switch Cisco 24p,Redes,1,248480
10289,2024-02-15,CLI-0090,SSD NVMe Kingston 500GB,Almacenamiento,2,61510
10290,2024-02-15,CLI-0227,Teclado Mecánico Keychron K2,Perifericos,1,147380
10291,2024-02-15,CLI-0300,Parlante UE Boom 3,Audio,3,100690
10292,2024-02-15,CLI-0252,Chromebook Acer,Laptops,2,312910
10293,2024-02-15,CLI-0210,Soporte Laptop Ergotron,Perifericos,1,74690
10294,2024-02-15,CLI-0054,"Monitor LG 27"" 4K",Monitores,1,375440
10295,2024-02-15,CLI-0254,Webcam Logitech C925e,Perifericos,3,100550
10296,2024-02-16,CLI-0206,Router Eero Pro 6,Redes,1,292540
10297,2024-02-16,CLI-0046,Mousepad XL RGB,Perifericos,1,31770
10298,2024-02-16,CLI-0060,Headset Logitech G535,Audio,5,90360
10299,2024-02-16,CLI-0001,Adobe Creative Cloud,Software,5,75450
10300,2024-02-16,CLI-0237,Micrófono Blue Yeti X,Audio,1,177870
10301,2024-02-16,CLI-0266,Auriculares Sony XM5,Audio,3,233190
10302,2024-02-16,CLI-0256,Licencia Office 365 Anual,Software,2,84010
10303,2024-02-16,CLI-0027,"Monitor Portátil 15""",Monitores,1,193930
10304,2024-02-16,CLI-0068,Webcam Logitech C925e,Perifericos,2,97820
10305,2024-02-16,CLI-0249,All-in-One HP 24,Desktops,1,761920
10306,2024-02-19,CLI-0123,"Monitor LG 27"" 4K",Monitores,1,324430
10307,2024-02-19,CLI-0008,Router Eero Pro 6,Redes,2,317270
10308,2024-02-19,CLI-0116,All-in-One HP 24,Desktops,2,849860
10309,2024-02-19,CLI-0061,Antivirus ESET 3 PCs,Software,4,39370
10310,2024-02-19,CLI-0256,Webcam Logitech C925e,Perifericos,2,94920
10311,2024-02-19,CLI-0140,Micrófono Blue Yeti X,Audio,4,194020
10312,2024-02-19,CLI-0242,Mouse Logitech MX Master 3,Perifericos,2,84940
10313,2024-02-19,CLI-0075,AirPods Pro 2,Audio,1,245810
10314,2024-02-20,CLI-0261,Mini PC ASUS PN50,Desktops,5,465820
10315,2024-02-20,CLI-0142,Micrófono Blue Yeti X,Audio,1,197220
10316,2024-02-20,CLI-0260,Teclado Mecánico Keychron K2,Perifericos,4,148030
10317,2024-02-20,CLI-0145,Hub USB-C Anker,Perifericos,4,56510
10318,2024-02-20,CLI-0297,Adobe Creative Cloud,Software,2,74100
10319,2024-02-20,CLI-0077,Soundbar LG,Audio,2,143720
10320,2024-02-20,CLI-0177,Soporte Laptop Ergotron,Perifericos,2,70620
10321,2024-02-20,CLI-0279,AirPods Pro 2,Audio,2,237720
10322,2024-02-20,CLI-0165,"Monitor Curvo 32"" QHD",Monitores,12,428070
10323,2024-02-20,CLI-0123,Switch Cisco 24p,Redes,1,264760
10324,2024-02-20,CLI-0211,MacBook Air M2,Laptops,1,1300370
10325,2024-02-20,CLI-0243,AirPods Pro 2,Audio,1,253490
10326,2024-02-20,CLI-0078,Disco Externo Seagate 4TB,Almacenamiento,10,116540
10327,2024-02-21,CLI-0065,NAS Synology DS220+,Almacenamiento,10,449980
10328,2024-02-21,CLI-0170,PC Escritorio Dell OptiPlex,Desktops,5,732230
10329,2024-02-21,CLI-0226,PC Escritorio Dell OptiPlex,Desktops,2,696040
10330,2024-02-21,CLI-0234,Notebook HP 15s,Laptops,3,530030
10331,2024-02-21,CLI-0210,Antivirus ESET 3 PCs,Software,10,37940
10332,2024-02-21,CLI-0039,SSD NVMe Kingston 500GB,Almacenamiento,4,57210
10333,2024-02-21,CLI-0136,Soporte Laptop Ergotron,Perifericos,3,74920
10334,2024-02-21,CLI-0204,Antivirus ESET 3 PCs,Software,1,37260
10335,2024-02-21,CLI-0169,AutoCAD LT 2025,Software,5,577220
10336,2024-02-22,CLI-0195,Mousepad XL RGB,Perifericos,3,30560
10337,2024-02-22,CLI-0250,SSD Externo Samsung T7,Almacenamiento,1,90340
10338,2024-02-22,CLI-0036,Mouse Logitech MX Master 3,Perifericos,3,84420
10339,2024-02-22,CLI-0148,"Monitor UltraWide 34""",Monitores,3,530070
10340,2024-02-22,CLI-0223,PC Escritorio Dell OptiPlex,Desktops,4,742160
10341,2024-02-22,CLI-0052,Soundbar LG,Audio,1,154060
10342,2024-02-22,CLI-0154,Notebook Dell Inspiron,Laptops,1,637960
10343,2024-02-22,CLI-0029,Webcam Logitech C925e,Perifericos,1,103230
10344,2024-02-23,CLI-0221,Workstation HP Z2,Desktops,1,1278610
10345,2024-02-23,CLI-0211,Switch Cisco 24p,Redes,3,252830
10346,2024-02-23,CLI-0093,"Monitor LG 27"" 4K",Monitores,1,342650
10347,2024-02-23,CLI-0196,Repetidor WiFi Mesh,Redes,3,84820
10348,2024-02-23,CLI-0255,Access Point Ubiquiti U6,Redes,1,250540
10349,2024-02-23,CLI-0237,Licencia Office 365 Anual,Software,1,94330
10350,2024-02-23,CLI-0131,Adobe Creative Cloud,Software,1,84920
10351,2024-02-23,CLI-0239,Webcam Logitech C925e,Perifericos,3,100570
10352,2024-02-23,CLI-0081,Notebook ASUS VivoBook,Laptops,2,503290
10353,2024-02-23,CLI-0177,Access Point Ubiquiti U6,Redes,1,254740
10354,2024-02-23,CLI-0218,Windows 11 Pro,Software,1,127350
10355,2024-02-23,CLI-0155,"Monitor Curvo 32"" QHD",Monitores,15,440710
10356,2024-02-23,CLI-0248,PC Escritorio Dell OptiPlex,Desktops,1,703360
10357,2024-02-26,CLI-0293,Dock Station HP,Perifericos,2,187840
10358,2024-02-26,CLI-0152,Notebook Dell Inspiron,Laptops,10,664700
10359,2024-02-26,CLI-0203,Teclado Mecánico Keychron K2,Perifericos,1,153900
10360,2024-02-26,CLI-0026,Router TP-Link Archer,Redes,3,85770
10361,2024-02-26,CLI-0147,"Monitor UltraWide 34""",Monitores,2,538490
10362,2024-02-26,CLI-0181,"Monitor UltraWide 34""",Monitores,3,525470
10363,2024-02-26,CLI-0129,AutoCAD LT 2025,Software,3,557150
10364,2024-02-26,CLI-0071,Licencia Office 365 Anual,Software,1,96630
10365,2024-02-26,CLI-0021,Hub USB-C Anker,Perifericos,4,54810
10366,2024-02-26,CLI-0018,Access Point Ubiquiti U6,Redes,1,243500
10367,2024-02-27,CLI-0068,Chromebook Acer,Laptops,6,290780
10368,2024-02-27,CLI-0168,Micrófono Blue Yeti X,Audio,1,197140
10369,2024-02-27,CLI-0068,SSD Externo Samsung T7,Almacenamiento,5,92380
10370,2024-02-27,CLI-0188,Pendrive Kingston 256GB,Almacenamiento,2,27050
10371,2024-02-27,CLI-0140,"Monitor LG 27"" 4K",Monitores,1,358510
10372,2024-02-27,CLI-0247,Webcam Logitech C925e,Perifericos,3,100130
10373,2024-02-27,CLI-0174,All-in-One HP 24,Desktops,2,837620
10374,2024-02-27,CLI-0039,Workstation HP Z2,Desktops,3,1390800
10375,2024-02-27,CLI-0116,AutoCAD LT 2025,Software,3,624280
10376,2024-02-27,CLI-0204,Router Eero Pro 6,Redes,1,323830
10377,2024-02-27,CLI-0203,Notebook HP 15s,Laptops,1,556670
10378,2024-02-28,CLI-0064,SSD Samsung 970 EVO 1TB,Almacenamiento,1,125070
10379,2024-02-28,CLI-0135,Access Point Ubiquiti U6,Redes,1,248830
10380,2024-02-28,CLI-0191,PC Escritorio Dell OptiPlex,Desktops,3,709470
10381,2024-02-28,CLI-0242,Notebook Dell Inspiron,Laptops,2,638450
10382,2024-02-28,CLI-0288,Mousepad XL RGB,Perifericos,6,32410
10383,2024-02-28,CLI-0114,Antivirus ESET 3 PCs,Software,1,43310
10384,2024-02-28,CLI-0238,Windows 11 Pro,Software,1,116500
10385,2024-02-28,CLI-0210,All-in-One HP 24,Desktops,1,834060
10386,2024-02-28,CLI-0020,Hub USB-C Anker,Perifericos,15,57480
10387,2024-02-28,CLI-0060,PC Escritorio Dell OptiPlex,Desktops,1,686210
10388,2024-02-28,CLI-0276,Mini PC ASUS PN50,Desktops,1,425020
10389,2024-02-28,CLI-0190,Adobe Creative Cloud,Software,8,74490
10390,2024-02-28,CLI-0277,Micrófono Blue Yeti X,Audio,2,199410
10391,2024-02-28,CLI-0080,Micrófono Blue Yeti X,Audio,3,190630
10392,2024-02-29,CLI-0251,Repetidor WiFi Mesh,Redes,2,81100
10393,2024-02-29,CLI-0144,MacBook Air M2,Laptops,3,1264270
10394,2024-02-29,CLI-0112,Soundbar LG,Audio,2,160980
10395,2024-02-29,CLI-0121,Auriculares Sony XM5,Audio,1,232500
10396,2024-02-29,CLI-0189,SSD Externo Samsung T7,Almacenamiento,6,83740
10397,2024-02-29,CLI-0184,Notebook Lenovo ThinkPad,Laptops,1,836840
10398,2024-02-29,CLI-0098,All-in-One HP 24,Desktops,8,745940
10399,2024-02-29,CLI-0233,Chromebook Acer,Laptops,3,282640
10400,2024-02-29,CLI-0011,Notebook Lenovo ThinkPad,Laptops,4,878200
10401,2024-02-29,CLI-0125,Mini PC ASUS PN50,Desktops,4,467670
10402,2024-02-29,CLI-0106,Notebook ASUS VivoBook,Laptops,4,493030
10403,2024-02-29,CLI-0284,"Monitor Portátil 15""",Monitores,2,212740
10404,2024-02-29,CLI-0120,Soporte Laptop Ergotron,Perifericos,4,73030
10405,2024-03-01,CLI-0002,Teclado Mecánico Keychron K2,Perifericos,5,145060
10406,2024-03-01,CLI-0075,Mini PC ASUS PN50,Desktops,2,463350
10407,2024-03-01,CLI-0090,All-in-One HP 24,Desktops,3,854290
10408,2024-03-01,CLI-0014,Mini PC ASUS PN50,Desktops,1,418460
10409,2024-03-01,CLI-0122,Access Point Ubiquiti U6,Redes,1,253080
10410,2024-03-01,CLI-0090,Teclado Apple Magic,Perifericos,1,103850
10411,2024-03-01,CLI-0216,Pendrive Kingston 256GB,Almacenamiento,1,23340
10412,2024-03-01,CLI-0033,SSD NVMe Kingston 500GB,Almacenamiento,2,59630
10413,2024-03-01,CLI-0186,NAS Synology DS220+,Almacenamiento,2,515480
10414,2024-03-01,CLI-0232,NAS Synology DS220+,Almacenamiento,1,498100
10415,2024-03-01,CLI-0023,Adobe Creative Cloud,Software,2,77400
10416,2024-03-01,CLI-0235,Antivirus ESET 3 PCs,Software,10,42670
10417,2024-03-01,CLI-0032,SSD NVMe Kingston 500GB,Almacenamiento,5,59120
10418,2024-03-01,CLI-0219,AutoCAD LT 2025,Software,1,640250
10419,2024-03-01,CLI-0228,Notebook ASUS VivoBook,Laptops,6,459420
10420,2024-03-04,CLI-0165,Router TP-Link Archer,Redes,1,87620
10421,2024-03-04,CLI-0065,Teclado Mecánico Keychron K2,Perifericos,3,160860
10422,2024-03-04,CLI-0300,Router Eero Pro 6,Redes,3,287840
10423,2024-03-04,CLI-0196,Router TP-Link Archer,Redes,2,84850
10424,2024-03-04,CLI-0233,NAS Synology DS220+,Almacenamiento,2,472530
10425,2024-03-04,CLI-0051,Windows 11 Pro,Software,1,125410
10426,2024-03-04,CLI-0283,"Monitor Portátil 15""",Monitores,2,211930
10427,2024-03-04,CLI-0117,Micrófono Blue Yeti X,Audio,1,207200
10428,2024-03-04,CLI-0233,Headset Logitech G535,Audio,2,87930
10429,2024-03-04,CLI-0049,Mousepad XL RGB,Perifericos,2,29840
10430,2024-03-04,CLI-0131,Auriculares Sony XM5,Audio,8,209280
10431,2024-03-04,CLI-0243,Notebook ASUS VivoBook,Laptops,1,480380
10432,2024-03-05,CLI-0044,Chromebook Acer,Laptops,2,323120
10433,2024-03-05,CLI-0191,Mini PC ASUS PN50,Desktops,2,454270
10434,2024-03-05,CLI-0288,Router Eero Pro 6,Redes,1,285260
10435,2024-03-05,CLI-0063,Micrófono Blue Yeti X,Audio,1,187760
10436,2024-03-05,CLI-0217,Notebook Lenovo ThinkPad,Laptops,10,799040
10437,2024-03-05,CLI-0160,Dock Station HP,Perifericos,1,182740
10438,2024-03-05,CLI-0260,"Monitor Portátil 15""",Monitores,1,186400
10439,2024-03-05,CLI-0247,"Monitor UltraWide 34""",Monitores,5,551340
10440,2024-03-05,CLI-0180,Router Eero Pro 6,Redes,1,309510
10441,2024-03-05,CLI-0143,Switch Cisco 24p,Redes,1,246160
10442,2024-03-05,CLI-0220,Router Eero Pro 6,Redes,10,299130
10443,2024-03-05,CLI-0286,Notebook Dell Inspiron,Laptops,2,672200
10444,2024-03-06,CLI-0137,Notebook Dell Inspiron,Laptops,1,604600
10445,2024-03-06,CLI-0159,Soporte Laptop Ergotron,Perifericos,1,75180
10446,2024-03-06,CLI-0093,Workstation HP Z2,Desktops,2,1257340
10447,2024-03-06,CLI-0206,Notebook ASUS VivoBook,Laptops,1,461420
10448,2024-03-06,CLI-0016,Chromebook Acer,Laptops,3,322820
10449,2024-03-06,CLI-0111,AirPods Pro 2,Audio,2,253680
10450,2024-03-06,CLI-0175,"Monitor LG 27"" 4K",Monitores,1,367200
10451,2024-03-06,CLI-0167,Switch Cisco 24p,Redes,2,256160
10452,2024-03-06,CLI-0027,Workstation HP Z2,Desktops,1,1345220
10453,2024-03-06,CLI-0026,AutoCAD LT 2025,Software,1,586540
10454,2024-03-06,CLI-0227,Adobe Creative Cloud,Software,2,77450
10455,2024-03-06,CLI-0227,Micrófono Blue Yeti X,Audio,1,186440
10456,2024-03-06,CLI-0263,All-in-One HP 24,Desktops,1,763450
10457,2024-03-06,CLI-0057,Webcam Logitech C925e,Perifericos,3,107040
10458,2024-03-07,CLI-0250,Pendrive Kingston 256GB,Almacenamiento,3,26420
10459,2024-03-07,CLI-0024,"Monitor UltraWide 34""",Monitores,1,580720
10460,2024-03-07,CLI-0029,Notebook HP 15s,Laptops,1,530010
10461,2024-03-07,CLI-0109,Mini PC ASUS PN50,Desktops,4,452760
10462,2024-03-07,CLI-0149,Mousepad XL RGB,Perifericos,1,32690
10463,2024-03-07,CLI-0255,Parlante UE Boom 3,Audio,1,103810
10464,2024-03-07,CLI-0195,SSD Externo Samsung T7,Almacenamiento,3,95470
10465,2024-03-07,CLI-0257,Router Eero Pro 6,Redes,4,322510
10466,2024-03-07,CLI-0182,Notebook ASUS VivoBook,Laptops,1,496530
10467,2024-03-08,CLI-0022,Parlante UE Boom 3,Audio,1,94560
10468,2024-03-08,CLI-0040,Mousepad XL RGB,Perifericos,2,31030
10469,2024-03-08,CLI-0294,Headset Logitech G535,Audio,3,97510
10470,2024-03-08,CLI-0214,Webcam Logitech C925e,Perifericos,1,101200
10471,2024-03-08,CLI-0011,Mousepad XL RGB,Perifericos,1,29970
10472,2024-03-08,CLI-0236,Windows 11 Pro,Software,6,112190
10473,2024-03-08,CLI-0046,Parlante UE Boom 3,Audio,5,108420
10474,2024-03-08,CLI-0125,Parlante UE Boom 3,Audio,2,94580
10475,2024-03-11,CLI-0269,Chromebook Acer,Laptops,1,303770
10476,2024-03-11,CLI-0159,Soporte Laptop Ergotron,Perifericos,1,68570
10477,2024-03-11,CLI-0087,Notebook ASUS VivoBook,Laptops,2,440590
10478,2024-03-11,CLI-0059,Pendrive Kingston 256GB,Almacenamiento,2,23670
10479,2024-03-11,CLI-0179,Dock Station HP,Perifericos,3,188340
10480,2024-03-12,CLI-0076,Mouse Logitech MX Master 3,Perifericos,1,86630
10481,2024-03-12,CLI-0132,"Monitor Curvo 32"" QHD",Monitores,1,440100
10482,2024-03-12,CLI-0079,Antivirus ESET 3 PCs,Software,1,39710
10483,2024-03-12,CLI-0253,SSD Samsung 970 EVO 1TB,Almacenamiento,3,119570
10484,2024-03-12,CLI-0297,Soundbar LG,Audio,3,139410
10485,2024-03-13,CLI-0290,Antivirus ESET 3 PCs,Software,3,37170
10486,2024-03-13,CLI-0166,Licencia Office 365 Anual,Software,1,91010
10487,2024-03-13,CLI-0226,Notebook ASUS VivoBook,Laptops,2,473890
10488,2024-03-13,CLI-0156,Teclado Mecánico Keychron K2,Perifericos,2,147440
10489,2024-03-13,CLI-0181,NAS Synology DS220+,Almacenamiento,1,479460
10490,2024-03-13,CLI-0237,Soundbar LG,Audio,1,158290
10491,2024-03-13,CLI-0189,Webcam Logitech C925e,Perifericos,1,106500
10492,2024-03-14,CLI-0047,Repetidor WiFi Mesh,Redes,2,77460
10493,2024-03-14,CLI-0197,SSD Samsung 970 EVO 1TB,Almacenamiento,2,120800
10494,2024-03-14,CLI-0022,Soundbar LG,Audio,6,155930
10495,2024-03-14,CLI-0293,Antivirus ESET 3 PCs,Software,1,38630
10496,2024-03-14,CLI-0244,NAS Synology DS220+,Almacenamiento,1,471660
10497,2024-03-14,CLI-0032,Soundbar LG,Audio,1,161920
10498,2024-03-14,CLI-0176,Chromebook Acer,Laptops,2,281110
10499,2024-03-14,CLI-0089,MacBook Air M2,Laptops,1,1204380
10500,2024-03-14,CLI-0225,Soundbar LG,Audio,2,156620
10501,2024-03-15,CLI-0082,Auriculares Sony XM5,Audio,1,209330
10502,2024-03-15,CLI-0145,AirPods Pro 2,Audio,2,269410
10503,2024-03-15,CLI-0174,AutoCAD LT 2025,Software,2,558410
10504,2024-03-15,CLI-0172,Notebook ASUS VivoBook,Laptops,1,451020
10505,2024-03-15,CLI-0286,AutoCAD LT 2025,Software,1,560540
10506,2024-03-15,CLI-0130,Adobe Creative Cloud,Software,10,75760
10507,2024-03-15,CLI-0077,Soporte Laptop Ergotron,Perifericos,1,72050
10508,2024-03-18,CLI-0073,Dock Station HP,Perifericos,1,194660
10509,2024-03-18,CLI-0201,Mini PC ASUS PN50,Desktops,2,479900
10510,2024-03-18,CLI-0044,Hub USB-C Anker,Perifericos,2,51140
10511,2024-03-18,CLI-0169,Mini PC ASUS PN50,Desktops,3,480190
10512,2024-03-18,CLI-0270,Chromebook Acer,Laptops,3,308760
10513,2024-03-18,CLI-0217,NAS Synology DS220+,Almacenamiento,1,458630
10514,2024-03-18,CLI-0186,Hub USB-C Anker,Perifericos,1,57970
10515,2024-03-18,CLI-0110,Soporte Laptop Ergotron,Perifericos,8,74710
10516,2024-03-18,CLI-0249,"Monitor Curvo 32"" QHD",Monitores,1,436620
10517,2024-03-19,CLI-0071,Workstation HP Z2,Desktops,1,1334720
10518,2024-03-19,CLI-0052,NAS Synology DS220+,Almacenamiento,4,522380
10519,2024-03-19,CLI-0270,MacBook Air M2,Laptops,3,1185140
10520,2024-03-19,CLI-0068,Router TP-Link Archer,Redes,1,95440
10521,2024-03-19,CLI-0084,"Monitor Samsung 24"" FHD",Monitores,4,166700
10522,2024-03-19,CLI-0085,Soundbar LG,Audio,1,158740
10523,2024-03-19,CLI-0187,AutoCAD LT 2025,Software,3,615760
10524,2024-03-19,CLI-0228,Repetidor WiFi Mesh,Redes,1,77120
10525,2024-03-19,CLI-0230,"Monitor UltraWide 34""",Monitores,2,547850
10526,2024-03-19,CLI-0159,SSD NVMe Kingston 500GB,Almacenamiento,6,58820
10527,2024-03-19,CLI-0100,Auriculares Sony XM5,Audio,3,207190
10528,2024-03-19,CLI-0293,Soundbar LG,Audio,2,140090
10529,2024-03-19,CLI-0145,AirPods Pro 2,Audio,2,246290
10530,2024-03-19,CLI-0215,"Monitor LG 27"" 4K",Monitores,4,326290
10531,2024-03-19,CLI-0071,Teclado Apple Magic,Perifericos,1,95580
10532,2024-03-19,CLI-0247,Auriculares Sony XM5,Audio,2,230200
10533,2024-03-19,CLI-0053,Pendrive Kingston 256GB,Almacenamiento,5,26080
10534,2024-03-20,CLI-0146,Chromebook Acer,Laptops,4,321900
10535,2024-03-20,CLI-0140,Soundbar LG,Audio,6,153760
10536,2024-03-20,CLI-0076,Parlante UE Boom 3,Audio,1,94950
10537,2024-03-20,CLI-0114,Soundbar LG,Audio,5,142850
10538,2024-03-20,CLI-0014,Micrófono Blue Yeti X,Audio,1,197820
10539,2024-03-20,CLI-0258,Auriculares Sony XM5,Audio,1,210560
10540,2024-03-20,CLI-0042,Auriculares Sony XM5,Audio,1,222450
10541,2024-03-20,CLI-0164,PC Escritorio Dell OptiPlex,Desktops,4,762620
10542,2024-03-20,CLI-0172,Workstation HP Z2,Desktops,1,1208790
10543,2024-03-20,CLI-0147,SSD NVMe Kingston 500GB,Almacenamiento,3,55900
10544,2024-03-20,CLI-0072,SSD NVMe Kingston 500GB,Almacenamiento,2,65370
10545,2024-03-20,CLI-0003,Chromebook Acer,Laptops,1,307090
10546,2024-03-20,CLI-0111,Workstation HP Z2,Desktops,2,1234610
10547,2024-03-20,CLI-0271,Parlante UE Boom 3,Audio,1,107410
10548,2024-03-21,CLI-0148,Mouse Logitech MX Master 3,Perifericos,1,92660
10549,2024-03-21,CLI-0025,Mouse Logitech MX Master 3,Perifericos,2,87590
10550,2024-03-21,CLI-0235,Notebook ASUS VivoBook,Laptops,1,440550
10551,2024-03-21,CLI-0256,Router TP-Link Archer,Redes,2,92270
10552,2024-03-21,CLI-0264,Switch Cisco 24p,Redes,1,244200
10553,2024-03-21,CLI-0074,Webcam Logitech C925e,Perifericos,2,103630
10554,2024-03-21,CLI-0181,Mouse Logitech MX Master 3,Perifericos,2,95780
10555,2024-03-21,CLI-0096,Adobe Creative Cloud,Software,3,74560
10556,2024-03-21,CLI-0269,Auriculares Sony XM5,Audio,1,225590
10557,2024-03-21,CLI-0270,SSD Externo Samsung T7,Almacenamiento,2,86980
10558,2024-03-21,CLI-0260,Router Eero Pro 6,Redes,1,321120
10559,2024-03-21,CLI-0241,MacBook Air M2,Laptops,3,1164220
10560,2024-03-21,CLI-0192,Teclado Apple Magic,Perifericos,3,102780
10561,2024-03-21,CLI-0183,Notebook ASUS VivoBook,Laptops,1,478760
10562,2024-03-21,CLI-0054,Access Point Ubiquiti U6,Redes,3,248300
10563,2024-03-21,CLI-0171,Mini PC ASUS PN50,Desktops,1,467410
10564,2024-03-22,CLI-0280,Soporte Laptop Ergotron,Perifericos,4,73610
10565,2024-03-22,CLI-0090,AutoCAD LT 2025,Software,2,652860
10566,2024-03-22,CLI-0246,Licencia Office 365 Anual,Software,1,89720
10567,2024-03-22,CLI-0070,Notebook ASUS VivoBook,Laptops,3,475800
10568,2024-03-22,CLI-0235,MacBook Air M2,Laptops,1,1117450
10569,2024-03-22,CLI-0023,"Monitor Curvo 32"" QHD",Monitores,5,476020
10570,2024-03-22,CLI-0162,Hub USB-C Anker,Perifericos,2,55720
10571,2024-03-22,CLI-0279,SSD NVMe Kingston 500GB,Almacenamiento,1,59700
10572,2024-03-22,CLI-0098,Webcam Logitech C925e,Perifericos,1,94430
10573,2024-03-22,CLI-0025,Antivirus ESET 3 PCs,Software,1,42910
10574,2024-03-22,CLI-0064,Auriculares Sony XM5,Audio,2,218460
10575,2024-03-22,CLI-0205,Soundbar LG,Audio,6,155920
10576,2024-03-22,CLI-0198,Soporte Laptop Ergotron,Perifericos,10,66720
10577,2024-03-22,CLI-0255,Windows 11 Pro,Software,2,130140
10578,2024-03-25,CLI-0266,Teclado Mecánico Keychron K2,Perifericos,4,160190
10579,2024-03-25,CLI-0218,Chromebook Acer,Laptops,2,322990
10580,2024-03-25,CLI-0093,SSD Externo Samsung T7,Almacenamiento,1,86700
10581,2024-03-25,CLI-0053,Chromebook Acer,Laptops,1,301530
10582,2024-03-25,CLI-0152,Hub USB-C Anker,Perifericos,2,57610
10583,2024-03-25,CLI-0219,"Monitor LG 27"" 4K",Monitores,3,374890
10584,2024-03-25,CLI-0180,Soundbar LG,Audio,1,148560
10585,2024-03-25,CLI-0181,Repetidor WiFi Mesh,Redes,15,81010
10586,2024-03-26,CLI-0141,Licencia Office 365 Anual,Software,12,95000
10587,2024-03-26,CLI-0030,Notebook ASUS VivoBook,Laptops,3,480000
10588,2024-03-26,CLI-0208,Auriculares Sony XM5,Audio,2,208130
10589,2024-03-26,CLI-0082,Notebook Dell Inspiron,Laptops,1,666660
10590,2024-03-26,CLI-0225,MacBook Air M2,Laptops,1,1282880
10591,2024-03-26,CLI-0121,Antivirus ESET 3 PCs,Software,1,42320
10592,2024-03-26,CLI-0197,Switch Cisco 24p,Redes,1,236320
10593,2024-03-26,CLI-0079,AutoCAD LT 2025,Software,2,577330
10594,2024-03-26,CLI-0190,Auriculares Sony XM5,Audio,2,230850
10595,2024-03-26,CLI-0040,Switch Cisco 24p,Redes,1,233230
10596,2024-03-26,CLI-0188,Headset Logitech G535,Audio,1,97860
10597,2024-03-26,CLI-0143,Mouse Logitech MX Master 3,Perifericos,10,89100
10598,2024-03-26,CLI-0014,"Monitor Samsung 24"" FHD",Monitores,2,177710
10599,2024-03-26,CLI-0199,Router Eero Pro 6,Redes,1,321780
10600,2024-03-27,CLI-0134,Soundbar LG,Audio,1,154130
10601,2024-03-27,CLI-0147,Windows 11 Pro,Software,6,122760
10602,2024-03-27,CLI-0252,"Monitor Curvo 32"" QHD",Monitores,1,447880
10603,2024-03-27,CLI-0038,Soundbar LG,Audio,1,153960
10604,2024-03-27,CLI-0228,Chromebook Acer,Laptops,4,324100
10605,2024-03-27,CLI-0164,Adobe Creative Cloud,Software,1,80370
10606,2024-03-27,CLI-0034,Router Eero Pro 6,Redes,2,288290
10607,2024-03-27,CLI-0154,"Monitor LG 27"" 4K",Monitores,3,346540
10608,2024-03-27,CLI-0090,Auriculares Sony XM5,Audio,2,218430
10609,2024-03-27,CLI-0063,"Monitor Curvo 32"" QHD",Monitores,4,427660
10610,2024-03-28,CLI-0122,Disco Externo Seagate 4TB,Almacenamiento,1,115600
10611,2024-03-28,CLI-0284,Switch Cisco 24p,Redes,1,267880
10612,2024-03-28,CLI-0283,Mini PC ASUS PN50,Desktops,2,438350
10613,2024-03-28,CLI-0045,Notebook ASUS VivoBook,Laptops,1,452060
10614,2024-03-28,CLI-0246,Pendrive Kingston 256GB,Almacenamiento,2,23970
10615,2024-03-28,CLI-0210,Switch Cisco 24p,Redes,1,253380
10616,2024-03-28,CLI-0163,Antivirus ESET 3 PCs,Software,1,40190
10617,2024-03-28,CLI-0239,AutoCAD LT 2025,Software,2,582670
10618,2024-03-28,CLI-0066,Router Eero Pro 6,Redes,3,280940
10619,2024-03-29,CLI-0094,Mini PC ASUS PN50,Desktops,2,426180
10620,2024-03-29,CLI-0029,All-in-One HP 24,Desktops,2,775990
10621,2024-03-29,CLI-0156,"Monitor LG 27"" 4K",Monitores,1,341880
10622,2024-03-29,CLI-0116,Dock Station HP,Perifericos,8,200020
10623,2024-03-29,CLI-0266,Webcam Logitech C925e,Perifericos,5,107080
10624,2024-03-29,CLI-0129,"Monitor Curvo 32"" QHD",Monitores,3,483700
10625,2024-03-29,CLI-0283,Teclado Mecánico Keychron K2,Perifericos,1,163240
10626,2024-03-29,CLI-0156,Repetidor WiFi Mesh,Redes,2,87030
10627,2024-03-29,CLI-0258,Antivirus ESET 3 PCs,Software,1,43320
10628,2024-03-29,CLI-0298,Workstation HP Z2,Desktops,1,1223040
10629,2024-03-29,CLI-0173,Switch Cisco 24p,Redes,1,237860
10630,2024-03-29,CLI-0015,Chromebook Acer,Laptops,1,293510
10631,2024-03-29,CLI-0296,Teclado Apple Magic,Perifericos,3,101840
10632,2024-04-01,CLI-0293,Micrófono Blue Yeti X,Audio,2,182510
10633,2024-04-01,CLI-0016,Disco Externo Seagate 4TB,Almacenamiento,5,107230
10634,2024-04-01,CLI-0280,Webcam Logitech C925e,Perifericos,3,95970
10635,2024-04-01,CLI-0155,SSD NVMe Kingston 500GB,Almacenamiento,1,64320
10636,2024-04-01,CLI-0208,Hub USB-C Anker,Perifericos,2,56570
10637,2024-04-01,CLI-0031,"Monitor LG 27"" 4K",Monitores,2,368600
10638,2024-04-01,CLI-0248,SSD Samsung 970 EVO 1TB,Almacenamiento,1,117820
10639,2024-04-01,CLI-0074,Mousepad XL RGB,Perifericos,5,29810
10640,2024-04-01,CLI-0164,Dock Station HP,Perifericos,10,189900
10641,2024-04-01,CLI-0067,Auriculares Sony XM5,Audio,2,232580
10642,2024-04-01,CLI-0055,Mousepad XL RGB,Perifericos,1,31770
10643,2024-04-01,CLI-0063,Teclado Mecánico Keychron K2,Perifericos,2,145100
10644,2024-04-01,CLI-0073,PC Escritorio Dell OptiPlex,Desktops,1,760680
10645,2024-04-02,CLI-0197,Repetidor WiFi Mesh,Redes,2,85690
10646,2024-04-02,CLI-0082,Mousepad XL RGB,Perifericos,8,28880
10647,2024-04-02,CLI-0161,"Monitor Curvo 32"" QHD",Monitores,4,450420
10648,2024-04-02,CLI-0256,NAS Synology DS220+,Almacenamiento,2,483280
10649,2024-04-02,CLI-0158,Disco Externo Seagate 4TB,Almacenamiento,1,107090
10650,2024-04-02,CLI-0202,NAS Synology DS220+,Almacenamiento,2,503580
10651,2024-04-03,CLI-0124,"Monitor Portátil 15""",Monitores,2,194820
10652,2024-04-03,CLI-0025,Notebook Lenovo ThinkPad,Laptops,1,827510
10653,2024-04-03,CLI-0241,Webcam Logitech C925e,Perifericos,2,95990
10654,2024-04-03,CLI-0056,Parlante UE Boom 3,Audio,1,108640
10655,2024-04-03,CLI-0136,Auriculares Sony XM5,Audio,4,237150
10656,2024-04-03,CLI-0188,MacBook Air M2,Laptops,2,1272040
10657,2024-04-03,CLI-0292,Router Eero Pro 6,Redes,1,305350
10658,2024-04-03,CLI-0284,Webcam Logitech C925e,Perifericos,1,101340
10659,2024-04-03,CLI-0259,Soundbar LG,Audio,4,152960
10660,2024-04-03,CLI-0144,Repetidor WiFi Mesh,Redes,3,81660
10661,2024-04-04,CLI-0061,Mini PC ASUS PN50,Desktops,10,429380
10662,2024-04-04,CLI-0202,Auriculares Sony XM5,Audio,4,239450
10663,2024-04-04,CLI-0174,Router Eero Pro 6,Redes,8,303610
10664,2024-04-04,CLI-0074,"Monitor Curvo 32"" QHD",Monitores,2,489860
10665,2024-04-04,CLI-0206,NAS Synology DS220+,Almacenamiento,1,460970
10666,2024-04-04,CLI-0020,Mini PC ASUS PN50,Desktops,3,460720
10667,2024-04-04,CLI-0243,Pendrive Kingston 256GB,Almacenamiento,2,24180
10668,2024-04-04,CLI-0264,Mini PC ASUS PN50,Desktops,1,438700
10669,2024-04-04,CLI-0164,"Monitor LG 27"" 4K",Monitores,1,328530
10670,2024-04-04,CLI-0154,Access Point Ubiquiti U6,Redes,1,238270
10671,2024-04-04,CLI-0261,SSD Externo Samsung T7,Almacenamiento,2,97430
10672,2024-04-05,CLI-0289,Hub USB-C Anker,Perifericos,2,55500
10673,2024-04-05,CLI-0009,Auriculares Sony XM5,Audio,1,219730
10674,2024-04-05,CLI-0057,Micrófono Blue Yeti X,Audio,2,193820
10675,2024-04-05,CLI-0014,Router TP-Link Archer,Redes,2,86770
10676,2024-04-05,CLI-0297,Switch Cisco 24p,Redes,1,273580
10677,2024-04-05,CLI-0027,Access Point Ubiquiti U6,Redes,2,266660
10678,2024-04-05,CLI-0269,Licencia Office 365 Anual,Software,3,94870
10679,2024-04-05,CLI-0195,Workstation HP Z2,Desktops,4,1312890
10680,2024-04-05,CLI-0125,MacBook Air M2,Laptops,2,1150340
10681,2024-04-05,CLI-0057,"Monitor Curvo 32"" QHD",Monitores,1,487480
10682,2024-04-08,CLI-0161,Micrófono Blue Yeti X,Audio,1,187980
10683,2024-04-08,CLI-0105,Micrófono Blue Yeti X,Audio,2,201930
10684,2024-04-08,CLI-0242,Notebook Lenovo ThinkPad,Laptops,3,879680
10685,2024-04-08,CLI-0266,"Monitor Portátil 15""",Monitores,2,211140
10686,2024-04-08,CLI-0245,Pendrive Kingston 256GB,Almacenamiento,1,26560
10687,2024-04-08,CLI-0089,SSD Samsung 970 EVO 1TB,Almacenamiento,6,116180
10688,2024-04-08,CLI-0176,SSD Externo Samsung T7,Almacenamiento,1,97530
10689,2024-04-08,CLI-0136,Repetidor WiFi Mesh,Redes,2,80380
10690,2024-04-08,CLI-0127,Teclado Mecánico Keychron K2,Perifericos,2,155630
10691,2024-04-08,CLI-0116,Hub USB-C Anker,Perifericos,4,51370
10692,2024-04-09,CLI-0107,Windows 11 Pro,Software,3,114560
10693,2024-04-09,CLI-0163,SSD NVMe Kingston 500GB,Almacenamiento,1,57500
10694,2024-04-09,CLI-0141,Webcam Logitech C925e,Perifericos,1,103640
10695,2024-04-09,CLI-0279,AirPods Pro 2,Audio,6,249390
10696,2024-04-09,CLI-0203,Dock Station HP,Perifericos,8,205860
10697,2024-04-10,CLI-0075,Webcam Logitech C925e,Perifericos,1,100860
10698,2024-04-10,CLI-0041,Dock Station HP,Perifericos,6,197780
10699,2024-04-10,CLI-0132,SSD NVMe Kingston 500GB,Almacenamiento,1,61860
10700,2024-04-10,CLI-0276,Teclado Mecánico Keychron K2,Perifericos,8,151580
10701,2024-04-10,CLI-0140,Mini PC ASUS PN50,Desktops,1,489630
10702,2024-04-10,CLI-0123,Mouse Logitech MX Master 3,Perifericos,1,89040
10703,2024-04-10,CLI-0272,"Monitor UltraWide 34""",Monitores,3,529410
10704,2024-04-10,CLI-0027,PC Escritorio Dell OptiPlex,Desktops,2,730740
10705,2024-04-10,CLI-0242,PC Escritorio Dell OptiPlex,Desktops,3,749820
10706,2024-04-10,CLI-0071,Notebook HP 15s,Laptops,10,498370
10707,2024-04-11,CLI-0081,Micrófono Blue Yeti X,Audio,3,200540
10708,2024-04-11,CLI-0244,SSD NVMe Kingston 500GB,Almacenamiento,3,65680
10709,2024-04-11,CLI-0148,Mousepad XL RGB,Perifericos,1,30590
10710,2024-04-11,CLI-0031,Chromebook Acer,Laptops,3,312280
10711,2024-04-11,CLI-0119,SSD Externo Samsung T7,Almacenamiento,3,88450
10712,2024-04-11,CLI-0020,"Monitor Samsung 24"" FHD",Monitores,2,184890
10713,2024-04-11,CLI-0091,MacBook Air M2,Laptops,15,1191940
10714,2024-04-11,CLI-0204,Disco Externo Seagate 4TB,Almacenamiento,1,115900
10715,2024-04-11,CLI-0149,MacBook Air M2,Laptops,1,1199110
10716,2024-04-11,CLI-0291,Router TP-Link Archer,Redes,1,92240
10717,2024-04-11,CLI-0172,Webcam Logitech C925e,Perifericos,2,105060
10718,2024-04-12,CLI-0279,Pendrive Kingston 256GB,Almacenamiento,2,24730
10719,2024-04-12,CLI-0069,NAS Synology DS220+,Almacenamiento,2,480030
10720,2024-04-12,CLI-0099,All-in-One HP 24,Desktops,1,804200
10721,2024-04-12,CLI-0235,Antivirus ESET 3 PCs,Software,1,38160
10722,2024-04-12,CLI-0096,Notebook HP 15s,Laptops,3,502800
10723,2024-04-12,CLI-0152,Switch Cisco 24p,Redes,3,260540
10724,2024-04-12,CLI-0099,"Monitor Samsung 24"" FHD",Monitores,2,176830
10725,2024-04-12,CLI-0208,Parlante UE Boom 3,Audio,2,104140
10726,2024-04-12,CLI-0045,Headset Logitech G535,Audio,3,84320
10727,2024-04-12,CLI-0095,Mini PC ASUS PN50,Desktops,2,444060
10728,2024-04-12,CLI-0128,Notebook HP 15s,Laptops,1,511930
10729,2024-04-15,CLI-0121,Soundbar LG,Audio,3,143210
10730,2024-04-15,CLI-0169,Hub USB-C Anker,Perifericos,2,53810
10731,2024-04-15,CLI-0294,Notebook HP 15s,Laptops,1,506840
10732,2024-04-15,CLI-0185,Windows 11 Pro,Software,1,117570
10733,2024-04-15,CLI-0061,SSD Samsung 970 EVO 1TB,Almacenamiento,1,125190
10734,2024-04-15,CLI-0208,AutoCAD LT 2025,Software,2,648970
10735,2024-04-15,CLI-0160,Windows 11 Pro,Software,1,115990
10736,2024-04-15,CLI-0152,Auriculares Sony XM5,Audio,2,224790
10737,2024-04-15,CLI-0113,Mini PC ASUS PN50,Desktops,2,471460
10738,2024-04-16,CLI-0233,Router TP-Link Archer,Redes,1,87760
10739,2024-04-16,CLI-0282,SSD NVMe Kingston 500GB,Almacenamiento,3,62110
10740,2024-04-16,CLI-0112,Mouse Logitech MX Master 3,Perifericos,3,88720
10741,2024-04-16,CLI-0042,Pendrive Kingston 256GB,Almacenamiento,2,27300
10742,2024-04-16,CLI-0186,Notebook ASUS VivoBook,Laptops,6,469380
10743,2024-04-16,CLI-0058,Notebook Lenovo ThinkPad,Laptops,4,888340
10744,2024-04-16,CLI-0259,"Monitor Curvo 32"" QHD",Monitores,2,421900
10745,2024-04-16,CLI-0077,"Monitor LG 27"" 4K",Monitores,1,349560
10746,2024-04-16,CLI-0267,Soundbar LG,Audio,1,161380
10747,2024-04-16,CLI-0106,Access Point Ubiquiti U6,Redes,2,258210
10748,2024-04-16,CLI-0262,Soundbar LG,Audio,4,150870
10749,2024-04-16,CLI-0233,Mini PC ASUS PN50,Desktops,2,488600
10750,2024-04-16,CLI-0234,Switch Cisco 24p,Redes,1,268110
10751,2024-04-16,CLI-0237,AutoCAD LT 2025,Software,4,591670
10752,2024-04-16,CLI-0012,Headset Logitech G535,Audio,1,91990
10753,2024-04-16,CLI-0002,"Monitor Portátil 15""",Monitores,2,202660
10754,2024-04-16,CLI-0024,Parlante UE Boom 3,Audio,1,103640
10755,2024-04-16,CLI-0033,SSD Externo Samsung T7,Almacenamiento,15,88920
10756,2024-04-16,CLI-0036,SSD NVMe Kingston 500GB,Almacenamiento,1,58400
10757,2024-04-17,CLI-0210,"Monitor Samsung 24"" FHD",Monitores,4,179790
10758,2024-04-17,CLI-0216,Auriculares Sony XM5,Audio,15,222600
10759,2024-04-17,CLI-0196,Soundbar LG,Audio,5,151180
10760,2024-04-17,CLI-0194,AirPods Pro 2,Audio,1,243190
10761,2024-04-17,CLI-0277,Mini PC ASUS PN50,Desktops,3,467320
10762,2024-04-17,CLI-0179,All-in-One HP 24,Desktops,1,784620
10763,2024-04-17,CLI-0276,Headset Logitech G535,Audio,2,87800
10764,2024-04-17,CLI-0115,Notebook HP 15s,Laptops,3,545340
10765,2024-04-17,CLI-0153,SSD Samsung 970 EVO 1TB,Almacenamiento,3,120040
10766,2024-04-17,CLI-0279,Parlante UE Boom 3,Audio,2,96920
10767,2024-04-17,CLI-0118,Mouse Logitech MX Master 3,Perifericos,2,95960
10768,2024-04-17,CLI-0080,Teclado Mecánico Keychron K2,Perifericos,1,161020
10769,2024-04-17,CLI-0058,MacBook Air M2,Laptops,4,1153230
10770,2024-04-17,CLI-0215,Repetidor WiFi Mesh,Redes,4,74790
10771,2024-04-18,CLI-0009,Mouse Logitech MX Master 3,Perifericos,1,96300
10772,2024-04-18,CLI-0052,Router TP-Link Archer,Redes,1,86050
10773,2024-04-18,CLI-0025,Mouse Logitech MX Master 3,Perifericos,3,95350
10774,2024-04-18,CLI-0206,Soundbar LG,Audio,1,142880
10775,2024-04-18,CLI-0112,Notebook Lenovo ThinkPad,Laptops,1,847560
10776,2024-04-18,CLI-0149,"Monitor UltraWide 34""",Monitores,4,602770
10777,2024-04-18,CLI-0295,Mousepad XL RGB,Perifericos,2,28940
10778,2024-04-18,CLI-0165,Mouse Logitech MX Master 3,Perifericos,1,86280
10779,2024-04-18,CLI-0074,Adobe Creative Cloud,Software,2,80190
10780,2024-04-18,CLI-0212,Hub USB-C Anker,Perifericos,1,56880
10781,2024-04-19,CLI-0286,Access Point Ubiquiti U6,Redes,5,265540
10782,2024-04-19,CLI-0090,Licencia Office 365 Anual,Software,3,87990
10783,2024-04-19,CLI-0285,Disco Externo Seagate 4TB,Almacenamiento,1,118510
10784,2024-04-19,CLI-0177,Antivirus ESET 3 PCs,Software,3,41650
10785,2024-04-19,CLI-0269,Mousepad XL RGB,Perifericos,3,28550
10786,2024-04-22,CLI-0210,Workstation HP Z2,Desktops,1,1303340
10787,2024-04-22,CLI-0095,SSD Externo Samsung T7,Almacenamiento,2,92100
10788,2024-04-22,CLI-0116,Hub USB-C Anker,Perifericos,5,55820
10789,2024-04-22,CLI-0074,SSD Samsung 970 EVO 1TB,Almacenamiento,6,125420
10790,2024-04-22,CLI-0288,Micrófono Blue Yeti X,Audio,10,197550
10791,2024-04-22,CLI-0286,Pendrive Kingston 256GB,Almacenamiento,1,27360
10792,2024-04-22,CLI-0125,Teclado Apple Magic,Perifericos,1,109600
10793,2024-04-22,CLI-0041,Soundbar LG,Audio,5,152640
10794,2024-04-22,CLI-0048,SSD Externo Samsung T7,Almacenamiento,3,85420
10795,2024-04-22,CLI-0098,Notebook Lenovo ThinkPad,Laptops,1,894190
10796,2024-04-22,CLI-0021,Notebook ASUS VivoBook,Laptops,1,513420
10797,2024-04-22,CLI-0287,"Monitor Portátil 15""",Monitores,2,197090
10798,2024-04-22,CLI-0171,Hub USB-C Anker,Perifericos,8,55470
10799,2024-04-22,CLI-0008,"Monitor Portátil 15""",Monitores,8,200550
10800,2024-04-22,CLI-0061,SSD NVMe Kingston 500GB,Almacenamiento,6,56520
10801,2024-04-23,CLI-0105,Headset Logitech G535,Audio,6,95540
10802,2024-04-23,CLI-0283,Mousepad XL RGB,Perifericos,4,32060
10803,2024-04-23,CLI-0195,SSD Samsung 970 EVO 1TB,Almacenamiento,2,128050
10804,2024-04-23,CLI-0184,Hub USB-C Anker,Perifericos,1,55070
10805,2024-04-23,CLI-0263,Disco Externo Seagate 4TB,Almacenamiento,2,108450
10806,2024-04-23,CLI-0241,Mousepad XL RGB,Perifericos,6,31650
10807,2024-04-23,CLI-0190,Mousepad XL RGB,Perifericos,2,31910
10808,2024-04-23,CLI-0289,"Monitor UltraWide 34""",Monitores,3,557460
10809,2024-04-23,CLI-0009,Teclado Apple Magic,Perifericos,2,107870
10810,2024-04-23,CLI-0300,Access Point Ubiquiti U6,Redes,3,239280
10811,2024-04-23,CLI-0152,Workstation HP Z2,Desktops,1,1399520
10812,2024-04-23,CLI-0118,AirPods Pro 2,Audio,2,237340
10813,2024-04-23,CLI-0126,Disco Externo Seagate 4TB,Almacenamiento,2,105450
10814,2024-04-24,CLI-0173,Teclado Apple Magic,Perifericos,4,94230
10815,2024-04-24,CLI-0251,Antivirus ESET 3 PCs,Software,3,37350
10816,2024-04-24,CLI-0236,"Monitor LG 27"" 4K",Monitores,3,351620
10817,2024-04-24,CLI-0181,"Monitor LG 27"" 4K",Monitores,1,370850
10818,2024-04-24,CLI-0280,Disco Externo Seagate 4TB,Almacenamiento,1,103330
10819,2024-04-24,CLI-0278,Antivirus ESET 3 PCs,Software,8,41580
10820,2024-04-24,CLI-0269,MacBook Air M2,Laptops,4,1280960
10821,2024-04-24,CLI-0039,Adobe Creative Cloud,Software,1,76880
10822,2024-04-24,CLI-0004,Micrófono Blue Yeti X,Audio,1,181940
10823,2024-04-24,CLI-0119,Notebook ASUS VivoBook,Laptops,3,504580
10824,2024-04-24,CLI-0005,"Monitor Portátil 15""",Monitores,2,213480
10825,2024-04-24,CLI-0192,Notebook Lenovo ThinkPad,Laptops,2,868120
10826,2024-04-25,CLI-0248,Adobe Creative Cloud,Software,2,79820
10827,2024-04-25,CLI-0004,SSD Externo Samsung T7,Almacenamiento,2,94820
10828,2024-04-25,CLI-0007,Notebook Dell Inspiron,Laptops,2,604870
10829,2024-04-25,CLI-0141,SSD Externo Samsung T7,Almacenamiento,10,95030
10830,2024-04-25,CLI-0009,NAS Synology DS220+,Almacenamiento,4,487520
10831,2024-04-25,CLI-0221,"Monitor Samsung 24"" FHD",Monitores,1,179450
10832,2024-04-25,CLI-0050,Pendrive Kingston 256GB,Almacenamiento,1,25220
10833,2024-04-25,CLI-0099,Repetidor WiFi Mesh,Redes,2,79470
10834,2024-04-25,CLI-0182,Teclado Mecánico Keychron K2,Perifericos,4,145400
10835,2024-04-25,CLI-0041,Auriculares Sony XM5,Audio,8,212870
10836,2024-04-25,CLI-0236,Switch Cisco 24p,Redes,1,263950
10837,2024-04-25,CLI-0116,Hub USB-C Anker,Perifericos,3,52410
10838,2024-04-25,CLI-0042,Antivirus ESET 3 PCs,Software,15,37900
10839,2024-04-25,CLI-0017,Chromebook Acer,Laptops,2,288720
10840,2024-04-25,CLI-0194,Router Eero Pro 6,Redes,2,288670
10841,2024-04-26,CLI-0005,Windows 11 Pro,Software,1,131350
10842,2024-04-26,CLI-0256,Parlante UE Boom 3,Audio,3,95600
10843,2024-04-26,CLI-0170,Switch Cisco 24p,Redes,10,259970
10844,2024-04-26,CLI-0049,Pendrive Kingston 256GB,Almacenamiento,6,25160
10845,2024-04-26,CLI-0118,"Monitor Portátil 15""",Monitores,6,199510
10846,2024-04-26,CLI-0291,SSD NVMe Kingston 500GB,Almacenamiento,1,64540
10847,2024-04-26,CLI-0039,AutoCAD LT 2025,Software,6,655330
10848,2024-04-26,CLI-0279,Switch Cisco 24p,Redes,3,268880
10849,2024-04-26,CLI-0092,Mousepad XL RGB,Perifericos,1,28940
10850,2024-04-26,CLI-0107,Access Point Ubiquiti U6,Redes,1,242400
10851,2024-04-26,CLI-0204,Notebook ASUS VivoBook,Laptops,1,488950
10852,2024-04-26,CLI-0289,Mouse Logitech MX Master 3,Perifericos,2,88260
10853,2024-04-26,CLI-0200,AutoCAD LT 2025,Software,6,631860
10854,2024-04-26,CLI-0170,AirPods Pro 2,Audio,3,256440
10855,2024-04-26,CLI-0072,Windows 11 Pro,Software,3,122780
10856,2024-04-29,CLI-0257,Dock Station HP,Perifericos,1,178230
10857,2024-04-29,CLI-0224,"Monitor UltraWide 34""",Monitores,4,518000
10858,2024-04-29,CLI-0175,Router TP-Link Archer,Redes,4,92820
10859,2024-04-29,CLI-0204,Mousepad XL RGB,Perifericos,1,30370
10860,2024-04-29,CLI-0140,Soundbar LG,Audio,2,146400
10861,2024-04-29,CLI-0183,Router Eero Pro 6,Redes,8,300530
10862,2024-04-29,CLI-0222,"Monitor Samsung 24"" FHD",Monitores,3,179660
10863,2024-04-29,CLI-0195,Chromebook Acer,Laptops,4,320400
10864,2024-04-29,CLI-0152,Mouse Logitech MX Master 3,Perifericos,3,92230
10865,2024-04-29,CLI-0043,Teclado Mecánico Keychron K2,Perifericos,1,149450
10866,2024-04-29,CLI-0079,AirPods Pro 2,Audio,1,244430
10867,2024-04-29,CLI-0055,Chromebook Acer,Laptops,1,305560
10868,2024-04-29,CLI-0158,Soundbar LG,Audio,1,147730
10869,2024-04-29,CLI-0139,PC Escritorio Dell OptiPlex,Desktops,1,717780
10870,2024-04-29,CLI-0096,Parlante UE Boom 3,Audio,2,104360
10871,2024-04-30,CLI-0285,NAS Synology DS220+,Almacenamiento,2,464760
10872,2024-04-30,CLI-0014,Chromebook Acer,Laptops,1,323710
10873,2024-04-30,CLI-0048,Router TP-Link Archer,Redes,2,93480
10874,2024-04-30,CLI-0167,AirPods Pro 2,Audio,1,240420
10875,2024-04-30,CLI-0212,AirPods Pro 2,Audio,4,269580
10876,2024-05-01,CLI-0287,Mouse Logitech MX Master 3,Perifericos,2,98190
10877,2024-05-01,CLI-0087,AutoCAD LT 2025,Software,1,568860
10878,2024-05-01,CLI-0072,Teclado Mecánico Keychron K2,Perifericos,1,146020
10879,2024-05-01,CLI-0253,Workstation HP Z2,Desktops,1,1344190
10880,2024-05-01,CLI-0223,Teclado Mecánico Keychron K2,Perifericos,2,145540
10881,2024-05-01,CLI-0248,Notebook ASUS VivoBook,Laptops,1,493160
10882,2024-05-01,CLI-0127,Licencia Office 365 Anual,Software,2,87590
10883,2024-05-01,CLI-0101,SSD Samsung 970 EVO 1TB,Almacenamiento,1,114540
10884,2024-05-01,CLI-0156,Notebook HP 15s,Laptops,8,515250
10885,2024-05-01,CLI-0171,Repetidor WiFi Mesh,Redes,1,80580
10886,2024-05-02,CLI-0169,Soundbar LG,Audio,1,161810
10887,2024-05-02,CLI-0070,Hub USB-C Anker,Perifericos,1,54480
10888,2024-05-02,CLI-0103,SSD NVMe Kingston 500GB,Almacenamiento,1,59830
10889,2024-05-02,CLI-0204,Mousepad XL RGB,Perifericos,1,28410
10890,2024-05-02,CLI-0252,Switch Cisco 24p,Redes,4,249170
10891,2024-05-02,CLI-0167,AirPods Pro 2,Audio,1,245390
10892,2024-05-03,CLI-0202,Auriculares Sony XM5,Audio,1,238330
10893,2024-05-03,CLI-0289,"Monitor Curvo 32"" QHD",Monitores,2,490540
10894,2024-05-03,CLI-0280,"Monitor Samsung 24"" FHD",Monitores,3,162290
10895,2024-05-03,CLI-0282,Notebook Dell Inspiron,Laptops,8,592670
10896,2024-05-03,CLI-0237,"Monitor Portátil 15""",Monitores,2,191430
10897,2024-05-03,CLI-0150,Windows 11 Pro,Software,1,124730
10898,2024-05-03,CLI-0210,AutoCAD LT 2025,Software,2,574970
10899,2024-05-03,CLI-0156,Mouse Logitech MX Master 3,Perifericos,1,96970
10900,2024-05-03,CLI-0079,Parlante UE Boom 3,Audio,4,106140
10901,2024-05-03,CLI-0038,Soundbar LG,Audio,15,160820
10902,2024-05-03,CLI-0246,Access Point Ubiquiti U6,Redes,2,256050
10903,2024-05-06,CLI-0260,Windows 11 Pro,Software,2,131180
10904,2024-05-06,CLI-0019,Auriculares Sony XM5,Audio,3,227150
10905,2024-05-06,CLI-0275,Router TP-Link Archer,Redes,3,96290
10906,2024-05-06,CLI-0044,PC Escritorio Dell OptiPlex,Desktops,4,676330
10907,2024-05-06,CLI-0182,"Monitor LG 27"" 4K",Monitores,3,384330
10908,2024-05-06,CLI-0023,Switch Cisco 24p,Redes,12,254930
10909,2024-05-06,CLI-0205,Soporte Laptop Ergotron,Perifericos,10,71320
10910,2024-05-06,CLI-0221,PC Escritorio Dell OptiPlex,Desktops,1,767780
10911,2024-05-06,CLI-0133,"Monitor UltraWide 34""",Monitores,2,550280
10912,2024-05-07,CLI-0266,Router Eero Pro 6,Redes,2,287780
10913,2024-05-07,CLI-0295,"Monitor UltraWide 34""",Monitores,2,544930
10914,2024-05-07,CLI-0201,SSD Samsung 970 EVO 1TB,Almacenamiento,4,116380
10915,2024-05-07,CLI-0257,Workstation HP Z2,Desktops,1,1241820
10916,2024-05-07,CLI-0013,SSD NVMe Kingston 500GB,Almacenamiento,1,64770
10917,2024-05-07,CLI-0213,Chromebook Acer,Laptops,1,310360
10918,2024-05-07,CLI-0073,Dock Station HP,Perifericos,1,189410
10919,2024-05-07,CLI-0234,"Monitor Portátil 15""",Monitores,2,201010
10920,2024-05-07,CLI-0179,SSD NVMe Kingston 500GB,Almacenamiento,1,60520
10921,2024-05-08,CLI-0232,Mousepad XL RGB,Perifericos,1,29750
10922,2024-05-08,CLI-0023,All-in-One HP 24,Desktops,1,809600
10923,2024-05-08,CLI-0176,Antivirus ESET 3 PCs,Software,1,41230
10924,2024-05-08,CLI-0085,Mouse Logitech MX Master 3,Perifericos,2,91230
10925,2024-05-08,CLI-0283,"Monitor LG 27"" 4K",Monitores,1,366060
10926,2024-05-08,CLI-0219,SSD Samsung 970 EVO 1TB,Almacenamiento,1,123460
10927,2024-05-08,CLI-0208,Licencia Office 365 Anual,Software,1,89160
10928,2024-05-08,CLI-0222,Headset Logitech G535,Audio,1,89520
10929,2024-05-08,CLI-0102,Soundbar LG,Audio,2,150020
10930,2024-05-08,CLI-0200,Notebook HP 15s,Laptops,3,505530
10931,2024-05-08,CLI-0106,Teclado Mecánico Keychron K2,Perifericos,3,144820
10932,2024-05-08,CLI-0033,Switch Cisco 24p,Redes,1,264090
10933,2024-05-08,CLI-0275,"Monitor Samsung 24"" FHD",Monitores,1,170310
10934,2024-05-08,CLI-0101,SSD Samsung 970 EVO 1TB,Almacenamiento,1,116800
10935,2024-05-08,CLI-0251,Pendrive Kingston 256GB,Almacenamiento,10,25750
10936,2024-05-08,CLI-0161,Router TP-Link Archer,Redes,1,95540
10937,2024-05-09,CLI-0201,Access Point Ubiquiti U6,Redes,1,261880
10938,2024-05-09,CLI-0181,SSD Samsung 970 EVO 1TB,Almacenamiento,2,113630
10939,2024-05-09,CLI-0153,Repetidor WiFi Mesh,Redes,2,87410
10940,2024-05-09,CLI-0069,Mousepad XL RGB,Perifericos,1,30060
10941,2024-05-09,CLI-0157,All-in-One HP 24,Desktops,1,871330
10942,2024-05-09,CLI-0073,NAS Synology DS220+,Almacenamiento,1,495780
10943,2024-05-09,CLI-0071,Switch Cisco 24p,Redes,1,234780
10944,2024-05-09,CLI-0096,Disco Externo Seagate 4TB,Almacenamiento,3,103910
10945,2024-05-09,CLI-0089,Router Eero Pro 6,Redes,1,314820
10946,2024-05-09,CLI-0148,Mini PC ASUS PN50,Desktops,1,463590
10947,2024-05-09,CLI-0231,Repetidor WiFi Mesh,Redes,1,75410
10948,2024-05-09,CLI-0184,Notebook HP 15s,Laptops,2,561650
10949,2024-05-09,CLI-0100,AirPods Pro 2,Audio,10,269360
10950,2024-05-09,CLI-0259,Antivirus ESET 3 PCs,Software,2,40770
10951,2024-05-09,CLI-0252,Micrófono Blue Yeti X,Audio,3,192730
10952,2024-05-09,CLI-0228,Disco Externo Seagate 4TB,Almacenamiento,1,103310
10953,2024-05-10,CLI-0290,Notebook Dell Inspiron,Laptops,4,670710
10954,2024-05-10,CLI-0113,Webcam Logitech C925e,Perifericos,1,99920
10955,2024-05-10,CLI-0116,SSD Externo Samsung T7,Almacenamiento,1,92750
10956,2024-05-10,CLI-0235,Switch Cisco 24p,Redes,3,245620
10957,2024-05-10,CLI-0254,Router Eero Pro 6,Redes,2,289370
10958,2024-05-10,CLI-0294,All-in-One HP 24,Desktops,1,851880
10959,2024-05-10,CLI-0279,Auriculares Sony XM5,Audio,2,224270
10960,2024-05-10,CLI-0022,Soundbar LG,Audio,2,153880
10961,2024-05-10,CLI-0218,PC Escritorio Dell OptiPlex,Desktops,3,767160
10962,2024-05-10,CLI-0127,Hub USB-C Anker,Perifericos,5,60250
10963,2024-05-10,CLI-0017,Soundbar LG,Audio,1,161700
10964,2024-05-10,CLI-0045,Soundbar LG,Audio,5,145340
10965,2024-05-10,CLI-0061,Mouse Logitech MX Master 3,Perifericos,1,93170
10966,2024-05-13,CLI-0180,Repetidor WiFi Mesh,Redes,3,76380
10967,2024-05-13,CLI-0085,Repetidor WiFi Mesh,Redes,1,85650
10968,2024-05-13,CLI-0106,"Monitor Portátil 15""",Monitores,4,203390
10969,2024-05-13,CLI-0292,Dock Station HP,Perifericos,2,195790
10970,2024-05-13,CLI-0276,"Monitor LG 27"" 4K",Monitores,1,384530
10971,2024-05-13,CLI-0150,Webcam Logitech C925e,Perifericos,2,103740
10972,2024-05-13,CLI-0264,AutoCAD LT 2025,Software,4,604640
10973,2024-05-13,CLI-0070,Micrófono Blue Yeti X,Audio,6,189760
10974,2024-05-13,CLI-0142,Antivirus ESET 3 PCs,Software,1,40250
10975,2024-05-13,CLI-0068,Mouse Logitech MX Master 3,Perifericos,1,86190
10976,2024-05-13,CLI-0165,Mouse Logitech MX Master 3,Perifericos,4,96120
10977,2024-05-13,CLI-0202,Disco Externo Seagate 4TB,Almacenamiento,1,118250
10978,2024-05-13,CLI-0138,Licencia Office 365 Anual,Software,2,88620
10979,2024-05-13,CLI-0232,Notebook ASUS VivoBook,Laptops,3,464340
10980,2024-05-14,CLI-0048,Headset Logitech G535,Audio,2,92090
10981,2024-05-14,CLI-0143,Windows 11 Pro,Software,8,121680
10982,2024-05-14,CLI-0189,SSD Samsung 970 EVO 1TB,Almacenamiento,8,126110
10983,2024-05-14,CLI-0168,Access Point Ubiquiti U6,Redes,1,241260
10984,2024-05-14,CLI-0048,SSD Samsung 970 EVO 1TB,Almacenamiento,3,125690
10985,2024-05-14,CLI-0184,Notebook ASUS VivoBook,Laptops,4,469940
10986,2024-05-14,CLI-0204,"Monitor Portátil 15""",Monitores,10,207860
10987,2024-05-14,CLI-0109,Disco Externo Seagate 4TB,Almacenamiento,1,103930
10988,2024-05-14,CLI-0146,Soporte Laptop Ergotron,Perifericos,2,70950
10989,2024-05-14,CLI-0067,Switch Cisco 24p,Redes,5,255900
10990,2024-05-14,CLI-0176,AutoCAD LT 2025,Software,4,584020
10991,2024-05-14,CLI-0024,PC Escritorio Dell OptiPlex,Desktops,3,672820
10992,2024-05-14,CLI-0236,Notebook Dell Inspiron,Laptops,1,600870
10993,2024-05-14,CLI-0081,Soundbar LG,Audio,2,149170
10994,2024-05-15,CLI-0220,"Monitor Curvo 32"" QHD",Monitores,15,493830
10995,2024-05-15,CLI-0068,Antivirus ESET 3 PCs,Software,1,38050
10996,2024-05-15,CLI-0141,Chromebook Acer,Laptops,3,313420
10997,2024-05-15,CLI-0129,Chromebook Acer,Laptops,1,324170
10998,2024-05-15,CLI-0085,Notebook Lenovo ThinkPad,Laptops,1,885610
10999,2024-05-15,CLI-0157,Windows 11 Pro,Software,3,121000
11000,2024-05-15,CLI-0220,Antivirus ESET 3 PCs,Software,1,40340
11001,2024-05-15,CLI-0049,Notebook HP 15s,Laptops,1,500450
11002,2024-05-15,CLI-0040,Mini PC ASUS PN50,Desktops,2,461530
11003,2024-05-16,CLI-0266,AutoCAD LT 2025,Software,2,567450
11004,2024-05-16,CLI-0005,Windows 11 Pro,Software,1,130930
11005,2024-05-16,CLI-0062,Parlante UE Boom 3,Audio,3,107500
11006,2024-05-16,CLI-0245,Notebook ASUS VivoBook,Laptops,1,450050
11007,2024-05-16,CLI-0046,PC Escritorio Dell OptiPlex,Desktops,1,663700
11008,2024-05-16,CLI-0189,Hub USB-C Anker,Perifericos,1,59090
11009,2024-05-16,CLI-0069,Antivirus ESET 3 PCs,Software,15,38540
11010,2024-05-16,CLI-0074,Notebook ASUS VivoBook,Laptops,2,482070
11011,2024-05-17,CLI-0005,Repetidor WiFi Mesh,Redes,3,80250
11012,2024-05-17,CLI-0226,Dock Station HP,Perifericos,3,192080
11013,2024-05-17,CLI-0078,Micrófono Blue Yeti X,Audio,2,180240
11014,2024-05-17,CLI-0227,"Monitor Portátil 15""",Monitores,1,219290
11015,2024-05-17,CLI-0052,Mini PC ASUS PN50,Desktops,3,445080
11016,2024-05-17,CLI-0197,Dock Station HP,Perifericos,10,184160
11017,2024-05-17,CLI-0162,Mini PC ASUS PN50,Desktops,1,443280
11018,2024-05-17,CLI-0044,Mouse Logitech MX Master 3,Perifericos,2,98610
11019,2024-05-17,CLI-0146,Windows 11 Pro,Software,1,114440
11020,2024-05-17,CLI-0155,"Monitor Portátil 15""",Monitores,2,215980
11021,2024-05-17,CLI-0261,"Monitor Curvo 32"" QHD",Monitores,3,474250
11022,2024-05-17,CLI-0152,Antivirus ESET 3 PCs,Software,1,42940
11023,2024-05-17,CLI-0123,Disco Externo Seagate 4TB,Almacenamiento,1,120730
11024,2024-05-17,CLI-0124,Disco Externo Seagate 4TB,Almacenamiento,3,118330
11025,2024-05-17,CLI-0037,Pendrive Kingston 256GB,Almacenamiento,5,27300
11026,2024-05-20,CLI-0007,Auriculares Sony XM5,Audio,8,226030
11027,2024-05-20,CLI-0068,AirPods Pro 2,Audio,5,256760
11028,2024-05-20,CLI-0292,Micrófono Blue Yeti X,Audio,1,206160
11029,2024-05-20,CLI-0089,SSD NVMe Kingston 500GB,Almacenamiento,8,65810
11030,2024-05-20,CLI-0038,Notebook Dell Inspiron,Laptops,2,653120
11031,2024-05-20,CLI-0008,Teclado Apple Magic,Perifericos,1,101710
11032,2024-05-21,CLI-0031,Headset Logitech G535,Audio,2,89760
11033,2024-05-21,CLI-0257,Micrófono Blue Yeti X,Audio,2,190430
11034,2024-05-21,CLI-0206,Chromebook Acer,Laptops,3,285900
11035,2024-05-21,CLI-0276,Repetidor WiFi Mesh,Redes,1,76070
11036,2024-05-21,CLI-0043,Hub USB-C Anker,Perifericos,1,58600
11037,2024-05-21,CLI-0105,Workstation HP Z2,Desktops,2,1314550
11038,2024-05-21,CLI-0201,Access Point Ubiquiti U6,Redes,3,272560
11039,2024-05-21,CLI-0034,Hub USB-C Anker,Perifericos,3,57100
11040,2024-05-21,CLI-0123,Notebook Lenovo ThinkPad,Laptops,1,802510
11041,2024-05-21,CLI-0223,All-in-One HP 24,Desktops,2,771280
11042,2024-05-22,CLI-0029,Hub USB-C Anker,Perifericos,3,60000
11043,2024-05-22,CLI-0090,All-in-One HP 24,Desktops,1,878290
11044,2024-05-22,CLI-0071,Windows 11 Pro,Software,1,117230
11045,2024-05-22,CLI-0255,Dock Station HP,Perifericos,2,179810
11046,2024-05-22,CLI-0133,"Monitor LG 27"" 4K",Monitores,1,337200
11047,2024-05-22,CLI-0138,All-in-One HP 24,Desktops,4,758980
11048,2024-05-22,CLI-0016,Soporte Laptop Ergotron,Perifericos,4,67910
11049,2024-05-23,CLI-0140,Pendrive Kingston 256GB,Almacenamiento,1,24270
11050,2024-05-23,CLI-0296,Licencia Office 365 Anual,Software,1,96200
11051,2024-05-23,CLI-0234,NAS Synology DS220+,Almacenamiento,1,498820
11052,2024-05-23,CLI-0256,Switch Cisco 24p,Redes,1,269850
11053,2024-05-23,CLI-0081,Teclado Apple Magic,Perifericos,4,109310
11054,2024-05-23,CLI-0294,AutoCAD LT 2025,Software,3,597100
11055,2024-05-23,CLI-0117,NAS Synology DS220+,Almacenamiento,1,457520
11056,2024-05-23,CLI-0007,Mouse Logitech MX Master 3,Perifericos,1,87760
11057,2024-05-23,CLI-0187,AirPods Pro 2,Audio,6,252450
11058,2024-05-23,CLI-0092,MacBook Air M2,Laptops,2,1311270
11059,2024-05-24,CLI-0215,"Monitor UltraWide 34""",Monitores,1,564620
11060,2024-05-24,CLI-0214,Mousepad XL RGB,Perifericos,1,29040
11061,2024-05-24,CLI-0040,Switch Cisco 24p,Redes,1,247680
11062,2024-05-24,CLI-0258,AutoCAD LT 2025,Software,6,626990
11063,2024-05-24,CLI-0092,"Monitor UltraWide 34""",Monitores,4,576500
11064,2024-05-24,CLI-0024,Headset Logitech G535,Audio,1,90830
11065,2024-05-24,CLI-0239,Webcam Logitech C925e,Perifericos,4,97560
11066,2024-05-24,CLI-0160,Mousepad XL RGB,Perifericos,1,31680
11067,2024-05-24,CLI-0234,Notebook HP 15s,Laptops,1,511950
11068,2024-05-27,CLI-0150,Switch Cisco 24p,Redes,4,238970
11069,2024-05-27,CLI-0125,SSD Samsung 970 EVO 1TB,Almacenamiento,1,122340
11070,2024-05-27,CLI-0253,"Monitor Curvo 32"" QHD",Monitores,3,460430
11071,2024-05-27,CLI-0280,Mouse Logitech MX Master 3,Perifericos,1,91910
11072,2024-05-27,CLI-0210,Notebook Dell Inspiron,Laptops,1,625980
11073,2024-05-27,CLI-0178,Licencia Office 365 Anual,Software,4,99060
11074,2024-05-27,CLI-0005,Soporte Laptop Ergotron,Perifericos,1,71230
11075,2024-05-27,CLI-0193,Hub USB-C Anker,Perifericos,1,55890
11076,2024-05-27,CLI-0272,Mouse Logitech MX Master 3,Perifericos,2,90640
11077,2024-05-27,CLI-0031,Workstation HP Z2,Desktops,3,1234090
11078,2024-05-27,CLI-0048,MacBook Air M2,Laptops,6,1242190
11079,2024-05-27,CLI-0267,Micrófono Blue Yeti X,Audio,3,185360
11080,2024-05-27,CLI-0191,SSD Samsung 970 EVO 1TB,Almacenamiento,10,125080
11081,2024-05-27,CLI-0044,Access Point Ubiquiti U6,Redes,1,236660
11082,2024-05-27,CLI-0069,Licencia Office 365 Anual,Software,4,98860
11083,2024-05-27,CLI-0039,Access Point Ubiquiti U6,Redes,2,253730
11084,2024-05-28,CLI-0223,Adobe Creative Cloud,Software,10,75850
11085,2024-05-28,CLI-0122,Webcam Logitech C925e,Perifericos,1,107250
11086,2024-05-28,CLI-0162,Headset Logitech G535,Audio,3,93970
11087,2024-05-28,CLI-0168,Mousepad XL RGB,Perifericos,2,31970
11088,2024-05-28,CLI-0120,Notebook ASUS VivoBook,Laptops,8,473880
11089,2024-05-28,CLI-0070,Access Point Ubiquiti U6,Redes,1,260620
11090,2024-05-28,CLI-0055,"Monitor LG 27"" 4K",Monitores,2,377340
11091,2024-05-28,CLI-0161,Micrófono Blue Yeti X,Audio,1,197850
11092,2024-05-28,CLI-0184,"Monitor Portátil 15""",Monitores,2,199020
11093,2024-05-28,CLI-0238,Teclado Apple Magic,Perifericos,5,104640
11094,2024-05-28,CLI-0047,"Monitor LG 27"" 4K",Monitores,4,366810
11095,2024-05-28,CLI-0156,Windows 11 Pro,Software,2,131410
11096,2024-05-28,CLI-0111,Mousepad XL RGB,Perifericos,1,29960
11097,2024-05-28,CLI-0128,Dock Station HP,Perifericos,1,191470
11098,2024-05-28,CLI-0026,AutoCAD LT 2025,Software,1,642550
11099,2024-05-29,CLI-0090,Notebook Dell Inspiron,Laptops,8,628310
11100,2024-05-29,CLI-0232,Router Eero Pro 6,Redes,3,292060
11101,2024-05-29,CLI-0128,PC Escritorio Dell OptiPlex,Desktops,2,742000
11102,2024-05-29,CLI-0072,All-in-One HP 24,Desktops,1,767830
11103,2024-05-29,CLI-0114,Mini PC ASUS PN50,Desktops,1,436850
11104,2024-05-29,CLI-0206,Auriculares Sony XM5,Audio,3,228940
11105,2024-05-29,CLI-0044,Access Point Ubiquiti U6,Redes,2,265080
11106,2024-05-29,CLI-0039,Notebook Dell Inspiron,Laptops,15,672330
11107,2024-05-29,CLI-0102,Antivirus ESET 3 PCs,Software,2,39310
11108,2024-05-29,CLI-0066,Chromebook Acer,Laptops,6,286930
11109,2024-05-30,CLI-0170,All-in-One HP 24,Desktops,1,776520
11110,2024-05-30,CLI-0237,Notebook Lenovo ThinkPad,Laptops,1,838040
11111,2024-05-30,CLI-0294,Parlante UE Boom 3,Audio,4,102470
11112,2024-05-30,CLI-0203,Disco Externo Seagate 4TB,Almacenamiento,1,119060
11113,2024-05-30,CLI-0219,"Monitor Samsung 24"" FHD",Monitores,1,180620
11114,2024-05-30,CLI-0096,Teclado Mecánico Keychron K2,Perifericos,1,158090
11115,2024-05-30,CLI-0077,MacBook Air M2,Laptops,2,1160380
11116,2024-05-30,CLI-0126,Antivirus ESET 3 PCs,Software,1,39860
11117,2024-05-30,CLI-0211,Router Eero Pro 6,Redes,2,304930
11118,2024-05-30,CLI-0045,Teclado Mecánico Keychron K2,Perifericos,1,144360
11119,2024-05-30,CLI-0215,"Monitor Curvo 32"" QHD",Monitores,3,442350
11120,2024-05-30,CLI-0270,Mouse Logitech MX Master 3,Perifericos,3,88970
11121,2024-05-30,CLI-0279,Notebook Dell Inspiron,Laptops,12,594680
11122,2024-05-30,CLI-0184,SSD NVMe Kingston 500GB,Almacenamiento,2,61680
11123,2024-05-30,CLI-0249,Dock Station HP,Perifericos,6,200150
11124,2024-05-30,CLI-0258,Mousepad XL RGB,Perifericos,1,28480
11125,2024-05-30,CLI-0093,Notebook Dell Inspiron,Laptops,1,630480
11126,2024-05-31,CLI-0113,Notebook Dell Inspiron,Laptops,6,664820
11127,2024-05-31,CLI-0144,Notebook Lenovo ThinkPad,Laptops,4,831030
11128,2024-05-31,CLI-0242,Pendrive Kingston 256GB,Almacenamiento,1,24920
11129,2024-05-31,CLI-0300,"Monitor UltraWide 34""",Monitores,10,531940
11130,2024-05-31,CLI-0052,Mouse Logitech MX Master 3,Perifericos,3,91310
11131,2024-05-31,CLI-0137,SSD Externo Samsung T7,Almacenamiento,4,90200
11132,2024-05-31,CLI-0029,"Monitor UltraWide 34""",Monitores,2,537740
11133,2024-05-31,CLI-0199,Dock Station HP,Perifericos,8,201600
11134,2024-05-31,CLI-0089,"Monitor Samsung 24"" FHD",Monitores,1,168230
11135,2024-05-31,CLI-0163,Windows 11 Pro,Software,1,117940
11136,2024-05-31,CLI-0015,Windows 11 Pro,Software,1,115160
11137,2024-05-31,CLI-0291,Switch Cisco 24p,Redes,1,252490
11138,2024-05-31,CLI-0097,Disco Externo Seagate 4TB,Almacenamiento,2,108650
11139,2024-06-03,CLI-0090,Disco Externo Seagate 4TB,Almacenamiento,1,112330
11140,2024-06-03,CLI-0029,"Monitor UltraWide 34""",Monitores,2,563230
11141,2024-06-03,CLI-0011,Pendrive Kingston 256GB,Almacenamiento,2,25240
11142,2024-06-03,CLI-0170,Repetidor WiFi Mesh,Redes,1,82880
11143,2024-06-03,CLI-0067,Soporte Laptop Ergotron,Perifericos,3,72340
11144,2024-06-03,CLI-0166,Notebook Lenovo ThinkPad,Laptops,1,918160
11145,2024-06-03,CLI-0073,All-in-One HP 24,Desktops,5,768650
11146,2024-06-03,CLI-0187,Notebook ASUS VivoBook,Laptops,1,460560
11147,2024-06-03,CLI-0203,Access Point Ubiquiti U6,Redes,1,268250
11148,2024-06-03,CLI-0155,Mousepad XL RGB,Perifericos,1,32450
11149,2024-06-03,CLI-0081,Parlante UE Boom 3,Audio,4,110600
11150,2024-06-03,CLI-0250,Antivirus ESET 3 PCs,Software,1,43440
11151,2024-06-03,CLI-0288,Windows 11 Pro,Software,5,130660
11152,2024-06-03,CLI-0183,"Monitor UltraWide 34""",Monitores,3,546990
11153,2024-06-04,CLI-0090,AirPods Pro 2,Audio,1,238120
11154,2024-06-04,CLI-0151,Mini PC ASUS PN50,Desktops,1,494400
11155,2024-06-04,CLI-0001,Windows 11 Pro,Software,8,121080
11156,2024-06-04,CLI-0201,Switch Cisco 24p,Redes,1,269940
11157,2024-06-04,CLI-0163,Repetidor WiFi Mesh,Redes,1,84370
11158,2024-06-04,CLI-0290,PC Escritorio Dell OptiPlex,Desktops,8,682120
11159,2024-06-04,CLI-0073,Soporte Laptop Ergotron,Perifericos,3,68010
11160,2024-06-04,CLI-0122,Dock Station HP,Perifericos,12,204460
11161,2024-06-05,CLI-0086,Licencia Office 365 Anual,Software,5,91240
11162,2024-06-05,CLI-0046,Adobe Creative Cloud,Software,3,78750
11163,2024-06-05,CLI-0172,Soundbar LG,Audio,1,160520
11164,2024-06-05,CLI-0108,Mouse Logitech MX Master 3,Perifericos,3,96250
11165,2024-06-05,CLI-0180,Teclado Apple Magic,Perifericos,4,100490
11166,2024-06-05,CLI-0001,Notebook Lenovo ThinkPad,Laptops,1,917960
11167,2024-06-05,CLI-0215,"Monitor LG 27"" 4K",Monitores,5,342270
11168,2024-06-05,CLI-0253,AirPods Pro 2,Audio,1,235920
11169,2024-06-05,CLI-0193,PC Escritorio Dell OptiPlex,Desktops,4,725660
11170,2024-06-06,CLI-0296,Antivirus ESET 3 PCs,Software,3,42610
11171,2024-06-06,CLI-0116,"Monitor LG 27"" 4K",Monitores,2,351370
11172,2024-06-06,CLI-0018,Webcam Logitech C925e,Perifericos,1,97390
11173,2024-06-06,CLI-0134,PC Escritorio Dell OptiPlex,Desktops,1,682530
11174,2024-06-06,CLI-0088,AirPods Pro 2,Audio,1,252550
11175,2024-06-06,CLI-0039,Router Eero Pro 6,Redes,8,306480
11176,2024-06-07,CLI-0048,Soporte Laptop Ergotron,Perifericos,2,68130
11177,2024-06-07,CLI-0248,Notebook Dell Inspiron,Laptops,2,631810
11178,2024-06-07,CLI-0085,Router TP-Link Archer,Redes,5,89130
11179,2024-06-07,CLI-0081,Notebook Lenovo ThinkPad,Laptops,1,912510
11180,2024-06-07,CLI-0106,"Monitor Curvo 32"" QHD",Monitores,2,491320
11181,2024-06-07,CLI-0284,SSD Externo Samsung T7,Almacenamiento,1,96710
11182,2024-06-07,CLI-0145,Hub USB-C Anker,Perifericos,1,54250
11183,2024-06-07,CLI-0026,Headset Logitech G535,Audio,2,88910
11184,2024-06-07,CLI-0252,Workstation HP Z2,Desktops,1,1280200
11185,2024-06-07,CLI-0002,Parlante UE Boom 3,Audio,1,96500
11186,2024-06-07,CLI-0246,"Monitor Curvo 32"" QHD",Monitores,1,493990
11187,2024-06-07,CLI-0106,"Monitor LG 27"" 4K",Monitores,3,353120
11188,2024-06-10,CLI-0042,SSD NVMe Kingston 500GB,Almacenamiento,5,65600
11189,2024-06-10,CLI-0158,Headset Logitech G535,Audio,2,97420
11190,2024-06-10,CLI-0136,Chromebook Acer,Laptops,3,324630
11191,2024-06-10,CLI-0199,"Monitor Samsung 24"" FHD",Monitores,1,166650
11192,2024-06-10,CLI-0196,Auriculares Sony XM5,Audio,1,209270
11193,2024-06-10,CLI-0023,Teclado Apple Magic,Perifericos,2,108510
11194,2024-06-10,CLI-0135,"Monitor UltraWide 34""",Monitores,4,546220
11195,2024-06-11,CLI-0289,Notebook Lenovo ThinkPad,Laptops,1,834760
11196,2024-06-11,CLI-0050,Chromebook Acer,Laptops,3,307630
11197,2024-06-11,CLI-0278,Micrófono Blue Yeti X,Audio,10,194900
11198,2024-06-11,CLI-0117,Router Eero Pro 6,Redes,1,311560
11199,2024-06-11,CLI-0199,Pendrive Kingston 256GB,Almacenamiento,2,25180
11200,2024-06-11,CLI-0275,AutoCAD LT 2025,Software,5,643220
11201,2024-06-11,CLI-0244,Switch Cisco 24p,Redes,5,273180
11202,2024-06-11,CLI-0244,Hub USB-C Anker,Perifericos,1,54080
11203,2024-06-11,CLI-0018,NAS Synology DS220+,Almacenamiento,2,510610
11204,2024-06-11,CLI-0265,Switch Cisco 24p,Redes,3,263540
11205,2024-06-11,CLI-0076,All-in-One HP 24,Desktops,8,823020
11206,2024-06-11,CLI-0230,"Monitor Samsung 24"" FHD",Monitores,8,165560
11207,2024-06-11,CLI-0086,"Monitor Portátil 15""",Monitores,4,214670
11208,2024-06-12,CLI-0065,MacBook Air M2,Laptops,2,1324450
11209,2024-06-12,CLI-0223,"Monitor Curvo 32"" QHD",Monitores,15,489540
11210,2024-06-12,CLI-0076,Router TP-Link Archer,Redes,1,89310
11211,2024-06-12,CLI-0035,Chromebook Acer,Laptops,1,320780
11212,2024-06-12,CLI-0204,Router Eero Pro 6,Redes,1,299460
11213,2024-06-12,CLI-0142,Pendrive Kingston 256GB,Almacenamiento,2,26050
11214,2024-06-12,CLI-0007,Windows 11 Pro,Software,3,126110
11215,2024-06-12,CLI-0268,Micrófono Blue Yeti X,Audio,1,205010
11216,2024-06-12,CLI-0077,Workstation HP Z2,Desktops,2,1231100
11217,2024-06-12,CLI-0299,PC Escritorio Dell OptiPlex,Desktops,6,685360
11218,2024-06-12,CLI-0289,PC Escritorio Dell OptiPlex,Desktops,4,741820
11219,2024-06-12,CLI-0275,Dock Station HP,Perifericos,5,196720
11220,2024-06-12,CLI-0136,AirPods Pro 2,Audio,3,256060
11221,2024-06-13,CLI-0293,Router TP-Link Archer,Redes,2,85610
11222,2024-06-13,CLI-0089,Teclado Mecánico Keychron K2,Perifericos,2,159880
11223,2024-06-13,CLI-0206,MacBook Air M2,Laptops,1,1182290
11224,2024-06-13,CLI-0170,Windows 11 Pro,Software,1,130200
11225,2024-06-13,CLI-0244,Teclado Mecánico Keychron K2,Perifericos,6,159790
11226,2024-06-14,CLI-0011,Soporte Laptop Ergotron,Perifericos,4,77000
11227,2024-06-14,CLI-0156,Hub USB-C Anker,Perifericos,1,58260
11228,2024-06-14,CLI-0252,Windows 11 Pro,Software,3,125660
11229,2024-06-14,CLI-0117,Mini PC ASUS PN50,Desktops,1,479250
11230,2024-06-14,CLI-0227,Mousepad XL RGB,Perifericos,1,30900
11231,2024-06-14,CLI-0214,Router TP-Link Archer,Redes,3,91890
11232,2024-06-17,CLI-0097,Soundbar LG,Audio,1,146650
11233,2024-06-17,CLI-0209,Disco Externo Seagate 4TB,Almacenamiento,3,105340
11234,2024-06-17,CLI-0192,Notebook Lenovo ThinkPad,Laptops,2,818280
11235,2024-06-17,CLI-0082,Notebook ASUS VivoBook,Laptops,1,448700
11236,2024-06-17,CLI-0260,Headset Logitech G535,Audio,1,99470
11237,2024-06-17,CLI-0269,Switch Cisco 24p,Redes,1,238780
11238,2024-06-17,CLI-0099,"Monitor Curvo 32"" QHD",Monitores,4,434120
11239,2024-06-17,CLI-0128,MacBook Air M2,Laptops,2,1294390
11240,2024-06-17,CLI-0185,"Monitor Curvo 32"" QHD",Monitores,1,467160
11241,2024-06-17,CLI-0238,NAS Synology DS220+,Almacenamiento,1,513590
11242,2024-06-17,CLI-0064,AutoCAD LT 2025,Software,1,627870
11243,2024-06-17,CLI-0191,Disco Externo Seagate 4TB,Almacenamiento,2,119630
11244,2024-06-18,CLI-0091,SSD NVMe Kingston 500GB,Almacenamiento,2,58990
11245,2024-06-18,CLI-0180,Dock Station HP,Perifericos,1,205400
11246,2024-06-18,CLI-0133,Windows 11 Pro,Software,1,119650
11247,2024-06-18,CLI-0015,AirPods Pro 2,Audio,1,263870
11248,2024-06-18,CLI-0293,"Monitor Portátil 15""",Monitores,5,216680
11249,2024-06-18,CLI-0116,AutoCAD LT 2025,Software,1,573440
11250,2024-06-18,CLI-0210,NAS Synology DS220+,Almacenamiento,1,512850
11251,2024-06-18,CLI-0005,SSD NVMe Kingston 500GB,Almacenamiento,6,59600
11252,2024-06-18,CLI-0089,Router TP-Link Archer,Redes,4,88060
11253,2024-06-19,CLI-0115,Teclado Apple Magic,Perifericos,2,95510
11254,2024-06-19,CLI-0157,Antivirus ESET 3 PCs,Software,1,40640
11255,2024-06-19,CLI-0193,Dock Station HP,Perifericos,2,191910
11256,2024-06-19,CLI-0112,SSD Samsung 970 EVO 1TB,Almacenamiento,1,114860
11257,2024-06-19,CLI-0267,Repetidor WiFi Mesh,Redes,1,78350
11258,2024-06-19,CLI-0053,Notebook HP 15s,Laptops,2,538110
11259,2024-06-19,CLI-0192,Router Eero Pro 6,Redes,3,319440
11260,2024-06-19,CLI-0145,Hub USB-C Anker,Perifericos,3,53990
11261,2024-06-19,CLI-0247,Notebook ASUS VivoBook,Laptops,1,507160
11262,2024-06-19,CLI-0142,Licencia Office 365 Anual,Software,1,92920
11263,2024-06-19,CLI-0142,Teclado Apple Magic,Perifericos,3,106760
11264,2024-06-19,CLI-0153,"Monitor Curvo 32"" QHD",Monitores,1,459210
11265,2024-06-20,CLI-0124,Notebook Lenovo ThinkPad,Laptops,4,935670
11266,2024-06-20,CLI-0207,Adobe Creative Cloud,Software,1,81340
11267,2024-06-20,CLI-0072,Notebook Dell Inspiron,Laptops,3,603040
11268,2024-06-20,CLI-0152,Teclado Apple Magic,Perifericos,6,97850
11269,2024-06-20,CLI-0208,AirPods Pro 2,Audio,3,239640
11270,2024-06-20,CLI-0299,Switch Cisco 24p,Redes,4,235760
11271,2024-06-20,CLI-0176,"Monitor UltraWide 34""",Monitores,3,557600
11272,2024-06-20,CLI-0244,Adobe Creative Cloud,Software,1,85520
11273,2024-06-20,CLI-0154,"Monitor LG 27"" 4K",Monitores,5,372140
11274,2024-06-20,CLI-0286,"Monitor Samsung 24"" FHD",Monitores,1,161200
11275,2024-06-20,CLI-0242,Mini PC ASUS PN50,Desktops,3,466400
11276,2024-06-20,CLI-0287,"Monitor Samsung 24"" FHD",Monitores,8,164600
11277,2024-06-21,CLI-0172,Antivirus ESET 3 PCs,Software,1,39590
11278,2024-06-21,CLI-0182,"Monitor UltraWide 34""",Monitores,3,541230
11279,2024-06-21,CLI-0158,Micrófono Blue Yeti X,Audio,4,187350
11280,2024-06-21,CLI-0170,Auriculares Sony XM5,Audio,1,228460
11281,2024-06-21,CLI-0151,SSD Samsung 970 EVO 1TB,Almacenamiento,5,132700
11282,2024-06-21,CLI-0241,Notebook Lenovo ThinkPad,Laptops,5,939580
11283,2024-06-21,CLI-0299,Access Point Ubiquiti U6,Redes,8,257340
11284,2024-06-21,CLI-0037,SSD NVMe Kingston 500GB,Almacenamiento,5,62860
11285,2024-06-21,CLI-0257,All-in-One HP 24,Desktops,5,867220
11286,2024-06-21,CLI-0196,Pendrive Kingston 256GB,Almacenamiento,1,27390
11287,2024-06-21,CLI-0028,Workstation HP Z2,Desktops,1,1269350
11288,2024-06-21,CLI-0103,Soporte Laptop Ergotron,Perifericos,2,72070
11289,2024-06-21,CLI-0292,SSD Samsung 970 EVO 1TB,Almacenamiento,1,129540
11290,2024-06-24,CLI-0093,Chromebook Acer,Laptops,2,299160
11291,2024-06-24,CLI-0091,Mousepad XL RGB,Perifericos,3,28910
11292,2024-06-24,CLI-0003,Soundbar LG,Audio,1,146080
11293,2024-06-24,CLI-0087,Switch Cisco 24p,Redes,4,270610
11294,2024-06-24,CLI-0251,Chromebook Acer,Laptops,1,304850
11295,2024-06-24,CLI-0223,Licencia Office 365 Anual,Software,2,88220
11296,2024-06-24,CLI-0220,SSD NVMe Kingston 500GB,Almacenamiento,1,64040
11297,2024-06-24,CLI-0020,SSD Externo Samsung T7,Almacenamiento,1,93040
11298,2024-06-24,CLI-0192,Notebook HP 15s,Laptops,6,501620
11299,2024-06-24,CLI-0272,"Monitor Curvo 32"" QHD",Monitores,1,447690
11300,2024-06-24,CLI-0003,Licencia Office 365 Anual,Software,3,87470
11301,2024-06-24,CLI-0116,Windows 11 Pro,Software,5,126060
11302,2024-06-24,CLI-0160,Mini PC ASUS PN50,Desktops,1,444640
11303,2024-06-24,CLI-0258,Access Point Ubiquiti U6,Redes,1,238400
11304,2024-06-25,CLI-0034,MacBook Air M2,Laptops,1,1250960
11305,2024-06-25,CLI-0149,SSD Samsung 970 EVO 1TB,Almacenamiento,3,121900
11306,2024-06-25,CLI-0269,Soporte Laptop Ergotron,Perifericos,2,71080
11307,2024-06-25,CLI-0069,Soporte Laptop Ergotron,Perifericos,15,66820
11308,2024-06-26,CLI-0251,Dock Station HP,Perifericos,3,185480
11309,2024-06-26,CLI-0085,Headset Logitech G535,Audio,1,94600
11310,2024-06-26,CLI-0115,Mini PC ASUS PN50,Desktops,1,477830
11311,2024-06-26,CLI-0012,Access Point Ubiquiti U6,Redes,2,260320
11312,2024-06-26,CLI-0064,Auriculares Sony XM5,Audio,3,241840
11313,2024-06-26,CLI-0020,AirPods Pro 2,Audio,5,256000
11314,2024-06-27,CLI-0131,SSD Externo Samsung T7,Almacenamiento,3,95360
11315,2024-06-27,CLI-0025,Adobe Creative Cloud,Software,1,75670
11316,2024-06-27,CLI-0011,Notebook Lenovo ThinkPad,Laptops,3,862760
11317,2024-06-27,CLI-0214,Soundbar LG,Audio,1,157280
11318,2024-06-27,CLI-0281,Teclado Apple Magic,Perifericos,2,104300
11319,2024-06-28,CLI-0079,"Monitor Portátil 15""",Monitores,3,195920
11320,2024-06-28,CLI-0005,Hub USB-C Anker,Perifericos,2,55960
11321,2024-06-28,CLI-0052,Adobe Creative Cloud,Software,2,80860
11322,2024-06-28,CLI-0071,Micrófono Blue Yeti X,Audio,4,184670
11323,2024-06-28,CLI-0054,NAS Synology DS220+,Almacenamiento,3,517530
11324,2024-06-28,CLI-0061,Webcam Logitech C925e,Perifericos,1,109470
11325,2024-06-28,CLI-0055,Disco Externo Seagate 4TB,Almacenamiento,1,107350
11326,2024-07-01,CLI-0103,Teclado Apple Magic,Perifericos,4,107320
11327,2024-07-01,CLI-0104,Dock Station HP,Perifericos,3,210410
11328,2024-07-01,CLI-0152,"Monitor LG 27"" 4K",Monitores,1,383900
11329,2024-07-01,CLI-0255,"Monitor Portátil 15""",Monitores,3,221500
11330,2024-07-02,CLI-0247,Soporte Laptop Ergotron,Perifericos,1,74740
11331,2024-07-02,CLI-0007,Adobe Creative Cloud,Software,1,86990
11332,2024-07-02,CLI-0057,Switch Cisco 24p,Redes,3,256360
11333,2024-07-02,CLI-0077,Chromebook Acer,Laptops,4,309480
11334,2024-07-02,CLI-0039,PC Escritorio Dell OptiPlex,Desktops,6,699330
11335,2024-07-02,CLI-0119,SSD Samsung 970 EVO 1TB,Almacenamiento,12,132870
11336,2024-07-02,CLI-0152,Teclado Apple Magic,Perifericos,2,106830
11337,2024-07-02,CLI-0052,"Monitor Samsung 24"" FHD",Monitores,5,171420
11338,2024-07-02,CLI-0149,Auriculares Sony XM5,Audio,4,214800
11339,2024-07-03,CLI-0161,Parlante UE Boom 3,Audio,3,106170
11340,2024-07-03,CLI-0049,MacBook Air M2,Laptops,1,1332360
11341,2024-07-03,CLI-0071,Adobe Creative Cloud,Software,3,77780
11342,2024-07-03,CLI-0169,Dock Station HP,Perifericos,6,182800
11343,2024-07-03,CLI-0138,Chromebook Acer,Laptops,1,317600
11344,2024-07-03,CLI-0176,"Monitor Samsung 24"" FHD",Monitores,1,170600
11345,2024-07-03,CLI-0205,SSD Samsung 970 EVO 1TB,Almacenamiento,1,115110
11346,2024-07-03,CLI-0198,Windows 11 Pro,Software,5,123100
11347,2024-07-03,CLI-0216,Antivirus ESET 3 PCs,Software,5,42860
11348,2024-07-03,CLI-0086,All-in-One HP 24,Desktops,1,795660
11349,2024-07-03,CLI-0031,"Monitor LG 27"" 4K",Monitores,1,350980
11350,2024-07-04,CLI-0248,Switch Cisco 24p,Redes,3,265220
11351,2024-07-04,CLI-0093,Repetidor WiFi Mesh,Redes,1,76420
11352,2024-07-04,CLI-0184,Repetidor WiFi Mesh,Redes,1,79580
11353,2024-07-04,CLI-0067,SSD NVMe Kingston 500GB,Almacenamiento,6,58230
11354,2024-07-04,CLI-0058,Micrófono Blue Yeti X,Audio,2,193840
11355,2024-07-04,CLI-0033,Teclado Apple Magic,Perifericos,3,101580
11356,2024-07-04,CLI-0007,AutoCAD LT 2025,Software,2,620150
11357,2024-07-04,CLI-0296,Switch Cisco 24p,Redes,1,248410
11358,2024-07-04,CLI-0174,Pendrive Kingston 256GB,Almacenamiento,2,23810
11359,2024-07-04,CLI-0049,Parlante UE Boom 3,Audio,3,104870
11360,2024-07-05,CLI-0128,SSD NVMe Kingston 500GB,Almacenamiento,1,61360
11361,2024-07-05,CLI-0198,Workstation HP Z2,Desktops,4,1316300
11362,2024-07-05,CLI-0286,Repetidor WiFi Mesh,Redes,1,86480
11363,2024-07-05,CLI-0081,NAS Synology DS220+,Almacenamiento,5,484730
11364,2024-07-08,CLI-0254,"Monitor LG 27"" 4K",Monitores,1,376800
11365,2024-07-08,CLI-0252,Mousepad XL RGB,Perifericos,1,33080
11366,2024-07-08,CLI-0143,Notebook Lenovo ThinkPad,Laptops,2,808570
11367,2024-07-08,CLI-0282,Antivirus ESET 3 PCs,Software,1,41860
11368,2024-07-08,CLI-0121,Chromebook Acer,Laptops,2,322030
11369,2024-07-08,CLI-0294,Soundbar LG,Audio,1,149170
11370,2024-07-09,CLI-0256,Soundbar LG,Audio,1,153320
11371,2024-07-09,CLI-0255,Antivirus ESET 3 PCs,Software,1,43450
11372,2024-07-09,CLI-0207,Micrófono Blue Yeti X,Audio,1,190180
11373,2024-07-09,CLI-0282,Notebook HP 15s,Laptops,4,544130
11374,2024-07-09,CLI-0156,NAS Synology DS220+,Almacenamiento,2,532200
11375,2024-07-09,CLI-0234,Soporte Laptop Ergotron,Perifericos,1,71800
11376,2024-07-09,CLI-0028,"Monitor UltraWide 34""",Monitores,5,533040
11377,2024-07-09,CLI-0170,Router Eero Pro 6,Redes,4,286830
11378,2024-07-09,CLI-0243,Adobe Creative Cloud,Software,1,88260
11379,2024-07-09,CLI-0232,All-in-One HP 24,Desktops,1,793110
11380,2024-07-10,CLI-0114,Notebook HP 15s,Laptops,1,576940
11381,2024-07-10,CLI-0150,Router Eero Pro 6,Redes,2,303550
11382,2024-07-10,CLI-0055,MacBook Air M2,Laptops,6,1242070
11383,2024-07-10,CLI-0253,Mini PC ASUS PN50,Desktops,4,498830
11384,2024-07-10,CLI-0210,PC Escritorio Dell OptiPlex,Desktops,1,684820
11385,2024-07-10,CLI-0101,"Monitor Curvo 32"" QHD",Monitores,1,448760
11386,2024-07-10,CLI-0202,"Monitor Portátil 15""",Monitores,2,190530
11387,2024-07-10,CLI-0098,Soporte Laptop Ergotron,Perifericos,1,70840
11388,2024-07-10,CLI-0213,MacBook Air M2,Laptops,6,1176700
11389,2024-07-10,CLI-0064,Soundbar LG,Audio,2,158940
11390,2024-07-11,CLI-0259,Mini PC ASUS PN50,Desktops,10,493160
11391,2024-07-11,CLI-0003,Pendrive Kingston 256GB,Almacenamiento,3,25090
11392,2024-07-11,CLI-0284,Parlante UE Boom 3,Audio,4,95390
11393,2024-07-11,CLI-0248,NAS Synology DS220+,Almacenamiento,4,493960
11394,2024-07-11,CLI-0091,Windows 11 Pro,Software,2,116150
11395,2024-07-11,CLI-0066,PC Escritorio Dell OptiPlex,Desktops,1,690820
11396,2024-07-11,CLI-0165,NAS Synology DS220+,Almacenamiento,5,513940
11397,2024-07-11,CLI-0215,Router TP-Link Archer,Redes,6,87210
11398,2024-07-11,CLI-0128,Teclado Mecánico Keychron K2,Perifericos,1,162080
11399,2024-07-11,CLI-0176,Webcam Logitech C925e,Perifericos,2,110190
11400,2024-07-12,CLI-0069,Mini PC ASUS PN50,Desktops,2,495200
11401,2024-07-12,CLI-0263,Hub USB-C Anker,Perifericos,5,54510
11402,2024-07-12,CLI-0281,Mousepad XL RGB,Perifericos,3,28610
11403,2024-07-12,CLI-0284,Licencia Office 365 Anual,Software,1,86880
11404,2024-07-12,CLI-0108,Repetidor WiFi Mesh,Redes,3,78970
11405,2024-07-12,CLI-0177,AutoCAD LT 2025,Software,1,595630
11406,2024-07-12,CLI-0092,NAS Synology DS220+,Almacenamiento,2,457430
11407,2024-07-12,CLI-0166,All-in-One HP 24,Desktops,4,794900
11408,2024-07-12,CLI-0288,SSD NVMe Kingston 500GB,Almacenamiento,2,58750
11409,2024-07-12,CLI-0214,AutoCAD LT 2025,Software,3,605990
11410,2024-07-15,CLI-0274,Webcam Logitech C925e,Perifericos,5,98080
11411,2024-07-15,CLI-0217,Notebook HP 15s,Laptops,2,568310
11412,2024-07-15,CLI-0013,AirPods Pro 2,Audio,1,277710
11413,2024-07-15,CLI-0029,"Monitor Curvo 32"" QHD",Monitores,1,495270
11414,2024-07-16,CLI-0083,Webcam Logitech C925e,Perifericos,3,105560
11415,2024-07-16,CLI-0075,Notebook Lenovo ThinkPad,Laptops,3,810240
11416,2024-07-16,CLI-0152,"Monitor Portátil 15""",Monitores,3,214890
11417,2024-07-16,CLI-0017,Dock Station HP,Perifericos,4,205060
11418,2024-07-16,CLI-0053,Repetidor WiFi Mesh,Redes,5,83740
11419,2024-07-16,CLI-0288,"Monitor UltraWide 34""",Monitores,3,598830
11420,2024-07-16,CLI-0288,AirPods Pro 2,Audio,1,240920
11421,2024-07-16,CLI-0148,Windows 11 Pro,Software,3,119160
11422,2024-07-16,CLI-0196,AirPods Pro 2,Audio,2,253950
11423,2024-07-16,CLI-0161,Router Eero Pro 6,Redes,1,286370
11424,2024-07-16,CLI-0129,"Monitor Curvo 32"" QHD",Monitores,3,459650
11425,2024-07-16,CLI-0227,"Monitor UltraWide 34""",Monitores,6,545210
11426,2024-07-16,CLI-0189,Access Point Ubiquiti U6,Redes,2,253070
11427,2024-07-16,CLI-0101,"Monitor Curvo 32"" QHD",Monitores,1,457940
11428,2024-07-16,CLI-0091,AutoCAD LT 2025,Software,1,655510
11429,2024-07-17,CLI-0089,NAS Synology DS220+,Almacenamiento,1,482680
11430,2024-07-17,CLI-0021,Parlante UE Boom 3,Audio,1,104070
11431,2024-07-17,CLI-0136,Mini PC ASUS PN50,Desktops,1,457070
11432,2024-07-17,CLI-0131,Notebook HP 15s,Laptops,1,574180
11433,2024-07-17,CLI-0080,MacBook Air M2,Laptops,1,1187880
11434,2024-07-17,CLI-0166,Router TP-Link Archer,Redes,1,99660
11435,2024-07-17,CLI-0155,Disco Externo Seagate 4TB,Almacenamiento,4,118450
11436,2024-07-17,CLI-0282,Dock Station HP,Perifericos,1,210330
11437,2024-07-18,CLI-0163,Pendrive Kingston 256GB,Almacenamiento,1,26000
11438,2024-07-18,CLI-0095,Pendrive Kingston 256GB,Almacenamiento,1,26650
11439,2024-07-18,CLI-0259,"Monitor LG 27"" 4K",Monitores,2,335040
11440,2024-07-18,CLI-0275,Headset Logitech G535,Audio,1,94140
11441,2024-07-18,CLI-0114,"Monitor Portátil 15""",Monitores,3,216400
11442,2024-07-18,CLI-0170,Auriculares Sony XM5,Audio,1,210910
11443,2024-07-18,CLI-0272,SSD NVMe Kingston 500GB,Almacenamiento,15,61910
11444,2024-07-18,CLI-0005,All-in-One HP 24,Desktops,3,792160
11445,2024-07-19,CLI-0229,Mouse Logitech MX Master 3,Perifericos,6,86820
11446,2024-07-19,CLI-0125,MacBook Air M2,Laptops,3,1334820
11447,2024-07-19,CLI-0165,AirPods Pro 2,Audio,6,255650
11448,2024-07-19,CLI-0059,AirPods Pro 2,Audio,1,272840
11449,2024-07-19,CLI-0145,Notebook Dell Inspiron,Laptops,6,636790
11450,2024-07-19,CLI-0192,NAS Synology DS220+,Almacenamiento,4,527800
11451,2024-07-19,CLI-0229,Disco Externo Seagate 4TB,Almacenamiento,1,105820
11452,2024-07-19,CLI-0099,Mousepad XL RGB,Perifericos,2,28980
11453,2024-07-19,CLI-0050,"Monitor LG 27"" 4K",Monitores,10,385270
11454,2024-07-22,CLI-0276,SSD Externo Samsung T7,Almacenamiento,1,85850
11455,2024-07-22,CLI-0034,"Monitor Portátil 15""",Monitores,3,211060
11456,2024-07-22,CLI-0110,AutoCAD LT 2025,Software,2,602070
11457,2024-07-22,CLI-0054,"Monitor Portátil 15""",Monitores,2,211110
11458,2024-07-22,CLI-0223,Antivirus ESET 3 PCs,Software,4,38510
11459,2024-07-22,CLI-0037,AutoCAD LT 2025,Software,1,662470
11460,2024-07-22,CLI-0236,Soporte Laptop Ergotron,Perifericos,1,74960
11461,2024-07-22,CLI-0038,Notebook Lenovo ThinkPad,Laptops,1,928200
11462,2024-07-22,CLI-0129,Router Eero Pro 6,Redes,1,291020
11463,2024-07-23,CLI-0117,Teclado Apple Magic,Perifericos,2,101110
11464,2024-07-23,CLI-0231,Licencia Office 365 Anual,Software,2,88200
11465,2024-07-23,CLI-0162,Notebook Dell Inspiron,Laptops,1,614260
11466,2024-07-23,CLI-0061,SSD Externo Samsung T7,Almacenamiento,1,94570
11467,2024-07-23,CLI-0033,Access Point Ubiquiti U6,Redes,1,252880
11468,2024-07-23,CLI-0038,Dock Station HP,Perifericos,6,190850
11469,2024-07-24,CLI-0055,Webcam Logitech C925e,Perifericos,4,104010
11470,2024-07-24,CLI-0155,Router TP-Link Archer,Redes,1,87150
11471,2024-07-24,CLI-0225,AirPods Pro 2,Audio,1,267850
11472,2024-07-24,CLI-0016,SSD NVMe Kingston 500GB,Almacenamiento,1,61870
11473,2024-07-24,CLI-0113,Mini PC ASUS PN50,Desktops,3,480060
11474,2024-07-24,CLI-0280,Webcam Logitech C925e,Perifericos,10,109080
11475,2024-07-24,CLI-0074,Hub USB-C Anker,Perifericos,3,57810
11476,2024-07-24,CLI-0192,Notebook HP 15s,Laptops,2,555710
11477,2024-07-24,CLI-0285,Workstation HP Z2,Desktops,1,1393530
11478,2024-07-24,CLI-0003,Switch Cisco 24p,Redes,2,271600
11479,2024-07-24,CLI-0276,Router Eero Pro 6,Redes,8,327240
11480,2024-07-24,CLI-0157,"Monitor Portátil 15""",Monitores,3,190710
11481,2024-07-24,CLI-0177,"Monitor Portátil 15""",Monitores,2,207840
11482,2024-07-25,CLI-0263,Workstation HP Z2,Desktops,1,1422120
11483,2024-07-25,CLI-0114,Repetidor WiFi Mesh,Redes,4,85870
11484,2024-07-25,CLI-0100,All-in-One HP 24,Desktops,1,784410
11485,2024-07-25,CLI-0291,Notebook Lenovo ThinkPad,Laptops,5,846400
11486,2024-07-25,CLI-0282,SSD Samsung 970 EVO 1TB,Almacenamiento,3,132920
11487,2024-07-25,CLI-0038,Webcam Logitech C925e,Perifericos,3,106420
11488,2024-07-25,CLI-0129,PC Escritorio Dell OptiPlex,Desktops,1,733740
11489,2024-07-25,CLI-0298,Disco Externo Seagate 4TB,Almacenamiento,8,109800
11490,2024-07-26,CLI-0183,Mini PC ASUS PN50,Desktops,3,480510
11491,2024-07-26,CLI-0121,PC Escritorio Dell OptiPlex,Desktops,1,772770
11492,2024-07-26,CLI-0036,"Monitor Curvo 32"" QHD",Monitores,1,482510
11493,2024-07-26,CLI-0231,Soporte Laptop Ergotron,Perifericos,2,71760
11494,2024-07-29,CLI-0157,Windows 11 Pro,Software,2,120670
11495,2024-07-29,CLI-0290,Switch Cisco 24p,Redes,1,248730
11496,2024-07-29,CLI-0162,Parlante UE Boom 3,Audio,1,97630
11497,2024-07-29,CLI-0161,Mouse Logitech MX Master 3,Perifericos,4,96610
11498,2024-07-29,CLI-0224,Teclado Mecánico Keychron K2,Perifericos,5,154400
11499,2024-07-29,CLI-0069,AutoCAD LT 2025,Software,3,659440
11500,2024-07-29,CLI-0246,SSD Samsung 970 EVO 1TB,Almacenamiento,2,114350
11501,2024-07-29,CLI-0157,Disco Externo Seagate 4TB,Almacenamiento,2,105440
11502,2024-07-29,CLI-0090,Antivirus ESET 3 PCs,Software,2,40550
11503,2024-07-29,CLI-0144,Mini PC ASUS PN50,Desktops,6,432360
11504,2024-07-30,CLI-0101,Teclado Apple Magic,Perifericos,3,101810
11505,2024-07-30,CLI-0040,Notebook ASUS VivoBook,Laptops,6,498790
11506,2024-07-30,CLI-0260,Licencia Office 365 Anual,Software,1,98150
11507,2024-07-30,CLI-0298,Access Point Ubiquiti U6,Redes,2,252120
11508,2024-07-30,CLI-0109,MacBook Air M2,Laptops,2,1249390
11509,2024-07-30,CLI-0279,SSD Externo Samsung T7,Almacenamiento,2,86300
11510,2024-07-30,CLI-0077,Auriculares Sony XM5,Audio,1,214640
11511,2024-07-30,CLI-0149,Mini PC ASUS PN50,Desktops,2,431540
11512,2024-07-30,CLI-0262,Chromebook Acer,Laptops,1,320260
11513,2024-07-31,CLI-0258,Notebook HP 15s,Laptops,3,507130
11514,2024-07-31,CLI-0085,NAS Synology DS220+,Almacenamiento,1,522360
11515,2024-07-31,CLI-0082,"Monitor Samsung 24"" FHD",Monitores,2,167660
11516,2024-07-31,CLI-0290,Adobe Creative Cloud,Software,5,83030
11517,2024-07-31,CLI-0075,SSD NVMe Kingston 500GB,Almacenamiento,8,61060
11518,2024-07-31,CLI-0021,"Monitor UltraWide 34""",Monitores,4,593280
11519,2024-08-01,CLI-0119,Notebook ASUS VivoBook,Laptops,1,524510
11520,2024-08-01,CLI-0120,MacBook Air M2,Laptops,3,1172460
11521,2024-08-01,CLI-0266,Auriculares Sony XM5,Audio,1,239740
11522,2024-08-01,CLI-0233,MacBook Air M2,Laptops,1,1152910
11523,2024-08-01,CLI-0166,PC Escritorio Dell OptiPlex,Desktops,3,721900
11524,2024-08-01,CLI-0267,Licencia Office 365 Anual,Software,4,98900
11525,2024-08-01,CLI-0135,Access Point Ubiquiti U6,Redes,2,265580
11526,2024-08-01,CLI-0090,AirPods Pro 2,Audio,3,266410
11527,2024-08-01,CLI-0188,Access Point Ubiquiti U6,Redes,3,248940
11528,2024-08-01,CLI-0040,Pendrive Kingston 256GB,Almacenamiento,1,25530
11529,2024-08-02,CLI-0115,Pendrive Kingston 256GB,Almacenamiento,2,25710
11530,2024-08-02,CLI-0177,Disco Externo Seagate 4TB,Almacenamiento,4,110690
11531,2024-08-02,CLI-0004,NAS Synology DS220+,Almacenamiento,5,481330
11532,2024-08-02,CLI-0226,"Monitor LG 27"" 4K",Monitores,1,347800
11533,2024-08-02,CLI-0264,Antivirus ESET 3 PCs,Software,1,40500
11534,2024-08-02,CLI-0077,"Monitor Samsung 24"" FHD",Monitores,1,166090
11535,2024-08-02,CLI-0061,Adobe Creative Cloud,Software,1,87720
11536,2024-08-02,CLI-0170,All-in-One HP 24,Desktops,2,841520
11537,2024-08-02,CLI-0246,SSD NVMe Kingston 500GB,Almacenamiento,1,58450
11538,2024-08-05,CLI-0083,Antivirus ESET 3 PCs,Software,4,38140
11539,2024-08-05,CLI-0012,Mouse Logitech MX Master 3,Perifericos,1,86390
11540,2024-08-05,CLI-0294,Access Point Ubiquiti U6,Redes,1,269600
11541,2024-08-05,CLI-0263,MacBook Air M2,Laptops,6,1338800
11542,2024-08-05,CLI-0076,Notebook Lenovo ThinkPad,Laptops,1,815680
11543,2024-08-05,CLI-0093,Pendrive Kingston 256GB,Almacenamiento,8,26890
11544,2024-08-05,CLI-0289,Licencia Office 365 Anual,Software,1,86760
11545,2024-08-06,CLI-0146,Chromebook Acer,Laptops,1,303500
11546,2024-08-06,CLI-0242,SSD NVMe Kingston 500GB,Almacenamiento,1,57230
11547,2024-08-06,CLI-0211,Router TP-Link Archer,Redes,1,94560
11548,2024-08-06,CLI-0299,"Monitor Samsung 24"" FHD",Monitores,3,189770
11549,2024-08-06,CLI-0262,Teclado Apple Magic,Perifericos,1,99480
11550,2024-08-06,CLI-0176,SSD Samsung 970 EVO 1TB,Almacenamiento,2,118020
11551,2024-08-06,CLI-0036,"Monitor UltraWide 34""",Monitores,1,534990
11552,2024-08-06,CLI-0068,PC Escritorio Dell OptiPlex,Desktops,1,730890
11553,2024-08-06,CLI-0268,NAS Synology DS220+,Almacenamiento,3,504460
11554,2024-08-06,CLI-0077,Router TP-Link Archer,Redes,1,97500
11555,2024-08-06,CLI-0244,Repetidor WiFi Mesh,Redes,2,86140
11556,2024-08-07,CLI-0273,NAS Synology DS220+,Almacenamiento,3,480690
11557,2024-08-07,CLI-0048,SSD NVMe Kingston 500GB,Almacenamiento,3,60400
11558,2024-08-07,CLI-0277,Notebook HP 15s,Laptops,6,586450
11559,2024-08-07,CLI-0221,Pendrive Kingston 256GB,Almacenamiento,2,26620
11560,2024-08-07,CLI-0023,Windows 11 Pro,Software,2,133620
11561,2024-08-07,CLI-0118,SSD NVMe Kingston 500GB,Almacenamiento,4,61260
11562,2024-08-07,CLI-0196,Dock Station HP,Perifericos,2,197820
11563,2024-08-08,CLI-0295,PC Escritorio Dell OptiPlex,Desktops,2,693970
11564,2024-08-08,CLI-0131,SSD NVMe Kingston 500GB,Almacenamiento,4,62360
11565,2024-08-08,CLI-0043,Webcam Logitech C925e,Perifericos,2,96330
11566,2024-08-08,CLI-0279,Micrófono Blue Yeti X,Audio,1,210210
11567,2024-08-08,CLI-0003,Notebook HP 15s,Laptops,2,515530
11568,2024-08-08,CLI-0061,Pendrive Kingston 256GB,Almacenamiento,1,24610
11569,2024-08-08,CLI-0106,Windows 11 Pro,Software,4,129460
11570,2024-08-08,CLI-0210,Auriculares Sony XM5,Audio,1,213010
11571,2024-08-08,CLI-0219,Antivirus ESET 3 PCs,Software,2,44040
11572,2024-08-08,CLI-0134,SSD Externo Samsung T7,Almacenamiento,2,96500
11573,2024-08-09,CLI-0188,Repetidor WiFi Mesh,Redes,1,87140
11574,2024-08-09,CLI-0204,"Monitor Portátil 15""",Monitores,2,214220
11575,2024-08-09,CLI-0286,SSD NVMe Kingston 500GB,Almacenamiento,1,62950
11576,2024-08-09,CLI-0287,Router Eero Pro 6,Redes,2,301670
11577,2024-08-09,CLI-0158,Switch Cisco 24p,Redes,1,266910
11578,2024-08-09,CLI-0204,Mini PC ASUS PN50,Desktops,5,499790
11579,2024-08-09,CLI-0061,"Monitor UltraWide 34""",Monitores,2,577210
11580,2024-08-09,CLI-0083,PC Escritorio Dell OptiPlex,Desktops,1,743540
11581,2024-08-09,CLI-0206,Soporte Laptop Ergotron,Perifericos,4,71710
11582,2024-08-09,CLI-0027,"Monitor LG 27"" 4K",Monitores,1,377080
11583,2024-08-09,CLI-0003,Chromebook Acer,Laptops,4,335210
11584,2024-08-12,CLI-0242,Router TP-Link Archer,Redes,2,93730
11585,2024-08-12,CLI-0033,Teclado Apple Magic,Perifericos,1,103180
11586,2024-08-12,CLI-0041,Router TP-Link Archer,Redes,1,94210
11587,2024-08-12,CLI-0197,Headset Logitech G535,Audio,2,86420
11588,2024-08-12,CLI-0267,Webcam Logitech C925e,Perifericos,3,101900
11589,2024-08-12,CLI-0030,"Monitor Samsung 24"" FHD",Monitores,3,178280
11590,2024-08-13,CLI-0225,Notebook HP 15s,Laptops,1,567870
11591,2024-08-13,CLI-0266,Webcam Logitech C925e,Perifericos,1,105830
11592,2024-08-13,CLI-0262,Pendrive Kingston 256GB,Almacenamiento,3,27070
11593,2024-08-13,CLI-0087,AutoCAD LT 2025,Software,1,633390
11594,2024-08-13,CLI-0123,Antivirus ESET 3 PCs,Software,1,41640
11595,2024-08-13,CLI-0081,Chromebook Acer,Laptops,15,315770
11596,2024-08-13,CLI-0205,Dock Station HP,Perifericos,3,184090
11597,2024-08-13,CLI-0208,Access Point Ubiquiti U6,Redes,1,249350
11598,2024-08-13,CLI-0008,Notebook ASUS VivoBook,Laptops,6,488570
11599,2024-08-13,CLI-0282,Webcam Logitech C925e,Perifericos,3,109670
11600,2024-08-13,CLI-0287,Access Point Ubiquiti U6,Redes,1,266150
11601,2024-08-14,CLI-0142,"Monitor UltraWide 34""",Monitores,2,543900
11602,2024-08-14,CLI-0100,SSD Samsung 970 EVO 1TB,Almacenamiento,6,128840
11603,2024-08-14,CLI-0295,Notebook HP 15s,Laptops,1,577280
11604,2024-08-14,CLI-0209,NAS Synology DS220+,Almacenamiento,1,504220
11605,2024-08-14,CLI-0038,NAS Synology DS220+,Almacenamiento,1,504050
11606,2024-08-15,CLI-0060,NAS Synology DS220+,Almacenamiento,8,525730
11607,2024-08-15,CLI-0276,Switch Cisco 24p,Redes,1,267980
11608,2024-08-15,CLI-0227,AirPods Pro 2,Audio,2,259560
11609,2024-08-15,CLI-0125,Soporte Laptop Ergotron,Perifericos,10,70910
11610,2024-08-15,CLI-0235,AutoCAD LT 2025,Software,2,576320
11611,2024-08-15,CLI-0015,SSD NVMe Kingston 500GB,Almacenamiento,1,58540
11612,2024-08-15,CLI-0035,AirPods Pro 2,Audio,3,246030
11613,2024-08-15,CLI-0113,AutoCAD LT 2025,Software,3,608410
11614,2024-08-16,CLI-0162,Micrófono Blue Yeti X,Audio,8,188300
11615,2024-08-16,CLI-0265,SSD Externo Samsung T7,Almacenamiento,1,87260
11616,2024-08-16,CLI-0135,Mouse Logitech MX Master 3,Perifericos,1,90730
11617,2024-08-16,CLI-0205,AutoCAD LT 2025,Software,3,652360
11618,2024-08-16,CLI-0176,Notebook ASUS VivoBook,Laptops,2,477360
11619,2024-08-16,CLI-0092,SSD NVMe Kingston 500GB,Almacenamiento,1,64800
11620,2024-08-16,CLI-0112,Switch Cisco 24p,Redes,1,271270
11621,2024-08-16,CLI-0098,Disco Externo Seagate 4TB,Almacenamiento,3,106750
11622,2024-08-16,CLI-0121,Mouse Logitech MX Master 3,Perifericos,5,94760
11623,2024-08-16,CLI-0106,"Monitor UltraWide 34""",Monitores,1,611050
11624,2024-08-16,CLI-0128,Repetidor WiFi Mesh,Redes,1,81490
11625,2024-08-16,CLI-0055,All-in-One HP 24,Desktops,6,768500
11626,2024-08-16,CLI-0253,Repetidor WiFi Mesh,Redes,1,88400
11627,2024-08-16,CLI-0278,MacBook Air M2,Laptops,5,1318230
11628,2024-08-16,CLI-0191,Repetidor WiFi Mesh,Redes,1,83080
11629,2024-08-16,CLI-0295,Teclado Mecánico Keychron K2,Perifericos,2,156540
11630,2024-08-19,CLI-0262,Teclado Mecánico Keychron K2,Perifericos,1,155200
11631,2024-08-19,CLI-0296,Mini PC ASUS PN50,Desktops,1,431000
11632,2024-08-19,CLI-0217,SSD NVMe Kingston 500GB,Almacenamiento,8,63910
11633,2024-08-19,CLI-0017,NAS Synology DS220+,Almacenamiento,1,532600
11634,2024-08-19,CLI-0090,SSD Samsung 970 EVO 1TB,Almacenamiento,10,130730
11635,2024-08-19,CLI-0266,SSD Samsung 970 EVO 1TB,Almacenamiento,1,119760
11636,2024-08-19,CLI-0005,Notebook HP 15s,Laptops,3,509340
11637,2024-08-20,CLI-0195,Access Point Ubiquiti U6,Redes,1,257190
11638,2024-08-20,CLI-0186,Repetidor WiFi Mesh,Redes,5,81730
11639,2024-08-20,CLI-0096,Router Eero Pro 6,Redes,1,291580
11640,2024-08-20,CLI-0138,SSD NVMe Kingston 500GB,Almacenamiento,8,58080
11641,2024-08-20,CLI-0176,Auriculares Sony XM5,Audio,1,217950
11642,2024-08-20,CLI-0218,"Monitor Portátil 15""",Monitores,2,218140
11643,2024-08-20,CLI-0191,Auriculares Sony XM5,Audio,5,214790
11644,2024-08-20,CLI-0144,Soundbar LG,Audio,1,148450
11645,2024-08-20,CLI-0068,Switch Cisco 24p,Redes,3,260750
11646,2024-08-20,CLI-0052,Teclado Mecánico Keychron K2,Perifericos,4,148160
11647,2024-08-21,CLI-0285,Parlante UE Boom 3,Audio,5,101310
11648,2024-08-21,CLI-0101,Workstation HP Z2,Desktops,4,1372650
11649,2024-08-21,CLI-0077,SSD NVMe Kingston 500GB,Almacenamiento,4,66180
11650,2024-08-21,CLI-0091,Micrófono Blue Yeti X,Audio,2,185660
11651,2024-08-21,CLI-0265,SSD Externo Samsung T7,Almacenamiento,3,99300
11652,2024-08-21,CLI-0250,Hub USB-C Anker,Perifericos,1,60580
11653,2024-08-22,CLI-0291,Notebook Lenovo ThinkPad,Laptops,1,896650
11654,2024-08-22,CLI-0084,Notebook Lenovo ThinkPad,Laptops,1,899330
11655,2024-08-22,CLI-0131,SSD NVMe Kingston 500GB,Almacenamiento,4,63980
11656,2024-08-22,CLI-0050,Soundbar LG,Audio,3,143230
11657,2024-08-22,CLI-0134,Auriculares Sony XM5,Audio,1,244380
11658,2024-08-22,CLI-0286,Teclado Apple Magic,Perifericos,1,104910
11659,2024-08-22,CLI-0211,All-in-One HP 24,Desktops,1,865280
11660,2024-08-22,CLI-0102,Switch Cisco 24p,Redes,2,253660
11661,2024-08-22,CLI-0276,"Monitor Samsung 24"" FHD",Monitores,10,162210
11662,2024-08-22,CLI-0146,Dock Station HP,Perifericos,1,196950
11663,2024-08-22,CLI-0262,Disco Externo Seagate 4TB,Almacenamiento,4,113970
11664,2024-08-22,CLI-0229,Chromebook Acer,Laptops,1,307360
11665,2024-08-22,CLI-0147,SSD Samsung 970 EVO 1TB,Almacenamiento,3,121000
11666,2024-08-23,CLI-0075,"Monitor LG 27"" 4K",Monitores,3,355010
11667,2024-08-23,CLI-0173,Micrófono Blue Yeti X,Audio,3,211420
11668,2024-08-23,CLI-0293,Headset Logitech G535,Audio,5,88270
11669,2024-08-23,CLI-0037,Chromebook Acer,Laptops,1,301530
11670,2024-08-23,CLI-0117,Mousepad XL RGB,Perifericos,1,30020
11671,2024-08-23,CLI-0150,Teclado Mecánico Keychron K2,Perifericos,2,156320
11672,2024-08-23,CLI-0203,Teclado Mecánico Keychron K2,Perifericos,5,155220
11673,2024-08-26,CLI-0186,Access Point Ubiquiti U6,Redes,2,239080
11674,2024-08-26,CLI-0231,Micrófono Blue Yeti X,Audio,1,189160
11675,2024-08-26,CLI-0012,Mini PC ASUS PN50,Desktops,3,463040
11676,2024-08-26,CLI-0129,Windows 11 Pro,Software,3,114870
11677,2024-08-26,CLI-0108,"Monitor LG 27"" 4K",Monitores,1,369060
11678,2024-08-26,CLI-0049,Notebook ASUS VivoBook,Laptops,8,500320
11679,2024-08-26,CLI-0243,Router Eero Pro 6,Redes,1,322750
11680,2024-08-26,CLI-0204,Pendrive Kingston 256GB,Almacenamiento,4,25930
11681,2024-08-27,CLI-0043,PC Escritorio Dell OptiPlex,Desktops,1,671310
11682,2024-08-27,CLI-0080,Chromebook Acer,Laptops,3,290620
11683,2024-08-27,CLI-0200,Hub USB-C Anker,Perifericos,1,58330
11684,2024-08-27,CLI-0146,Soundbar LG,Audio,3,167550
11685,2024-08-27,CLI-0068,Pendrive Kingston 256GB,Almacenamiento,4,23860
11686,2024-08-27,CLI-0015,MacBook Air M2,Laptops,3,1253430
11687,2024-08-27,CLI-0167,SSD NVMe Kingston 500GB,Almacenamiento,2,64580
11688,2024-08-27,CLI-0277,Teclado Mecánico Keychron K2,Perifericos,2,163360
11689,2024-08-27,CLI-0070,Windows 11 Pro,Software,2,125090
11690,2024-08-27,CLI-0234,Licencia Office 365 Anual,Software,3,94930
11691,2024-08-27,CLI-0289,Parlante UE Boom 3,Audio,2,106750
11692,2024-08-28,CLI-0274,Hub USB-C Anker,Perifericos,6,60800
11693,2024-08-28,CLI-0247,SSD Externo Samsung T7,Almacenamiento,1,86080
11694,2024-08-28,CLI-0046,Soundbar LG,Audio,1,163590
11695,2024-08-28,CLI-0212,Teclado Apple Magic,Perifericos,1,96480
11696,2024-08-28,CLI-0006,Notebook HP 15s,Laptops,2,521740
11697,2024-08-28,CLI-0070,Dock Station HP,Perifericos,1,181030
11698,2024-08-28,CLI-0274,Notebook HP 15s,Laptops,3,543740
11699,2024-08-28,CLI-0252,SSD NVMe Kingston 500GB,Almacenamiento,1,60440
11700,2024-08-28,CLI-0221,Webcam Logitech C925e,Perifericos,2,97960
11701,2024-08-28,CLI-0004,Router Eero Pro 6,Redes,1,308060
11702,2024-08-28,CLI-0211,Router Eero Pro 6,Redes,2,305640
11703,2024-08-28,CLI-0128,"Monitor LG 27"" 4K",Monitores,3,377750
11704,2024-08-28,CLI-0200,AirPods Pro 2,Audio,1,275010
11705,2024-08-28,CLI-0041,Parlante UE Boom 3,Audio,3,106020
11706,2024-08-29,CLI-0265,Repetidor WiFi Mesh,Redes,4,88260
11707,2024-08-29,CLI-0140,Webcam Logitech C925e,Perifericos,3,96680
11708,2024-08-29,CLI-0273,Teclado Mecánico Keychron K2,Perifericos,2,152930
11709,2024-08-29,CLI-0036,"Monitor Samsung 24"" FHD",Monitores,1,188400
11710,2024-08-29,CLI-0057,Licencia Office 365 Anual,Software,2,99860
11711,2024-08-29,CLI-0232,Teclado Mecánico Keychron K2,Perifericos,3,153030
11712,2024-08-30,CLI-0252,"Monitor Curvo 32"" QHD",Monitores,1,484630
11713,2024-08-30,CLI-0078,Notebook Lenovo ThinkPad,Laptops,10,813810
11714,2024-08-30,CLI-0012,"Monitor Samsung 24"" FHD",Monitores,10,165920
11715,2024-08-30,CLI-0145,Teclado Mecánico Keychron K2,Perifericos,1,158080
11716,2024-08-30,CLI-0225,Notebook HP 15s,Laptops,1,525070
11717,2024-08-30,CLI-0078,Notebook HP 15s,Laptops,2,563110
11718,2024-08-30,CLI-0176,Micrófono Blue Yeti X,Audio,1,191960
11719,2024-08-30,CLI-0256,Auriculares Sony XM5,Audio,2,241780
11720,2024-08-30,CLI-0017,Soporte Laptop Ergotron,Perifericos,1,76140
11721,2024-08-30,CLI-0075,Notebook Lenovo ThinkPad,Laptops,1,878730
11722,2024-08-30,CLI-0201,Notebook ASUS VivoBook,Laptops,2,507680
11723,2024-08-30,CLI-0093,"Monitor Curvo 32"" QHD",Monitores,6,448690
11724,2024-09-02,CLI-0129,AirPods Pro 2,Audio,4,275000
11725,2024-09-02,CLI-0063,Mouse Logitech MX Master 3,Perifericos,1,98430
11726,2024-09-02,CLI-0227,Mouse Logitech MX Master 3,Perifericos,3,99610
11727,2024-09-02,CLI-0018,"Monitor Curvo 32"" QHD",Monitores,2,496250
11728,2024-09-02,CLI-0049,Pendrive Kingston 256GB,Almacenamiento,3,27900
11729,2024-09-02,CLI-0107,SSD NVMe Kingston 500GB,Almacenamiento,1,59680
11730,2024-09-02,CLI-0160,Mousepad XL RGB,Perifericos,1,33340
11731,2024-09-02,CLI-0022,Router Eero Pro 6,Redes,2,315540
11732,2024-09-02,CLI-0130,SSD NVMe Kingston 500GB,Almacenamiento,3,61620
11733,2024-09-02,CLI-0102,Auriculares Sony XM5,Audio,5,231000
11734,2024-09-03,CLI-0112,All-in-One HP 24,Desktops,1,797550
11735,2024-09-03,CLI-0223,Mousepad XL RGB,Perifericos,1,29110
11736,2024-09-03,CLI-0142,Access Point Ubiquiti U6,Redes,1,259850
11737,2024-09-03,CLI-0125,Notebook HP 15s,Laptops,10,585390
11738,2024-09-03,CLI-0298,Windows 11 Pro,Software,2,127390
11739,2024-09-03,CLI-0080,Auriculares Sony XM5,Audio,4,229560
11740,2024-09-03,CLI-0128,"Monitor LG 27"" 4K",Monitores,2,359830
11741,2024-09-03,CLI-0174,Licencia Office 365 Anual,Software,1,93060
11742,2024-09-04,CLI-0183,Antivirus ESET 3 PCs,Software,1,39580
11743,2024-09-04,CLI-0275,PC Escritorio Dell OptiPlex,Desktops,1,753220
11744,2024-09-04,CLI-0120,Mousepad XL RGB,Perifericos,12,32490
11745,2024-09-04,CLI-0178,Soundbar LG,Audio,3,157860
11746,2024-09-04,CLI-0011,Windows 11 Pro,Software,1,132040
11747,2024-09-04,CLI-0069,Teclado Apple Magic,Perifericos,6,100510
11748,2024-09-04,CLI-0249,Soundbar LG,Audio,2,165510
11749,2024-09-05,CLI-0278,Windows 11 Pro,Software,2,123850
11750,2024-09-05,CLI-0291,"Monitor Samsung 24"" FHD",Monitores,2,188870
11751,2024-09-05,CLI-0166,SSD Samsung 970 EVO 1TB,Almacenamiento,1,122680
11752,2024-09-05,CLI-0284,"Monitor LG 27"" 4K",Monitores,1,367800
11753,2024-09-05,CLI-0080,Soundbar LG,Audio,1,146150
11754,2024-09-05,CLI-0135,SSD Externo Samsung T7,Almacenamiento,1,89480
11755,2024-09-05,CLI-0001,Licencia Office 365 Anual,Software,2,98690
11756,2024-09-05,CLI-0095,Notebook Dell Inspiron,Laptops,2,634120
11757,2024-09-05,CLI-0187,Repetidor WiFi Mesh,Redes,1,81780
11758,2024-09-05,CLI-0033,Adobe Creative Cloud,Software,10,79810
11759,2024-09-05,CLI-0199,"Monitor Curvo 32"" QHD",Monitores,2,467360
11760,2024-09-05,CLI-0255,Router Eero Pro 6,Redes,1,327260
11761,2024-09-05,CLI-0145,Mousepad XL RGB,Perifericos,2,33160
11762,2024-09-06,CLI-0165,All-in-One HP 24,Desktops,1,827630
11763,2024-09-06,CLI-0035,MacBook Air M2,Laptops,4,1270810
11764,2024-09-06,CLI-0067,"Monitor Samsung 24"" FHD",Monitores,5,175300
11765,2024-09-06,CLI-0104,PC Escritorio Dell OptiPlex,Desktops,2,716180
11766,2024-09-09,CLI-0051,MacBook Air M2,Laptops,2,1248190
11767,2024-09-09,CLI-0199,Adobe Creative Cloud,Software,2,82820
11768,2024-09-09,CLI-0132,Notebook Lenovo ThinkPad,Laptops,1,928940
11769,2024-09-09,CLI-0037,Notebook HP 15s,Laptops,8,572850
11770,2024-09-09,CLI-0107,Antivirus ESET 3 PCs,Software,2,40530
11771,2024-09-09,CLI-0041,SSD Samsung 970 EVO 1TB,Almacenamiento,4,130790
11772,2024-09-09,CLI-0032,Auriculares Sony XM5,Audio,2,241740
11773,2024-09-09,CLI-0213,Auriculares Sony XM5,Audio,4,216110
11774,2024-09-09,CLI-0030,Repetidor WiFi Mesh,Redes,1,84290
11775,2024-09-09,CLI-0021,Notebook ASUS VivoBook,Laptops,4,472000
11776,2024-09-10,CLI-0040,"Monitor Portátil 15""",Monitores,10,213690
11777,2024-09-10,CLI-0050,PC Escritorio Dell OptiPlex,Desktops,3,699470
11778,2024-09-10,CLI-0273,AirPods Pro 2,Audio,1,260450
11779,2024-09-10,CLI-0270,Adobe Creative Cloud,Software,1,89160
11780,2024-09-10,CLI-0092,Router Eero Pro 6,Redes,3,306060
11781,2024-09-10,CLI-0213,PC Escritorio Dell OptiPlex,Desktops,4,771750
11782,2024-09-10,CLI-0296,Dock Station HP,Perifericos,3,212980
11783,2024-09-10,CLI-0219,PC Escritorio Dell OptiPlex,Desktops,1,771650
11784,2024-09-10,CLI-0093,Router Eero Pro 6,Redes,2,295310
11785,2024-09-10,CLI-0173,Adobe Creative Cloud,Software,1,87440
11786,2024-09-10,CLI-0227,Dock Station HP,Perifericos,6,182800
11787,2024-09-10,CLI-0282,Mousepad XL RGB,Perifericos,5,30660
11788,2024-09-11,CLI-0212,Licencia Office 365 Anual,Software,2,94080
11789,2024-09-11,CLI-0166,Router TP-Link Archer,Redes,1,91910
11790,2024-09-11,CLI-0280,"Monitor Portátil 15""",Monitores,1,218380
11791,2024-09-11,CLI-0282,Teclado Apple Magic,Perifericos,1,107480
11792,2024-09-11,CLI-0232,Soundbar LG,Audio,8,155200
11793,2024-09-11,CLI-0001,MacBook Air M2,Laptops,12,1326360
11794,2024-09-11,CLI-0009,Pendrive Kingston 256GB,Almacenamiento,1,24870
11795,2024-09-11,CLI-0155,Notebook HP 15s,Laptops,1,522120
11796,2024-09-11,CLI-0114,"Monitor Portátil 15""",Monitores,5,212740
11797,2024-09-11,CLI-0012,Windows 11 Pro,Software,4,134210
11798,2024-09-11,CLI-0284,NAS Synology DS220+,Almacenamiento,2,479000
11799,2024-09-11,CLI-0293,Workstation HP Z2,Desktops,1,1297840
11800,2024-09-11,CLI-0236,Dock Station HP,Perifericos,1,186190
11801,2024-09-11,CLI-0136,Auriculares Sony XM5,Audio,5,241990
11802,2024-09-12,CLI-0128,"Monitor UltraWide 34""",Monitores,1,616910
11803,2024-09-12,CLI-0154,Chromebook Acer,Laptops,2,287640
11804,2024-09-12,CLI-0292,"Monitor Portátil 15""",Monitores,3,209870
11805,2024-09-12,CLI-0167,SSD NVMe Kingston 500GB,Almacenamiento,1,62510
11806,2024-09-12,CLI-0296,PC Escritorio Dell OptiPlex,Desktops,2,763800
11807,2024-09-12,CLI-0154,MacBook Air M2,Laptops,3,1219090
11808,2024-09-12,CLI-0296,AirPods Pro 2,Audio,1,256260
11809,2024-09-13,CLI-0029,Soporte Laptop Ergotron,Perifericos,1,71550
11810,2024-09-13,CLI-0223,Micrófono Blue Yeti X,Audio,8,210010
11811,2024-09-13,CLI-0062,"Monitor UltraWide 34""",Monitores,3,526480
11812,2024-09-13,CLI-0006,Licencia Office 365 Anual,Software,4,90580
11813,2024-09-13,CLI-0196,Notebook Lenovo ThinkPad,Laptops,1,891770
11814,2024-09-13,CLI-0022,Mousepad XL RGB,Perifericos,2,30360
11815,2024-09-13,CLI-0077,Mousepad XL RGB,Perifericos,2,30050
11816,2024-09-13,CLI-0114,Workstation HP Z2,Desktops,1,1343340
11817,2024-09-13,CLI-0202,Soundbar LG,Audio,3,148040
11818,2024-09-13,CLI-0295,NAS Synology DS220+,Almacenamiento,1,501560
11819,2024-09-13,CLI-0222,Webcam Logitech C925e,Perifericos,4,107430
11820,2024-09-13,CLI-0076,Mini PC ASUS PN50,Desktops,1,473630
11821,2024-09-13,CLI-0244,Switch Cisco 24p,Redes,3,243060
11822,2024-09-16,CLI-0281,Headset Logitech G535,Audio,1,97550
11823,2024-09-16,CLI-0205,NAS Synology DS220+,Almacenamiento,2,488050
11824,2024-09-16,CLI-0067,Mini PC ASUS PN50,Desktops,2,489160
11825,2024-09-16,CLI-0102,Disco Externo Seagate 4TB,Almacenamiento,1,109010
11826,2024-09-16,CLI-0293,"Monitor Curvo 32"" QHD",Monitores,2,444530
11827,2024-09-16,CLI-0269,Mouse Logitech MX Master 3,Perifericos,1,93550
11828,2024-09-16,CLI-0137,Parlante UE Boom 3,Audio,1,96220
11829,2024-09-16,CLI-0295,Chromebook Acer,Laptops,1,298280
11830,2024-09-16,CLI-0212,Parlante UE Boom 3,Audio,1,107720
11831,2024-09-16,CLI-0098,Mousepad XL RGB,Perifericos,1,32870
11832,2024-09-16,CLI-0013,Hub USB-C Anker,Perifericos,1,53350
11833,2024-09-16,CLI-0180,Repetidor WiFi Mesh,Redes,4,88280
11834,2024-09-16,CLI-0227,Repetidor WiFi Mesh,Redes,1,87150
11835,2024-09-16,CLI-0023,"Monitor UltraWide 34""",Monitores,1,605820
11836,2024-09-17,CLI-0192,Workstation HP Z2,Desktops,3,1357420
11837,2024-09-17,CLI-0044,All-in-One HP 24,Desktops,3,852330
11838,2024-09-17,CLI-0125,Repetidor WiFi Mesh,Redes,6,88770
11839,2024-09-17,CLI-0148,Notebook HP 15s,Laptops,1,515960
11840,2024-09-17,CLI-0057,Hub USB-C Anker,Perifericos,2,55500
11841,2024-09-17,CLI-0012,Soporte Laptop Ergotron,Perifericos,1,67810
11842,2024-09-17,CLI-0276,"Monitor Portátil 15""",Monitores,1,222790
11843,2024-09-17,CLI-0268,Teclado Apple Magic,Perifericos,2,103080
11844,2024-09-17,CLI-0073,Windows 11 Pro,Software,3,128290
11845,2024-09-17,CLI-0010,AirPods Pro 2,Audio,2,274180
11846,2024-09-17,CLI-0270,MacBook Air M2,Laptops,1,1346030
11847,2024-09-17,CLI-0031,Webcam Logitech C925e,Perifericos,1,98360
11848,2024-09-18,CLI-0139,Notebook Lenovo ThinkPad,Laptops,2,885980
11849,2024-09-18,CLI-0005,Notebook ASUS VivoBook,Laptops,1,470000
11850,2024-09-18,CLI-0139,Adobe Creative Cloud,Software,5,78330
11851,2024-09-18,CLI-0185,PC Escritorio Dell OptiPlex,Desktops,1,683370
11852,2024-09-18,CLI-0198,"Monitor UltraWide 34""",Monitores,10,535690
11853,2024-09-18,CLI-0261,PC Escritorio Dell OptiPlex,Desktops,6,744040
11854,2024-09-18,CLI-0249,Router TP-Link Archer,Redes,2,91360
11855,2024-09-18,CLI-0096,"Monitor Curvo 32"" QHD",Monitores,2,446770
11856,2024-09-19,CLI-0235,Router Eero Pro 6,Redes,6,313940
11857,2024-09-19,CLI-0012,MacBook Air M2,Laptops,1,1334840
11858,2024-09-19,CLI-0272,Hub USB-C Anker,Perifericos,1,56140
11859,2024-09-19,CLI-0202,"Monitor LG 27"" 4K",Monitores,1,383550
11860,2024-09-19,CLI-0181,Dock Station HP,Perifericos,3,184160
11861,2024-09-19,CLI-0121,NAS Synology DS220+,Almacenamiento,1,518340
11862,2024-09-19,CLI-0032,Licencia Office 365 Anual,Software,1,100900
11863,2024-09-19,CLI-0199,Notebook Dell Inspiron,Laptops,8,680550
11864,2024-09-19,CLI-0144,"Monitor UltraWide 34""",Monitores,1,579280
11865,2024-09-19,CLI-0202,Adobe Creative Cloud,Software,1,84880
11866,2024-09-19,CLI-0196,Pendrive Kingston 256GB,Almacenamiento,10,25380
11867,2024-09-19,CLI-0117,Micrófono Blue Yeti X,Audio,1,203260
11868,2024-09-20,CLI-0079,Parlante UE Boom 3,Audio,10,105580
11869,2024-09-20,CLI-0169,Soundbar LG,Audio,2,146480
11870,2024-09-20,CLI-0106,Antivirus ESET 3 PCs,Software,1,39890
11871,2024-09-20,CLI-0278,AutoCAD LT 2025,Software,4,606900
11872,2024-09-20,CLI-0071,Hub USB-C Anker,Perifericos,3,59300
11873,2024-09-20,CLI-0269,Mini PC ASUS PN50,Desktops,2,444310
11874,2024-09-20,CLI-0075,Antivirus ESET 3 PCs,Software,8,39370
11875,2024-09-20,CLI-0081,Mousepad XL RGB,Perifericos,1,28920
11876,2024-09-20,CLI-0273,All-in-One HP 24,Desktops,1,881670
11877,2024-09-20,CLI-0075,Notebook Dell Inspiron,Laptops,4,664750
11878,2024-09-23,CLI-0212,Micrófono Blue Yeti X,Audio,1,199440
11879,2024-09-23,CLI-0141,Workstation HP Z2,Desktops,4,1304950
11880,2024-09-24,CLI-0055,Mini PC ASUS PN50,Desktops,1,499690
11881,2024-09-24,CLI-0137,Router TP-Link Archer,Redes,2,90410
11882,2024-09-24,CLI-0119,Router TP-Link Archer,Redes,1,96270
11883,2024-09-24,CLI-0014,Dock Station HP,Perifericos,1,183490
11884,2024-09-24,CLI-0245,Mini PC ASUS PN50,Desktops,2,502120
11885,2024-09-24,CLI-0241,Antivirus ESET 3 PCs,Software,1,44790
11886,2024-09-24,CLI-0199,Disco Externo Seagate 4TB,Almacenamiento,2,118770
11887,2024-09-24,CLI-0084,"Monitor Curvo 32"" QHD",Monitores,1,465380
11888,2024-09-24,CLI-0210,Notebook HP 15s,Laptops,6,526500
11889,2024-09-24,CLI-0212,"Monitor UltraWide 34""",Monitores,3,600590
11890,2024-09-24,CLI-0104,"Monitor Portátil 15""",Monitores,1,215860
11891,2024-09-25,CLI-0225,Repetidor WiFi Mesh,Redes,2,82690
11892,2024-09-25,CLI-0167,SSD Samsung 970 EVO 1TB,Almacenamiento,5,131310
11893,2024-09-25,CLI-0219,Headset Logitech G535,Audio,4,96340
11894,2024-09-25,CLI-0195,Mousepad XL RGB,Perifericos,1,31900
11895,2024-09-25,CLI-0293,Router TP-Link Archer,Redes,2,95830
11896,2024-09-25,CLI-0020,Pendrive Kingston 256GB,Almacenamiento,1,25040
11897,2024-09-25,CLI-0234,MacBook Air M2,Laptops,5,1222370
11898,2024-09-26,CLI-0126,Pendrive Kingston 256GB,Almacenamiento,2,24930
11899,2024-09-26,CLI-0021,Router Eero Pro 6,Redes,1,297480
11900,2024-09-26,CLI-0026,"Monitor Curvo 32"" QHD",Monitores,1,474570
11901,2024-09-26,CLI-0204,Hub USB-C Anker,Perifericos,4,54740
11902,2024-09-26,CLI-0147,SSD Samsung 970 EVO 1TB,Almacenamiento,1,116090
11903,2024-09-26,CLI-0151,Repetidor WiFi Mesh,Redes,6,86750
11904,2024-09-26,CLI-0265,Workstation HP Z2,Desktops,2,1325270
11905,2024-09-26,CLI-0232,Chromebook Acer,Laptops,3,306010
11906,2024-09-26,CLI-0058,"Monitor Samsung 24"" FHD",Monitores,4,174850
11907,2024-09-27,CLI-0280,Mini PC ASUS PN50,Desktops,1,487310
11908,2024-09-27,CLI-0166,Soundbar LG,Audio,1,166960
11909,2024-09-27,CLI-0233,Access Point Ubiquiti U6,Redes,6,266680
11910,2024-09-27,CLI-0104,SSD Samsung 970 EVO 1TB,Almacenamiento,1,123430
11911,2024-09-27,CLI-0166,Windows 11 Pro,Software,3,129740
11912,2024-09-27,CLI-0084,All-in-One HP 24,Desktops,1,826380
11913,2024-09-27,CLI-0231,Licencia Office 365 Anual,Software,1,92310
11914,2024-09-27,CLI-0269,AirPods Pro 2,Audio,3,261040
11915,2024-09-27,CLI-0262,Repetidor WiFi Mesh,Redes,8,80760
11916,2024-09-27,CLI-0194,Router Eero Pro 6,Redes,1,292230
11917,2024-09-27,CLI-0088,Soporte Laptop Ergotron,Perifericos,2,71800
11918,2024-09-27,CLI-0077,"Monitor LG 27"" 4K",Monitores,5,342080
11919,2024-09-27,CLI-0092,Notebook Lenovo ThinkPad,Laptops,2,871320
11920,2024-09-30,CLI-0159,Soundbar LG,Audio,1,149740
11921,2024-09-30,CLI-0093,All-in-One HP 24,Desktops,6,781200
11922,2024-09-30,CLI-0104,Notebook HP 15s,Laptops,3,526210
11923,2024-09-30,CLI-0130,Notebook HP 15s,Laptops,2,531310
11924,2024-09-30,CLI-0256,SSD Externo Samsung T7,Almacenamiento,4,92110
11925,2024-09-30,CLI-0253,Mouse Logitech MX Master 3,Perifericos,1,94020
11926,2024-09-30,CLI-0244,SSD Samsung 970 EVO 1TB,Almacenamiento,2,114830
11927,2024-09-30,CLI-0041,Router TP-Link Archer,Redes,2,88530
11928,2024-09-30,CLI-0126,Router Eero Pro 6,Redes,1,291700
11929,2024-09-30,CLI-0286,"Monitor Portátil 15""",Monitores,1,209640
11930,2024-10-01,CLI-0076,Notebook Lenovo ThinkPad,Laptops,3,848710
11931,2024-10-01,CLI-0019,Workstation HP Z2,Desktops,5,1255080
11932,2024-10-01,CLI-0296,Router TP-Link Archer,Redes,1,100680
11933,2024-10-01,CLI-0045,Notebook Lenovo ThinkPad,Laptops,1,832570
11934,2024-10-01,CLI-0092,"Monitor LG 27"" 4K",Monitores,3,343900
11935,2024-10-01,CLI-0294,Router Eero Pro 6,Redes,1,295760
11936,2024-10-01,CLI-0234,Access Point Ubiquiti U6,Redes,1,281360
11937,2024-10-01,CLI-0019,Chromebook Acer,Laptops,4,319390
11938,2024-10-02,CLI-0166,Auriculares Sony XM5,Audio,6,226950
11939,2024-10-02,CLI-0035,Parlante UE Boom 3,Audio,5,102550
11940,2024-10-02,CLI-0034,Webcam Logitech C925e,Perifericos,2,111700
11941,2024-10-02,CLI-0063,Windows 11 Pro,Software,5,118350
11942,2024-10-02,CLI-0169,Pendrive Kingston 256GB,Almacenamiento,2,28190
11943,2024-10-02,CLI-0108,Windows 11 Pro,Software,1,122960
11944,2024-10-02,CLI-0030,PC Escritorio Dell OptiPlex,Desktops,2,748900
11945,2024-10-03,CLI-0271,Chromebook Acer,Laptops,2,334700
11946,2024-10-03,CLI-0148,Parlante UE Boom 3,Audio,2,105620
11947,2024-10-03,CLI-0163,Teclado Apple Magic,Perifericos,2,107910
11948,2024-10-03,CLI-0182,Mini PC ASUS PN50,Desktops,2,443840
11949,2024-10-03,CLI-0255,Pendrive Kingston 256GB,Almacenamiento,3,26250
11950,2024-10-03,CLI-0255,Disco Externo Seagate 4TB,Almacenamiento,4,118130
11951,2024-10-03,CLI-0120,Webcam Logitech C925e,Perifericos,10,103760
11952,2024-10-03,CLI-0001,All-in-One HP 24,Desktops,1,789840
11953,2024-10-03,CLI-0061,"Monitor Portátil 15""",Monitores,4,200430
11954,2024-10-03,CLI-0213,Micrófono Blue Yeti X,Audio,1,209800
11955,2024-10-03,CLI-0180,Router Eero Pro 6,Redes,4,290140
11956,2024-10-03,CLI-0109,Notebook HP 15s,Laptops,3,572350
11957,2024-10-03,CLI-0145,Teclado Apple Magic,Perifericos,4,112840
11958,2024-10-03,CLI-0158,Hub USB-C Anker,Perifericos,2,52940
11959,2024-10-03,CLI-0166,Notebook HP 15s,Laptops,1,523800
11960,2024-10-03,CLI-0171,Soporte Laptop Ergotron,Perifericos,1,75180
11961,2024-10-03,CLI-0292,Repetidor WiFi Mesh,Redes,10,77700
11962,2024-10-03,CLI-0090,"Monitor Curvo 32"" QHD",Monitores,1,477000
11963,2024-10-03,CLI-0174,AutoCAD LT 2025,Software,2,645450
11964,2024-10-04,CLI-0243,MacBook Air M2,Laptops,3,1293570
11965,2024-10-04,CLI-0247,Workstation HP Z2,Desktops,3,1378990
11966,2024-10-04,CLI-0275,Soporte Laptop Ergotron,Perifericos,2,69720
11967,2024-10-04,CLI-0212,Notebook Lenovo ThinkPad,Laptops,4,897210
11968,2024-10-04,CLI-0154,Switch Cisco 24p,Redes,3,277200
11969,2024-10-04,CLI-0162,Router Eero Pro 6,Redes,2,321860
11970,2024-10-04,CLI-0107,Switch Cisco 24p,Redes,3,260060
11971,2024-10-04,CLI-0182,Notebook ASUS VivoBook,Laptops,10,477120
11972,2024-10-04,CLI-0144,Notebook Dell Inspiron,Laptops,1,604960
11973,2024-10-04,CLI-0193,Licencia Office 365 Anual,Software,2,90200
11974,2024-10-04,CLI-0085,Switch Cisco 24p,Redes,2,240810
11975,2024-10-07,CLI-0096,Router TP-Link Archer,Redes,1,90780
11976,2024-10-07,CLI-0158,Mousepad XL RGB,Perifericos,3,30930
11977,2024-10-07,CLI-0140,Micrófono Blue Yeti X,Audio,1,192960
11978,2024-10-07,CLI-0122,Auriculares Sony XM5,Audio,2,240860
11979,2024-10-07,CLI-0155,"Monitor Portátil 15""",Monitores,2,224290
11980,2024-10-07,CLI-0090,All-in-One HP 24,Desktops,1,886190
11981,2024-10-07,CLI-0020,"Monitor Curvo 32"" QHD",Monitores,6,444180
11982,2024-10-07,CLI-0228,NAS Synology DS220+,Almacenamiento,1,523800
11983,2024-10-07,CLI-0248,NAS Synology DS220+,Almacenamiento,1,473340
11984,2024-10-07,CLI-0175,SSD NVMe Kingston 500GB,Almacenamiento,3,66840
11985,2024-10-07,CLI-0269,Hub USB-C Anker,Perifericos,4,57630
11986,2024-10-07,CLI-0074,PC Escritorio Dell OptiPlex,Desktops,4,712340
11987,2024-10-07,CLI-0265,AutoCAD LT 2025,Software,15,592580
11988,2024-10-08,CLI-0106,MacBook Air M2,Laptops,2,1348250
11989,2024-10-08,CLI-0268,All-in-One HP 24,Desktops,1,782590
11990,2024-10-08,CLI-0023,AutoCAD LT 2025,Software,5,636240
11991,2024-10-08,CLI-0045,Soporte Laptop Ergotron,Perifericos,2,70300
11992,2024-10-08,CLI-0024,PC Escritorio Dell OptiPlex,Desktops,2,736520
11993,2024-10-08,CLI-0160,Notebook Dell Inspiron,Laptops,2,629280
11994,2024-10-08,CLI-0160,Licencia Office 365 Anual,Software,6,90780
11995,2024-10-08,CLI-0165,"Monitor Curvo 32"" QHD",Monitores,1,475800
11996,2024-10-08,CLI-0142,SSD Externo Samsung T7,Almacenamiento,1,89270
11997,2024-10-08,CLI-0226,Adobe Creative Cloud,Software,1,83180
11998,2024-10-08,CLI-0077,"Monitor LG 27"" 4K",Monitores,1,374560
11999,2024-10-08,CLI-0008,Repetidor WiFi Mesh,Redes,2,78620
12000,2024-10-08,CLI-0053,"Monitor Portátil 15""",Monitores,2,223390
12001,2024-10-08,CLI-0282,Mousepad XL RGB,Perifericos,1,31370
12002,2024-10-08,CLI-0146,Switch Cisco 24p,Redes,1,274600
12003,2024-10-09,CLI-0037,Hub USB-C Anker,Perifericos,2,59450
12004,2024-10-09,CLI-0174,SSD Externo Samsung T7,Almacenamiento,2,99680
12005,2024-10-09,CLI-0067,Notebook Dell Inspiron,Laptops,2,659670
12006,2024-10-09,CLI-0026,PC Escritorio Dell OptiPlex,Desktops,1,705530
12007,2024-10-09,CLI-0045,Parlante UE Boom 3,Audio,1,97790
12008,2024-10-09,CLI-0229,Repetidor WiFi Mesh,Redes,1,85010
12009,2024-10-09,CLI-0171,"Monitor Curvo 32"" QHD",Monitores,3,437610
12010,2024-10-09,CLI-0274,Chromebook Acer,Laptops,10,300510
12011,2024-10-09,CLI-0239,Switch Cisco 24p,Redes,1,242880
12012,2024-10-09,CLI-0240,PC Escritorio Dell OptiPlex,Desktops,2,737210
12013,2024-10-09,CLI-0239,SSD NVMe Kingston 500GB,Almacenamiento,1,59280
12014,2024-10-10,CLI-0115,Workstation HP Z2,Desktops,5,1428450
12015,2024-10-10,CLI-0133,Auriculares Sony XM5,Audio,1,222880
12016,2024-10-10,CLI-0170,Mousepad XL RGB,Perifericos,2,31590
12017,2024-10-10,CLI-0016,Notebook ASUS VivoBook,Laptops,2,496090
12018,2024-10-10,CLI-0180,SSD NVMe Kingston 500GB,Almacenamiento,2,62420
12019,2024-10-10,CLI-0088,Webcam Logitech C925e,Perifericos,4,107080
12020,2024-10-10,CLI-0295,Mini PC ASUS PN50,Desktops,2,448430
12021,2024-10-10,CLI-0208,PC Escritorio Dell OptiPlex,Desktops,1,787580
12022,2024-10-10,CLI-0037,Hub USB-C Anker,Perifericos,2,53770
12023,2024-10-10,CLI-0206,Access Point Ubiquiti U6,Redes,2,275000
12024,2024-10-10,CLI-0125,Router Eero Pro 6,Redes,1,318210
12025,2024-10-11,CLI-0247,AirPods Pro 2,Audio,1,243870
12026,2024-10-11,CLI-0107,Windows 11 Pro,Software,2,130900
12027,2024-10-11,CLI-0223,Switch Cisco 24p,Redes,4,265000
12028,2024-10-11,CLI-0279,Windows 11 Pro,Software,1,117580
12029,2024-10-11,CLI-0040,Switch Cisco 24p,Redes,4,243660
12030,2024-10-11,CLI-0059,Access Point Ubiquiti U6,Redes,2,271720
12031,2024-10-11,CLI-0167,Router Eero Pro 6,Redes,1,303100
12032,2024-10-14,CLI-0228,"Monitor Samsung 24"" FHD",Monitores,1,183580
12033,2024-10-14,CLI-0208,Notebook ASUS VivoBook,Laptops,2,526360
12034,2024-10-14,CLI-0195,Mousepad XL RGB,Perifericos,2,29290
12035,2024-10-14,CLI-0032,Chromebook Acer,Laptops,1,304770
12036,2024-10-14,CLI-0072,Access Point Ubiquiti U6,Redes,6,250150
12037,2024-10-14,CLI-0001,Workstation HP Z2,Desktops,3,1335290
12038,2024-10-14,CLI-0232,SSD Externo Samsung T7,Almacenamiento,1,97690
12039,2024-10-14,CLI-0296,Soundbar LG,Audio,1,156090
12040,2024-10-14,CLI-0163,Hub USB-C Anker,Perifericos,2,58110
12041,2024-10-14,CLI-0156,Parlante UE Boom 3,Audio,3,101380
12042,2024-10-14,CLI-0177,Chromebook Acer,Laptops,2,295500
12043,2024-10-14,CLI-0262,Headset Logitech G535,Audio,5,90530
12044,2024-10-15,CLI-0151,Notebook Lenovo ThinkPad,Laptops,1,870900
12045,2024-10-15,CLI-0282,Notebook Lenovo ThinkPad,Laptops,1,929440
12046,2024-10-15,CLI-0287,Dock Station HP,Perifericos,1,184700
12047,2024-10-15,CLI-0145,Notebook Dell Inspiron,Laptops,1,622380
12048,2024-10-15,CLI-0202,Licencia Office 365 Anual,Software,1,89980
12049,2024-10-15,CLI-0196,Headset Logitech G535,Audio,1,101340
12050,2024-10-15,CLI-0280,"Monitor Portátil 15""",Monitores,3,215880
12051,2024-10-15,CLI-0244,Mini PC ASUS PN50,Desktops,1,479100
12052,2024-10-15,CLI-0197,Auriculares Sony XM5,Audio,4,211680
12053,2024-10-15,CLI-0079,Webcam Logitech C925e,Perifericos,15,99210
12054,2024-10-15,CLI-0065,Mini PC ASUS PN50,Desktops,1,480440
12055,2024-10-15,CLI-0009,Workstation HP Z2,Desktops,3,1332350
12056,2024-10-15,CLI-0250,Adobe Creative Cloud,Software,2,89260
12057,2024-10-15,CLI-0070,Chromebook Acer,Laptops,1,326770
12058,2024-10-16,CLI-0213,SSD Samsung 970 EVO 1TB,Almacenamiento,6,134930
12059,2024-10-16,CLI-0218,Repetidor WiFi Mesh,Redes,1,83070
12060,2024-10-16,CLI-0261,Parlante UE Boom 3,Audio,2,106870
12061,2024-10-16,CLI-0231,AirPods Pro 2,Audio,1,278740
12062,2024-10-16,CLI-0096,Parlante UE Boom 3,Audio,2,100290
12063,2024-10-16,CLI-0296,Disco Externo Seagate 4TB,Almacenamiento,5,122050
12064,2024-10-16,CLI-0122,NAS Synology DS220+,Almacenamiento,1,469290
12065,2024-10-16,CLI-0280,Switch Cisco 24p,Redes,1,267440
12066,2024-10-16,CLI-0020,Switch Cisco 24p,Redes,2,273060
12067,2024-10-17,CLI-0189,All-in-One HP 24,Desktops,2,851690
12068,2024-10-17,CLI-0041,Workstation HP Z2,Desktops,3,1282780
12069,2024-10-17,CLI-0270,Teclado Mecánico Keychron K2,Perifericos,2,149610
12070,2024-10-17,CLI-0041,Pendrive Kingston 256GB,Almacenamiento,5,25150
12071,2024-10-17,CLI-0046,Mouse Logitech MX Master 3,Perifericos,2,95510
12072,2024-10-17,CLI-0040,AutoCAD LT 2025,Software,3,621160
12073,2024-10-17,CLI-0297,Hub USB-C Anker,Perifericos,2,55120
12074,2024-10-17,CLI-0176,SSD Externo Samsung T7,Almacenamiento,4,99800
12075,2024-10-17,CLI-0241,SSD Samsung 970 EVO 1TB,Almacenamiento,2,122860
12076,2024-10-17,CLI-0241,Switch Cisco 24p,Redes,3,258980
12077,2024-10-17,CLI-0216,Dock Station HP,Perifericos,10,195670
12078,2024-10-18,CLI-0151,Webcam Logitech C925e,Perifericos,1,103630
12079,2024-10-18,CLI-0156,Switch Cisco 24p,Redes,1,241020
12080,2024-10-18,CLI-0243,Access Point Ubiquiti U6,Redes,1,280630
12081,2024-10-18,CLI-0027,Adobe Creative Cloud,Software,15,87810
12082,2024-10-18,CLI-0014,Webcam Logitech C925e,Perifericos,2,108230
12083,2024-10-18,CLI-0065,NAS Synology DS220+,Almacenamiento,1,531210
12084,2024-10-18,CLI-0143,Teclado Apple Magic,Perifericos,1,111290
12085,2024-10-21,CLI-0144,Teclado Mecánico Keychron K2,Perifericos,5,159470
12086,2024-10-21,CLI-0008,All-in-One HP 24,Desktops,2,804860
12087,2024-10-21,CLI-0078,Adobe Creative Cloud,Software,2,79870
12088,2024-10-21,CLI-0090,Teclado Apple Magic,Perifericos,4,98030
12089,2024-10-21,CLI-0121,Disco Externo Seagate 4TB,Almacenamiento,1,117870
12090,2024-10-21,CLI-0271,MacBook Air M2,Laptops,1,1310350
12091,2024-10-21,CLI-0044,Workstation HP Z2,Desktops,2,1415210
12092,2024-10-21,CLI-0079,Disco Externo Seagate 4TB,Almacenamiento,3,111560
12093,2024-10-22,CLI-0212,AirPods Pro 2,Audio,1,263200
12094,2024-10-22,CLI-0226,Licencia Office 365 Anual,Software,1,100350
12095,2024-10-22,CLI-0296,Dock Station HP,Perifericos,1,210450
12096,2024-10-22,CLI-0136,All-in-One HP 24,Desktops,1,891640
12097,2024-10-22,CLI-0238,Headset Logitech G535,Audio,2,99310
12098,2024-10-22,CLI-0244,SSD Externo Samsung T7,Almacenamiento,1,101030
12099,2024-10-22,CLI-0200,SSD NVMe Kingston 500GB,Almacenamiento,1,62340
12100,2024-10-23,CLI-0272,Parlante UE Boom 3,Audio,1,102660
12101,2024-10-23,CLI-0230,AirPods Pro 2,Audio,3,251110
12102,2024-10-23,CLI-0272,AutoCAD LT 2025,Software,8,593880
12103,2024-10-24,CLI-0050,SSD Externo Samsung T7,Almacenamiento,3,100950
12104,2024-10-24,CLI-0222,Repetidor WiFi Mesh,Redes,6,87080
12105,2024-10-24,CLI-0140,Soporte Laptop Ergotron,Perifericos,1,74790
12106,2024-10-24,CLI-0051,Teclado Apple Magic,Perifericos,3,107430
12107,2024-10-24,CLI-0201,SSD Samsung 970 EVO 1TB,Almacenamiento,4,122010
12108,2024-10-24,CLI-0124,AutoCAD LT 2025,Software,2,641680
12109,2024-10-24,CLI-0100,Pendrive Kingston 256GB,Almacenamiento,1,24810
12110,2024-10-24,CLI-0093,Mousepad XL RGB,Perifericos,2,33530
12111,2024-10-24,CLI-0005,Notebook ASUS VivoBook,Laptops,1,475560
12112,2024-10-24,CLI-0051,Pendrive Kingston 256GB,Almacenamiento,1,25090
12113,2024-10-24,CLI-0229,Dock Station HP,Perifericos,1,205250
12114,2024-10-24,CLI-0146,Teclado Apple Magic,Perifericos,1,107110
12115,2024-10-24,CLI-0013,Repetidor WiFi Mesh,Redes,1,82940
12116,2024-10-24,CLI-0112,Router TP-Link Archer,Redes,3,96030
12117,2024-10-24,CLI-0062,Chromebook Acer,Laptops,5,296410
12118,2024-10-24,CLI-0067,AirPods Pro 2,Audio,3,268480
12119,2024-10-24,CLI-0290,"Monitor Samsung 24"" FHD",Monitores,6,171120
12120,2024-10-25,CLI-0095,Teclado Apple Magic,Perifericos,1,101690
12121,2024-10-25,CLI-0039,Licencia Office 365 Anual,Software,2,91500
12122,2024-10-25,CLI-0142,Parlante UE Boom 3,Audio,3,103720
12123,2024-10-25,CLI-0166,Teclado Apple Magic,Perifericos,1,99310
12124,2024-10-25,CLI-0038,Teclado Mecánico Keychron K2,Perifericos,4,149040
12125,2024-10-25,CLI-0196,AirPods Pro 2,Audio,1,262980
12126,2024-10-25,CLI-0031,Teclado Apple Magic,Perifericos,8,98290
12127,2024-10-25,CLI-0136,"Monitor Samsung 24"" FHD",Monitores,2,183010
12128,2024-10-28,CLI-0252,"Monitor Curvo 32"" QHD",Monitores,2,500420
12129,2024-10-28,CLI-0092,Antivirus ESET 3 PCs,Software,2,39100
12130,2024-10-28,CLI-0074,SSD Externo Samsung T7,Almacenamiento,4,87160
12131,2024-10-28,CLI-0112,Repetidor WiFi Mesh,Redes,3,86550
12132,2024-10-28,CLI-0227,Teclado Apple Magic,Perifericos,1,108850
12133,2024-10-28,CLI-0038,Notebook ASUS VivoBook,Laptops,2,518100
12134,2024-10-28,CLI-0129,Soundbar LG,Audio,1,145630
12135,2024-10-28,CLI-0255,Workstation HP Z2,Desktops,3,1418680
12136,2024-10-28,CLI-0001,MacBook Air M2,Laptops,3,1229220
12137,2024-10-28,CLI-0137,Workstation HP Z2,Desktops,3,1315740
12138,2024-10-28,CLI-0201,Switch Cisco 24p,Redes,1,247570
12139,2024-10-28,CLI-0252,SSD NVMe Kingston 500GB,Almacenamiento,2,67660
12140,2024-10-28,CLI-0036,SSD Externo Samsung T7,Almacenamiento,1,87470
12141,2024-10-28,CLI-0197,Windows 11 Pro,Software,4,131950
12142,2024-10-28,CLI-0247,All-in-One HP 24,Desktops,2,854650
12143,2024-10-28,CLI-0184,Soporte Laptop Ergotron,Perifericos,3,75890
12144,2024-10-29,CLI-0206,Notebook Lenovo ThinkPad,Laptops,3,902240
12145,2024-10-29,CLI-0047,Auriculares Sony XM5,Audio,2,224510
12146,2024-10-29,CLI-0175,Chromebook Acer,Laptops,5,294620
12147,2024-10-29,CLI-0149,Antivirus ESET 3 PCs,Software,1,39690
12148,2024-10-29,CLI-0284,MacBook Air M2,Laptops,10,1220230
12149,2024-10-29,CLI-0098,Hub USB-C Anker,Perifericos,3,53510
12150,2024-10-29,CLI-0055,Licencia Office 365 Anual,Software,3,87370
12151,2024-10-30,CLI-0250,Chromebook Acer,Laptops,5,337680
12152,2024-10-30,CLI-0225,"Monitor Curvo 32"" QHD",Monitores,1,505180
12153,2024-10-30,CLI-0099,Notebook Dell Inspiron,Laptops,3,610840
12154,2024-10-30,CLI-0123,Disco Externo Seagate 4TB,Almacenamiento,1,118890
12155,2024-10-30,CLI-0277,Antivirus ESET 3 PCs,Software,1,42460
12156,2024-10-30,CLI-0274,Soundbar LG,Audio,10,161520
12157,2024-10-30,CLI-0009,MacBook Air M2,Laptops,1,1172970
12158,2024-10-30,CLI-0173,MacBook Air M2,Laptops,2,1191500
12159,2024-10-30,CLI-0109,Antivirus ESET 3 PCs,Software,3,38960
12160,2024-10-30,CLI-0235,AutoCAD LT 2025,Software,5,637440
12161,2024-10-30,CLI-0275,Workstation HP Z2,Desktops,3,1464250
12162,2024-10-30,CLI-0120,Notebook ASUS VivoBook,Laptops,1,504650
12163,2024-10-30,CLI-0073,Disco Externo Seagate 4TB,Almacenamiento,3,118820
12164,2024-10-30,CLI-0242,Repetidor WiFi Mesh,Redes,1,90070
12165,2024-10-30,CLI-0067,Notebook HP 15s,Laptops,1,569610
12166,2024-10-31,CLI-0026,Hub USB-C Anker,Perifericos,4,57530
12167,2024-10-31,CLI-0050,SSD Samsung 970 EVO 1TB,Almacenamiento,2,134160
12168,2024-10-31,CLI-0033,PC Escritorio Dell OptiPlex,Desktops,1,703090
12169,2024-10-31,CLI-0113,Notebook ASUS VivoBook,Laptops,4,490470
12170,2024-10-31,CLI-0219,Soporte Laptop Ergotron,Perifericos,4,69320
12171,2024-10-31,CLI-0206,Mousepad XL RGB,Perifericos,1,29120
12172,2024-10-31,CLI-0295,SSD Externo Samsung T7,Almacenamiento,1,87730
12173,2024-10-31,CLI-0110,MacBook Air M2,Laptops,2,1299540
12174,2024-10-31,CLI-0172,Notebook ASUS VivoBook,Laptops,1,519750
12175,2024-11-01,CLI-0073,Micrófono Blue Yeti X,Audio,1,189760
12176,2024-11-01,CLI-0190,Router Eero Pro 6,Redes,1,291140
12177,2024-11-01,CLI-0125,Access Point Ubiquiti U6,Redes,1,264730
12178,2024-11-01,CLI-0052,Licencia Office 365 Anual,Software,2,97510
12179,2024-11-01,CLI-0081,Notebook Dell Inspiron,Laptops,5,666390
12180,2024-11-01,CLI-0042,Notebook HP 15s,Laptops,1,546520
12181,2024-11-01,CLI-0046,Antivirus ESET 3 PCs,Software,2,42360
12182,2024-11-01,CLI-0146,Micrófono Blue Yeti X,Audio,3,186530
12183,2024-11-01,CLI-0244,Windows 11 Pro,Software,1,119020
12184,2024-11-01,CLI-0074,Licencia Office 365 Anual,Software,1,101020
12185,2024-11-04,CLI-0231,Micrófono Blue Yeti X,Audio,1,213160
12186,2024-11-04,CLI-0090,Repetidor WiFi Mesh,Redes,3,82870
12187,2024-11-04,CLI-0093,Disco Externo Seagate 4TB,Almacenamiento,2,106320
12188,2024-11-04,CLI-0046,Licencia Office 365 Anual,Software,4,87880
12189,2024-11-04,CLI-0155,Dock Station HP,Perifericos,2,187020
12190,2024-11-04,CLI-0286,Mouse Logitech MX Master 3,Perifericos,1,88370
12191,2024-11-04,CLI-0272,PC Escritorio Dell OptiPlex,Desktops,2,717550
12192,2024-11-04,CLI-0277,NAS Synology DS220+,Almacenamiento,1,520220
12193,2024-11-04,CLI-0107,Teclado Mecánico Keychron K2,Perifericos,1,164810
12194,2024-11-04,CLI-0058,Workstation HP Z2,Desktops,3,1384690
12195,2024-11-04,CLI-0243,Disco Externo Seagate 4TB,Almacenamiento,1,108960
12196,2024-11-04,CLI-0023,Notebook Lenovo ThinkPad,Laptops,3,927890
12197,2024-11-04,CLI-0146,"Monitor Portátil 15""",Monitores,2,205110
12198,2024-11-04,CLI-0172,Repetidor WiFi Mesh,Redes,4,77440
12199,2024-11-04,CLI-0233,MacBook Air M2,Laptops,1,1215760
12200,2024-11-04,CLI-0027,SSD Externo Samsung T7,Almacenamiento,1,91930
12201,2024-11-04,CLI-0015,Disco Externo Seagate 4TB,Almacenamiento,2,111320
12202,2024-11-04,CLI-0037,Mouse Logitech MX Master 3,Perifericos,3,99200
12203,2024-11-04,CLI-0297,Mousepad XL RGB,Perifericos,2,32800
12204,2024-11-04,CLI-0167,"Monitor UltraWide 34""",Monitores,4,595560
12205,2024-11-04,CLI-0167,"Monitor UltraWide 34""",Monitores,1,544130
12206,2024-11-05,CLI-0212,"Monitor Curvo 32"" QHD",Monitores,1,449420
12207,2024-11-05,CLI-0113,Notebook ASUS VivoBook,Laptops,2,505180
12208,2024-11-05,CLI-0249,Notebook Lenovo ThinkPad,Laptops,6,890130
12209,2024-11-05,CLI-0075,"Monitor Portátil 15""",Monitores,6,207950
12210,2024-11-05,CLI-0233,"Monitor Samsung 24"" FHD",Monitores,1,167410
12211,2024-11-05,CLI-0070,SSD Samsung 970 EVO 1TB,Almacenamiento,3,126360
12212,2024-11-05,CLI-0184,Teclado Mecánico Keychron K2,Perifericos,1,147410
12213,2024-11-05,CLI-0066,MacBook Air M2,Laptops,3,1192300
12214,2024-11-05,CLI-0031,Teclado Mecánico Keychron K2,Perifericos,1,148230
12215,2024-11-05,CLI-0239,SSD Samsung 970 EVO 1TB,Almacenamiento,2,135140
12216,2024-11-05,CLI-0176,"Monitor UltraWide 34""",Monitores,5,557610
12217,2024-11-05,CLI-0081,Licencia Office 365 Anual,Software,8,92300
12218,2024-11-05,CLI-0088,Switch Cisco 24p,Redes,10,255020
12219,2024-11-05,CLI-0118,Chromebook Acer,Laptops,2,335060
12220,2024-11-05,CLI-0268,Disco Externo Seagate 4TB,Almacenamiento,5,116650
12221,2024-11-05,CLI-0111,Access Point Ubiquiti U6,Redes,2,280090
12222,2024-11-05,CLI-0237,Teclado Mecánico Keychron K2,Perifericos,1,152450
12223,2024-11-05,CLI-0220,Mouse Logitech MX Master 3,Perifericos,1,88670
12224,2024-11-05,CLI-0223,Access Point Ubiquiti U6,Redes,1,264850
12225,2024-11-06,CLI-0077,Switch Cisco 24p,Redes,6,278420
12226,2024-11-06,CLI-0214,MacBook Air M2,Laptops,1,1254460
12227,2024-11-06,CLI-0241,NAS Synology DS220+,Almacenamiento,1,542000
12228,2024-11-06,CLI-0272,Headset Logitech G535,Audio,2,95290
12229,2024-11-06,CLI-0051,Soundbar LG,Audio,2,151720
12230,2024-11-06,CLI-0043,Router Eero Pro 6,Redes,3,314430
12231,2024-11-06,CLI-0209,"Monitor Portátil 15""",Monitores,1,194440
12232,2024-11-06,CLI-0152,Mouse Logitech MX Master 3,Perifericos,3,99090
12233,2024-11-06,CLI-0047,Notebook Dell Inspiron,Laptops,2,609480
12234,2024-11-06,CLI-0157,"Monitor LG 27"" 4K",Monitores,3,356240
12235,2024-11-06,CLI-0293,Access Point Ubiquiti U6,Redes,1,265230
12236,2024-11-06,CLI-0233,SSD Samsung 970 EVO 1TB,Almacenamiento,4,116780
12237,2024-11-06,CLI-0208,"Monitor Samsung 24"" FHD",Monitores,4,166480
12238,2024-11-07,CLI-0190,Licencia Office 365 Anual,Software,2,94140
12239,2024-11-07,CLI-0001,Licencia Office 365 Anual,Software,1,92050
12240,2024-11-07,CLI-0171,Pendrive Kingston 256GB,Almacenamiento,1,25100
12241,2024-11-07,CLI-0219,Teclado Mecánico Keychron K2,Perifericos,3,149650
12242,2024-11-07,CLI-0278,Switch Cisco 24p,Redes,4,273550
12243,2024-11-07,CLI-0042,Repetidor WiFi Mesh,Redes,5,90060
12244,2024-11-07,CLI-0029,NAS Synology DS220+,Almacenamiento,8,474970
12245,2024-11-07,CLI-0187,Notebook Lenovo ThinkPad,Laptops,1,958130
12246,2024-11-07,CLI-0188,SSD Samsung 970 EVO 1TB,Almacenamiento,2,127900
12247,2024-11-07,CLI-0188,Auriculares Sony XM5,Audio,1,236230
12248,2024-11-07,CLI-0287,Notebook ASUS VivoBook,Laptops,2,510060
12249,2024-11-07,CLI-0105,Mini PC ASUS PN50,Desktops,12,487920
12250,2024-11-07,CLI-0123,SSD Externo Samsung T7,Almacenamiento,1,99320
12251,2024-11-07,CLI-0245,Access Point Ubiquiti U6,Redes,5,261800
12252,2024-11-07,CLI-0108,"Monitor UltraWide 34""",Monitores,1,580570
12253,2024-11-07,CLI-0137,NAS Synology DS220+,Almacenamiento,3,489780
12254,2024-11-07,CLI-0142,Notebook Lenovo ThinkPad,Laptops,1,836120
12255,2024-11-08,CLI-0177,Soundbar LG,Audio,2,151840
12256,2024-11-08,CLI-0270,All-in-One HP 24,Desktops,2,785450
12257,2024-11-08,CLI-0273,AutoCAD LT 2025,Software,4,598820
12258,2024-11-08,CLI-0150,Soundbar LG,Audio,3,160990
12259,2024-11-08,CLI-0034,"Monitor Curvo 32"" QHD",Monitores,6,482200
12260,2024-11-08,CLI-0235,Chromebook Acer,Laptops,1,311010
12261,2024-11-08,CLI-0092,Webcam Logitech C925e,Perifericos,8,98110
12262,2024-11-08,CLI-0040,PC Escritorio Dell OptiPlex,Desktops,1,727150
12263,2024-11-08,CLI-0058,Windows 11 Pro,Software,1,123020
12264,2024-11-08,CLI-0078,"Monitor Portátil 15""",Monitores,2,217400
12265,2024-11-08,CLI-0012,Webcam Logitech C925e,Perifericos,2,106320
12266,2024-11-08,CLI-0278,Mini PC ASUS PN50,Desktops,2,471850
12267,2024-11-08,CLI-0216,Soundbar LG,Audio,3,157160
12268,2024-11-08,CLI-0011,Webcam Logitech C925e,Perifericos,1,112820
12269,2024-11-08,CLI-0012,"Monitor UltraWide 34""",Monitores,4,601170
12270,2024-11-08,CLI-0267,Antivirus ESET 3 PCs,Software,1,41970
12271,2024-11-08,CLI-0297,Soporte Laptop Ergotron,Perifericos,3,73250
12272,2024-11-11,CLI-0168,Disco Externo Seagate 4TB,Almacenamiento,2,124720
12273,2024-11-11,CLI-0272,Router Eero Pro 6,Redes,2,326010
12274,2024-11-11,CLI-0156,Switch Cisco 24p,Redes,1,243480
12275,2024-11-11,CLI-0157,"Monitor LG 27"" 4K",Monitores,4,341730
12276,2024-11-11,CLI-0117,SSD NVMe Kingston 500GB,Almacenamiento,1,58210
12277,2024-11-11,CLI-0148,Notebook Lenovo ThinkPad,Laptops,1,906710
12278,2024-11-11,CLI-0146,SSD Samsung 970 EVO 1TB,Almacenamiento,8,117350
12279,2024-11-11,CLI-0083,SSD Externo Samsung T7,Almacenamiento,1,101040
12280,2024-11-11,CLI-0090,Windows 11 Pro,Software,6,134800
12281,2024-11-11,CLI-0079,"Monitor LG 27"" 4K",Monitores,1,370200
12282,2024-11-11,CLI-0022,Mousepad XL RGB,Perifericos,2,32080
12283,2024-11-11,CLI-0226,Teclado Apple Magic,Perifericos,1,101490
12284,2024-11-11,CLI-0106,Router Eero Pro 6,Redes,3,293010
12285,2024-11-12,CLI-0163,Dock Station HP,Perifericos,1,186260
12286,2024-11-12,CLI-0230,SSD Externo Samsung T7,Almacenamiento,10,91640
12287,2024-11-12,CLI-0274,Hub USB-C Anker,Perifericos,1,53240
12288,2024-11-12,CLI-0013,Headset Logitech G535,Audio,8,93490
12289,2024-11-12,CLI-0075,SSD Samsung 970 EVO 1TB,Almacenamiento,6,130180
12290,2024-11-12,CLI-0080,Notebook HP 15s,Laptops,10,583320
12291,2024-11-12,CLI-0280,NAS Synology DS220+,Almacenamiento,1,512400
12292,2024-11-12,CLI-0152,SSD NVMe Kingston 500GB,Almacenamiento,6,66490
12293,2024-11-12,CLI-0294,Adobe Creative Cloud,Software,1,82730
12294,2024-11-12,CLI-0290,Soundbar LG,Audio,1,166280
12295,2024-11-12,CLI-0058,SSD NVMe Kingston 500GB,Almacenamiento,6,63050
12296,2024-11-12,CLI-0072,AutoCAD LT 2025,Software,2,602070
12297,2024-11-12,CLI-0158,Notebook Dell Inspiron,Laptops,2,697250
12298,2024-11-12,CLI-0113,Soundbar LG,Audio,1,151820
12299,2024-11-12,CLI-0168,Notebook Lenovo ThinkPad,Laptops,2,824830
12300,2024-11-12,CLI-0100,Access Point Ubiquiti U6,Redes,2,251680
12301,2024-11-12,CLI-0143,"Monitor Curvo 32"" QHD",Monitores,1,462410
12302,2024-11-12,CLI-0276,Soundbar LG,Audio,3,153740
12303,2024-11-13,CLI-0045,NAS Synology DS220+,Almacenamiento,1,487240
12304,2024-11-13,CLI-0252,Mousepad XL RGB,Perifericos,2,31590
12305,2024-11-13,CLI-0262,Notebook Lenovo ThinkPad,Laptops,6,869660
12306,2024-11-13,CLI-0185,Headset Logitech G535,Audio,1,99350
12307,2024-11-13,CLI-0219,Auriculares Sony XM5,Audio,1,218340
12308,2024-11-13,CLI-0007,Webcam Logitech C925e,Perifericos,1,98330
12309,2024-11-13,CLI-0158,Soundbar LG,Audio,5,157560
12310,2024-11-13,CLI-0045,"Monitor Portátil 15""",Monitores,3,215760
12311,2024-11-13,CLI-0228,Micrófono Blue Yeti X,Audio,4,208920
12312,2024-11-13,CLI-0148,"Monitor LG 27"" 4K",Monitores,4,372760
12313,2024-11-13,CLI-0218,Micrófono Blue Yeti X,Audio,1,208230
12314,2024-11-13,CLI-0045,Workstation HP Z2,Desktops,1,1341560
12315,2024-11-13,CLI-0244,Pendrive Kingston 256GB,Almacenamiento,12,24280
12316,2024-11-13,CLI-0034,Access Point Ubiquiti U6,Redes,3,246370
12317,2024-11-13,CLI-0046,Notebook HP 15s,Laptops,2,515420
12318,2024-11-14,CLI-0140,Micrófono Blue Yeti X,Audio,1,194900
12319,2024-11-14,CLI-0237,Switch Cisco 24p,Redes,3,265030
12320,2024-11-14,CLI-0071,"Monitor Curvo 32"" QHD",Monitores,1,471020
12321,2024-11-14,CLI-0196,Webcam Logitech C925e,Perifericos,2,107980
12322,2024-11-14,CLI-0022,Hub USB-C Anker,Perifericos,4,59280
12323,2024-11-14,CLI-0156,Disco Externo Seagate 4TB,Almacenamiento,2,112130
12324,2024-11-14,CLI-0238,"Monitor UltraWide 34""",Monitores,1,563280
12325,2024-11-14,CLI-0002,Workstation HP Z2,Desktops,1,1383590
12326,2024-11-14,CLI-0242,All-in-One HP 24,Desktops,3,852950
12327,2024-11-14,CLI-0148,Micrófono Blue Yeti X,Audio,1,193580
12328,2024-11-14,CLI-0126,Notebook Dell Inspiron,Laptops,1,633320
12329,2024-11-14,CLI-0142,Disco Externo Seagate 4TB,Almacenamiento,15,119080
12330,2024-11-14,CLI-0035,Router TP-Link Archer,Redes,3,96720
12331,2024-11-15,CLI-0298,SSD NVMe Kingston 500GB,Almacenamiento,2,66950
12332,2024-11-15,CLI-0133,Licencia Office 365 Anual,Software,3,87480
12333,2024-11-15,CLI-0062,Auriculares Sony XM5,Audio,2,244120
12334,2024-11-15,CLI-0295,Notebook Dell Inspiron,Laptops,5,615910
12335,2024-11-15,CLI-0084,Access Point Ubiquiti U6,Redes,1,262790
12336,2024-11-15,CLI-0164,SSD Samsung 970 EVO 1TB,Almacenamiento,5,124460
12337,2024-11-15,CLI-0070,Dock Station HP,Perifericos,1,183850
12338,2024-11-15,CLI-0140,Auriculares Sony XM5,Audio,2,246340
12339,2024-11-15,CLI-0183,Notebook Lenovo ThinkPad,Laptops,1,886050
12340,2024-11-15,CLI-0272,Licencia Office 365 Anual,Software,8,101360
12341,2024-11-18,CLI-0264,"Monitor Curvo 32"" QHD",Monitores,4,450010
12342,2024-11-18,CLI-0094,PC Escritorio Dell OptiPlex,Desktops,2,756770
12343,2024-11-18,CLI-0086,SSD Externo Samsung T7,Almacenamiento,1,95230
12344,2024-11-18,CLI-0162,AutoCAD LT 2025,Software,4,674800
12345,2024-11-18,CLI-0139,AutoCAD LT 2025,Software,3,623870
12346,2024-11-18,CLI-0186,PC Escritorio Dell OptiPlex,Desktops,2,707770
12347,2024-11-18,CLI-0181,Workstation HP Z2,Desktops,1,1285990
12348,2024-11-18,CLI-0266,Webcam Logitech C925e,Perifericos,1,108330
12349,2024-11-18,CLI-0249,Micrófono Blue Yeti X,Audio,1,214620
12350,2024-11-18,CLI-0084,PC Escritorio Dell OptiPlex,Desktops,1,679520
12351,2024-11-18,CLI-0258,"Monitor UltraWide 34""",Monitores,4,599710
12352,2024-11-18,CLI-0287,Repetidor WiFi Mesh,Redes,3,89730
12353,2024-11-18,CLI-0270,SSD Externo Samsung T7,Almacenamiento,3,88060
12354,2024-11-18,CLI-0059,Micrófono Blue Yeti X,Audio,2,187050
12355,2024-11-18,CLI-0040,All-in-One HP 24,Desktops,4,865790
12356,2024-11-18,CLI-0009,SSD NVMe Kingston 500GB,Almacenamiento,1,64480
12357,2024-11-18,CLI-0186,Mini PC ASUS PN50,Desktops,4,439890
12358,2024-11-18,CLI-0268,Soporte Laptop Ergotron,Perifericos,1,77420
12359,2024-11-18,CLI-0156,Notebook Dell Inspiron,Laptops,3,653430
12360,2024-11-18,CLI-0061,"Monitor UltraWide 34""",Monitores,1,615110
12361,2024-11-18,CLI-0073,Windows 11 Pro,Software,1,133610
12362,2024-11-18,CLI-0065,"Monitor Portátil 15""",Monitores,1,220490
12363,2024-11-19,CLI-0041,Parlante UE Boom 3,Audio,3,105090
12364,2024-11-19,CLI-0058,Notebook ASUS VivoBook,Laptops,1,461970
12365,2024-11-19,CLI-0248,Parlante UE Boom 3,Audio,1,107660
12366,2024-11-19,CLI-0056,MacBook Air M2,Laptops,4,1186200
12367,2024-11-19,CLI-0263,Access Point Ubiquiti U6,Redes,1,262960
12368,2024-11-19,CLI-0061,Teclado Apple Magic,Perifericos,1,97500
12369,2024-11-19,CLI-0155,Adobe Creative Cloud,Software,1,81300
12370,2024-11-19,CLI-0050,All-in-One HP 24,Desktops,6,803980
12371,2024-11-19,CLI-0106,Access Point Ubiquiti U6,Redes,6,267530
12372,2024-11-19,CLI-0095,Adobe Creative Cloud,Software,1,87840
12373,2024-11-19,CLI-0047,Workstation HP Z2,Desktops,5,1268310
12374,2024-11-19,CLI-0143,Access Point Ubiquiti U6,Redes,1,277200
12375,2024-11-19,CLI-0083,NAS Synology DS220+,Almacenamiento,4,533080
12376,2024-11-19,CLI-0124,NAS Synology DS220+,Almacenamiento,2,491270
12377,2024-11-19,CLI-0051,Access Point Ubiquiti U6,Redes,4,269170
12378,2024-11-20,CLI-0271,"Monitor Portátil 15""",Monitores,3,210950
12379,2024-11-20,CLI-0145,"Monitor LG 27"" 4K",Monitores,6,343170
12380,2024-11-20,CLI-0276,Notebook HP 15s,Laptops,10,590190
12381,2024-11-20,CLI-0051,"Monitor Portátil 15""",Monitores,6,224240
12382,2024-11-20,CLI-0244,Auriculares Sony XM5,Audio,3,242880
12383,2024-11-20,CLI-0095,Soundbar LG,Audio,3,159070
12384,2024-11-20,CLI-0055,"Monitor Samsung 24"" FHD",Monitores,4,180130
12385,2024-11-20,CLI-0195,Parlante UE Boom 3,Audio,1,113130
12386,2024-11-20,CLI-0117,Micrófono Blue Yeti X,Audio,1,191440
12387,2024-11-20,CLI-0161,All-in-One HP 24,Desktops,2,783000
12388,2024-11-20,CLI-0267,Mini PC ASUS PN50,Desktops,2,477170
12389,2024-11-20,CLI-0185,Webcam Logitech C925e,Perifericos,2,102110
12390,2024-11-20,CLI-0021,Chromebook Acer,Laptops,1,306040
12391,2024-11-20,CLI-0060,AirPods Pro 2,Audio,1,241790
12392,2024-11-21,CLI-0160,AutoCAD LT 2025,Software,10,598530
12393,2024-11-21,CLI-0228,"Monitor UltraWide 34""",Monitores,2,535030
12394,2024-11-21,CLI-0149,Parlante UE Boom 3,Audio,1,102710
12395,2024-11-21,CLI-0036,SSD NVMe Kingston 500GB,Almacenamiento,8,66810
12396,2024-11-21,CLI-0189,"Monitor Samsung 24"" FHD",Monitores,1,173830
12397,2024-11-21,CLI-0252,AutoCAD LT 2025,Software,1,648040
12398,2024-11-21,CLI-0225,Pendrive Kingston 256GB,Almacenamiento,3,27320
12399,2024-11-21,CLI-0044,All-in-One HP 24,Desktops,1,816890
12400,2024-11-21,CLI-0206,Windows 11 Pro,Software,2,132470
12401,2024-11-21,CLI-0053,"Monitor LG 27"" 4K",Monitores,1,378770
12402,2024-11-21,CLI-0102,Soporte Laptop Ergotron,Perifericos,1,74190
12403,2024-11-21,CLI-0207,All-in-One HP 24,Desktops,1,772920
12404,2024-11-21,CLI-0218,Disco Externo Seagate 4TB,Almacenamiento,1,106900
12405,2024-11-21,CLI-0298,Access Point Ubiquiti U6,Redes,1,283110
12406,2024-11-21,CLI-0205,Dock Station HP,Perifericos,2,208500
12407,2024-11-21,CLI-0208,Disco Externo Seagate 4TB,Almacenamiento,2,123570
12408,2024-11-22,CLI-0076,SSD Samsung 970 EVO 1TB,Almacenamiento,1,131870
12409,2024-11-22,CLI-0129,Disco Externo Seagate 4TB,Almacenamiento,2,114590
12410,2024-11-22,CLI-0069,Notebook Dell Inspiron,Laptops,1,681150
12411,2024-11-22,CLI-0028,Notebook ASUS VivoBook,Laptops,2,454540
12412,2024-11-22,CLI-0014,"Monitor Samsung 24"" FHD",Monitores,1,172440
12413,2024-11-22,CLI-0168,Workstation HP Z2,Desktops,1,1419880
12414,2024-11-22,CLI-0050,Notebook ASUS VivoBook,Laptops,3,516630
12415,2024-11-22,CLI-0267,Disco Externo Seagate 4TB,Almacenamiento,4,117700
12416,2024-11-22,CLI-0104,Webcam Logitech C925e,Perifericos,3,101650
12417,2024-11-22,CLI-0252,NAS Synology DS220+,Almacenamiento,1,488700
12418,2024-11-22,CLI-0176,SSD Externo Samsung T7,Almacenamiento,2,101550
12419,2024-11-22,CLI-0017,Parlante UE Boom 3,Audio,5,103970
12420,2024-11-22,CLI-0061,AirPods Pro 2,Audio,2,260270
12421,2024-11-22,CLI-0193,Soundbar LG,Audio,2,158810
12422,2024-11-22,CLI-0017,"Monitor Samsung 24"" FHD",Monitores,2,175910
12423,2024-11-22,CLI-0156,"Monitor LG 27"" 4K",Monitores,2,370590
12424,2024-11-22,CLI-0069,Hub USB-C Anker,Perifericos,3,57110
12425,2024-11-22,CLI-0250,All-in-One HP 24,Desktops,2,883900
12426,2024-11-22,CLI-0252,Adobe Creative Cloud,Software,2,89490
12427,2024-11-22,CLI-0277,Switch Cisco 24p,Redes,2,280640
12428,2024-11-22,CLI-0288,"Monitor LG 27"" 4K",Monitores,2,371270
12429,2024-11-25,CLI-0201,Teclado Apple Magic,Perifericos,2,110670
12430,2024-11-25,CLI-0194,Repetidor WiFi Mesh,Redes,3,84840
12431,2024-11-25,CLI-0146,Mousepad XL RGB,Perifericos,1,32500
12432,2024-11-25,CLI-0024,Mini PC ASUS PN50,Desktops,4,491370
12433,2024-11-25,CLI-0179,Access Point Ubiquiti U6,Redes,1,269900
12434,2024-11-25,CLI-0175,AirPods Pro 2,Audio,1,272830
12435,2024-11-25,CLI-0177,Dock Station HP,Perifericos,2,190190
12436,2024-11-25,CLI-0029,Adobe Creative Cloud,Software,1,83970
12437,2024-11-25,CLI-0121,Antivirus ESET 3 PCs,Software,1,42580
12438,2024-11-25,CLI-0044,Windows 11 Pro,Software,1,115960
12439,2024-11-25,CLI-0157,All-in-One HP 24,Desktops,1,887830
12440,2024-11-25,CLI-0011,SSD Externo Samsung T7,Almacenamiento,1,96150
12441,2024-11-25,CLI-0236,Adobe Creative Cloud,Software,5,79010
12442,2024-11-25,CLI-0291,NAS Synology DS220+,Almacenamiento,6,529500
12443,2024-11-26,CLI-0137,Notebook Dell Inspiron,Laptops,3,642030
12444,2024-11-26,CLI-0012,Mousepad XL RGB,Perifericos,1,31840
12445,2024-11-26,CLI-0200,Mousepad XL RGB,Perifericos,2,28970
12446,2024-11-26,CLI-0251,PC Escritorio Dell OptiPlex,Desktops,3,752030
12447,2024-11-26,CLI-0106,Soporte Laptop Ergotron,Perifericos,2,76050
12448,2024-11-26,CLI-0174,"Monitor LG 27"" 4K",Monitores,2,371440
12449,2024-11-26,CLI-0187,Parlante UE Boom 3,Audio,1,104930
12450,2024-11-26,CLI-0039,SSD Externo Samsung T7,Almacenamiento,1,99180
12451,2024-11-26,CLI-0136,Notebook Lenovo ThinkPad,Laptops,1,918390
12452,2024-11-26,CLI-0294,Headset Logitech G535,Audio,4,91130
12453,2024-11-26,CLI-0048,Access Point Ubiquiti U6,Redes,1,281770
12454,2024-11-26,CLI-0173,Teclado Mecánico Keychron K2,Perifericos,1,162710
12455,2024-11-26,CLI-0272,SSD NVMe Kingston 500GB,Almacenamiento,2,67910
12456,2024-11-26,CLI-0178,Notebook ASUS VivoBook,Laptops,3,530700
12457,2024-11-27,CLI-0155,NAS Synology DS220+,Almacenamiento,4,507490
12458,2024-11-27,CLI-0222,Adobe Creative Cloud,Software,2,87560
12459,2024-11-27,CLI-0103,Micrófono Blue Yeti X,Audio,2,200160
12460,2024-11-27,CLI-0264,SSD Samsung 970 EVO 1TB,Almacenamiento,3,133410
12461,2024-11-27,CLI-0281,"Monitor Samsung 24"" FHD",Monitores,5,167340
12462,2024-11-27,CLI-0265,"Monitor Samsung 24"" FHD",Monitores,2,175090
12463,2024-11-27,CLI-0110,Adobe Creative Cloud,Software,10,84070
12464,2024-11-27,CLI-0240,Teclado Mecánico Keychron K2,Perifericos,8,155780
12465,2024-11-27,CLI-0273,Repetidor WiFi Mesh,Redes,5,78730
12466,2024-11-27,CLI-0223,Switch Cisco 24p,Redes,3,247940
12467,2024-11-27,CLI-0031,Pendrive Kingston 256GB,Almacenamiento,1,27660
12468,2024-11-27,CLI-0237,Workstation HP Z2,Desktops,1,1361580
12469,2024-11-27,CLI-0154,Parlante UE Boom 3,Audio,2,97410
12470,2024-11-27,CLI-0033,Licencia Office 365 Anual,Software,1,87180
12471,2024-11-27,CLI-0212,Teclado Mecánico Keychron K2,Perifericos,4,156820
12472,2024-11-27,CLI-0083,Teclado Apple Magic,Perifericos,3,99350
12473,2024-11-28,CLI-0121,Headset Logitech G535,Audio,1,90380
12474,2024-11-28,CLI-0077,"Monitor Curvo 32"" QHD",Monitores,1,479460
12475,2024-11-28,CLI-0159,SSD Samsung 970 EVO 1TB,Almacenamiento,2,119020
12476,2024-11-28,CLI-0224,Parlante UE Boom 3,Audio,3,101690
12477,2024-11-28,CLI-0019,"Monitor Curvo 32"" QHD",Monitores,1,501880
12478,2024-11-28,CLI-0070,Notebook Dell Inspiron,Laptops,1,655580
12479,2024-11-28,CLI-0143,Adobe Creative Cloud,Software,2,89180
12480,2024-11-28,CLI-0022,Disco Externo Seagate 4TB,Almacenamiento,4,110410
12481,2024-11-28,CLI-0029,Chromebook Acer,Laptops,1,306420
12482,2024-11-28,CLI-0153,Notebook ASUS VivoBook,Laptops,6,491200
12483,2024-11-28,CLI-0209,Auriculares Sony XM5,Audio,3,230250
12484,2024-11-28,CLI-0047,Headset Logitech G535,Audio,8,102010
12485,2024-11-28,CLI-0072,Mouse Logitech MX Master 3,Perifericos,1,88660
12486,2024-11-28,CLI-0257,All-in-One HP 24,Desktops,2,887290
12487,2024-11-28,CLI-0298,Pendrive Kingston 256GB,Almacenamiento,1,27770
12488,2024-11-28,CLI-0047,Mouse Logitech MX Master 3,Perifericos,2,95290
12489,2024-11-28,CLI-0161,Soporte Laptop Ergotron,Perifericos,4,71660
12490,2024-11-29,CLI-0200,Mouse Logitech MX Master 3,Perifericos,8,99010
12491,2024-11-29,CLI-0112,Workstation HP Z2,Desktops,1,1364610
12492,2024-11-29,CLI-0110,Teclado Mecánico Keychron K2,Perifericos,2,168220
12493,2024-11-29,CLI-0131,Access Point Ubiquiti U6,Redes,1,267640
12494,2024-11-29,CLI-0274,Auriculares Sony XM5,Audio,3,231520
12495,2024-11-29,CLI-0058,Mousepad XL RGB,Perifericos,2,32550
12496,2024-11-29,CLI-0244,AutoCAD LT 2025,Software,1,630390
12497,2024-11-29,CLI-0143,Workstation HP Z2,Desktops,1,1453330
12498,2024-11-29,CLI-0189,Hub USB-C Anker,Perifericos,1,54820
12499,2024-11-29,CLI-0018,Adobe Creative Cloud,Software,4,90350
12500,2024-11-29,CLI-0028,Windows 11 Pro,Software,6,132280
12501,2024-11-29,CLI-0123,Teclado Apple Magic,Perifericos,2,111050
12502,2024-11-29,CLI-0159,Licencia Office 365 Anual,Software,8,94230
12503,2024-11-29,CLI-0186,AutoCAD LT 2025,Software,1,663980
12504,2024-11-29,CLI-0122,Soundbar LG,Audio,1,152620
12505,2024-12-02,CLI-0202,Teclado Apple Magic,Perifericos,1,102230
12506,2024-12-02,CLI-0121,Hub USB-C Anker,Perifericos,1,57510
12507,2024-12-02,CLI-0083,Soundbar LG,Audio,3,153740
12508,2024-12-02,CLI-0209,MacBook Air M2,Laptops,1,1243100
12509,2024-12-02,CLI-0042,Disco Externo Seagate 4TB,Almacenamiento,2,121980
12510,2024-12-02,CLI-0212,Soporte Laptop Ergotron,Perifericos,3,70960
12511,2024-12-02,CLI-0052,"Monitor LG 27"" 4K",Monitores,3,383730
12512,2024-12-02,CLI-0260,Notebook ASUS VivoBook,Laptops,1,462020
12513,2024-12-02,CLI-0281,Mousepad XL RGB,Perifericos,2,32980
12514,2024-12-02,CLI-0015,Notebook Lenovo ThinkPad,Laptops,3,938640
12515,2024-12-02,CLI-0095,Licencia Office 365 Anual,Software,2,93450
12516,2024-12-02,CLI-0070,Notebook HP 15s,Laptops,2,579040
12517,2024-12-02,CLI-0157,Mousepad XL RGB,Perifericos,2,33740
12518,2024-12-02,CLI-0057,"Monitor LG 27"" 4K",Monitores,1,387010
12519,2024-12-02,CLI-0067,Router TP-Link Archer,Redes,3,93280
12520,2024-12-02,CLI-0164,Soundbar LG,Audio,2,157840
12521,2024-12-02,CLI-0069,Teclado Apple Magic,Perifericos,1,110200
12522,2024-12-02,CLI-0168,Webcam Logitech C925e,Perifericos,1,101990
12523,2024-12-03,CLI-0213,Auriculares Sony XM5,Audio,1,243450
12524,2024-12-03,CLI-0194,Switch Cisco 24p,Redes,1,246300
12525,2024-12-03,CLI-0012,Router Eero Pro 6,Redes,3,293420
12526,2024-12-03,CLI-0118,Chromebook Acer,Laptops,10,341690
12527,2024-12-03,CLI-0102,Teclado Apple Magic,Perifericos,3,111730
12528,2024-12-03,CLI-0087,Notebook Lenovo ThinkPad,Laptops,2,951670
12529,2024-12-03,CLI-0220,Router TP-Link Archer,Redes,1,101790
12530,2024-12-03,CLI-0046,Auriculares Sony XM5,Audio,1,229800
12531,2024-12-03,CLI-0291,All-in-One HP 24,Desktops,1,815200
12532,2024-12-03,CLI-0270,Parlante UE Boom 3,Audio,4,99240
12533,2024-12-03,CLI-0233,AutoCAD LT 2025,Software,2,633110
12534,2024-12-03,CLI-0115,"Monitor Portátil 15""",Monitores,1,201540
12535,2024-12-03,CLI-0137,Webcam Logitech C925e,Perifericos,3,112840
12536,2024-12-03,CLI-0196,Mini PC ASUS PN50,Desktops,2,437060
12537,2024-12-03,CLI-0106,Router TP-Link Archer,Redes,1,89520
12538,2024-12-03,CLI-0145,AutoCAD LT 2025,Software,1,607310
12539,2024-12-03,CLI-0093,Micrófono Blue Yeti X,Audio,4,190780
12540,2024-12-03,CLI-0015,Webcam Logitech C925e,Perifericos,10,100860
12541,2024-12-03,CLI-0121,Repetidor WiFi Mesh,Redes,2,86500
12542,2024-12-04,CLI-0128,Auriculares Sony XM5,Audio,2,246580
12543,2024-12-04,CLI-0235,Chromebook Acer,Laptops,1,321680
12544,2024-12-04,CLI-0069,Mousepad XL RGB,Perifericos,10,32620
12545,2024-12-04,CLI-0204,AutoCAD LT 2025,Software,1,619370
12546,2024-12-04,CLI-0197,Parlante UE Boom 3,Audio,3,99750
12547,2024-12-04,CLI-0132,Notebook ASUS VivoBook,Laptops,1,481610
12548,2024-12-04,CLI-0031,Notebook Lenovo ThinkPad,Laptops,1,963350
12549,2024-12-04,CLI-0121,SSD NVMe Kingston 500GB,Almacenamiento,6,64520
12550,2024-12-04,CLI-0024,Notebook HP 15s,Laptops,1,539240
12551,2024-12-04,CLI-0196,Hub USB-C Anker,Perifericos,10,57560
12552,2024-12-04,CLI-0190,Mini PC ASUS PN50,Desktops,10,500220
12553,2024-12-04,CLI-0287,MacBook Air M2,Laptops,2,1300110
12554,2024-12-04,CLI-0134,"Monitor LG 27"" 4K",Monitores,2,372820
12555,2024-12-05,CLI-0174,SSD Samsung 970 EVO 1TB,Almacenamiento,1,129480
12556,2024-12-05,CLI-0163,Pendrive Kingston 256GB,Almacenamiento,2,25060
12557,2024-12-05,CLI-0134,All-in-One HP 24,Desktops,1,790840
12558,2024-12-05,CLI-0066,Disco Externo Seagate 4TB,Almacenamiento,5,124680
12559,2024-12-05,CLI-0144,Auriculares Sony XM5,Audio,6,235760
12560,2024-12-05,CLI-0145,Teclado Apple Magic,Perifericos,2,104070
12561,2024-12-05,CLI-0136,Pendrive Kingston 256GB,Almacenamiento,1,26740
12562,2024-12-05,CLI-0085,Mousepad XL RGB,Perifericos,3,29420
12563,2024-12-05,CLI-0252,Workstation HP Z2,Desktops,2,1442180
12564,2024-12-05,CLI-0226,Notebook Lenovo ThinkPad,Laptops,1,856080
12565,2024-12-05,CLI-0028,"Monitor UltraWide 34""",Monitores,1,608510
12566,2024-12-05,CLI-0241,Teclado Apple Magic,Perifericos,1,106070
12567,2024-12-05,CLI-0240,Parlante UE Boom 3,Audio,1,101720
12568,2024-12-05,CLI-0254,MacBook Air M2,Laptops,2,1170830
12569,2024-12-05,CLI-0288,Disco Externo Seagate 4TB,Almacenamiento,2,121900
12570,2024-12-05,CLI-0058,Workstation HP Z2,Desktops,1,1300490
12571,2024-12-05,CLI-0048,"Monitor Portátil 15""",Monitores,5,195860
12572,2024-12-05,CLI-0093,"Monitor LG 27"" 4K",Monitores,3,384360
12573,2024-12-05,CLI-0140,Switch Cisco 24p,Redes,6,257410
12574,2024-12-05,CLI-0300,"Monitor Portátil 15""",Monitores,2,207250
12575,2024-12-06,CLI-0003,Pendrive Kingston 256GB,Almacenamiento,4,25510
12576,2024-12-06,CLI-0093,Micrófono Blue Yeti X,Audio,6,191150
12577,2024-12-06,CLI-0127,Disco Externo Seagate 4TB,Almacenamiento,3,112500
12578,2024-12-06,CLI-0169,Notebook Dell Inspiron,Laptops,1,623020
12579,2024-12-06,CLI-0063,Headset Logitech G535,Audio,1,92170
12580,2024-12-06,CLI-0055,Mousepad XL RGB,Perifericos,1,29530
12581,2024-12-06,CLI-0042,SSD Samsung 970 EVO 1TB,Almacenamiento,4,119670
12582,2024-12-06,CLI-0246,SSD Samsung 970 EVO 1TB,Almacenamiento,3,124910
12583,2024-12-06,CLI-0138,Router TP-Link Archer,Redes,3,100700
12584,2024-12-06,CLI-0169,MacBook Air M2,Laptops,3,1176320
12585,2024-12-06,CLI-0232,Mousepad XL RGB,Perifericos,8,30180
12586,2024-12-06,CLI-0292,Mini PC ASUS PN50,Desktops,1,505760
12587,2024-12-09,CLI-0025,Antivirus ESET 3 PCs,Software,1,40240
12588,2024-12-09,CLI-0029,Notebook ASUS VivoBook,Laptops,2,466370
12589,2024-12-09,CLI-0196,Chromebook Acer,Laptops,1,310410
12590,2024-12-09,CLI-0092,Mouse Logitech MX Master 3,Perifericos,10,96090
12591,2024-12-09,CLI-0205,Chromebook Acer,Laptops,1,309400
12592,2024-12-09,CLI-0107,"Monitor LG 27"" 4K",Monitores,1,375790
12593,2024-12-09,CLI-0207,Webcam Logitech C925e,Perifericos,3,102050
12594,2024-12-09,CLI-0079,All-in-One HP 24,Desktops,1,823170
12595,2024-12-09,CLI-0222,Hub USB-C Anker,Perifericos,6,60710
12596,2024-12-09,CLI-0068,Dock Station HP,Perifericos,3,212570
12597,2024-12-09,CLI-0189,NAS Synology DS220+,Almacenamiento,1,491970
12598,2024-12-09,CLI-0229,AirPods Pro 2,Audio,2,266760
12599,2024-12-10,CLI-0289,Router TP-Link Archer,Redes,2,98550
12600,2024-12-10,CLI-0217,Auriculares Sony XM5,Audio,2,219870
12601,2024-12-10,CLI-0223,Licencia Office 365 Anual,Software,2,93810
12602,2024-12-10,CLI-0021,NAS Synology DS220+,Almacenamiento,1,505340
12603,2024-12-10,CLI-0238,AutoCAD LT 2025,Software,1,601030
12604,2024-12-10,CLI-0080,Disco Externo Seagate 4TB,Almacenamiento,2,108510
12605,2024-12-10,CLI-0269,Chromebook Acer,Laptops,1,308790
12606,2024-12-10,CLI-0224,Chromebook Acer,Laptops,6,339390
12607,2024-12-10,CLI-0245,Hub USB-C Anker,Perifericos,1,59080
12608,2024-12-10,CLI-0066,AutoCAD LT 2025,Software,6,620980
12609,2024-12-10,CLI-0128,Pendrive Kingston 256GB,Almacenamiento,2,24420
12610,2024-12-10,CLI-0292,Notebook Lenovo ThinkPad,Laptops,2,911130
12611,2024-12-11,CLI-0024,NAS Synology DS220+,Almacenamiento,1,526800
12612,2024-12-11,CLI-0218,Micrófono Blue Yeti X,Audio,1,197990
12613,2024-12-11,CLI-0292,Teclado Apple Magic,Perifericos,1,102100
12614,2024-12-11,CLI-0300,Chromebook Acer,Laptops,4,293570
12615,2024-12-11,CLI-0009,All-in-One HP 24,Desktops,3,779820
12616,2024-12-11,CLI-0237,"Monitor Samsung 24"" FHD",Monitores,4,177330
12617,2024-12-11,CLI-0202,MacBook Air M2,Laptops,1,1343640
12618,2024-12-11,CLI-0153,Mousepad XL RGB,Perifericos,2,30340
12619,2024-12-11,CLI-0233,Adobe Creative Cloud,Software,2,85390
12620,2024-12-12,CLI-0136,Soporte Laptop Ergotron,Perifericos,10,69740
12621,2024-12-12,CLI-0096,"Monitor Portátil 15""",Monitores,1,205290
12622,2024-12-12,CLI-0133,AutoCAD LT 2025,Software,1,650220
12623,2024-12-12,CLI-0274,Notebook Dell Inspiron,Laptops,1,647710
12624,2024-12-12,CLI-0060,Notebook HP 15s,Laptops,1,580090
12625,2024-12-12,CLI-0245,SSD Samsung 970 EVO 1TB,Almacenamiento,3,134030
12626,2024-12-12,CLI-0250,Hub USB-C Anker,Perifericos,2,60410
12627,2024-12-12,CLI-0185,Windows 11 Pro,Software,3,136560
12628,2024-12-12,CLI-0203,Hub USB-C Anker,Perifericos,1,60380
12629,2024-12-12,CLI-0070,Notebook HP 15s,Laptops,1,590650
12630,2024-12-12,CLI-0009,Windows 11 Pro,Software,10,133320
12631,2024-12-12,CLI-0014,"Monitor Portátil 15""",Monitores,2,218760
12632,2024-12-12,CLI-0075,Antivirus ESET 3 PCs,Software,1,44230
12633,2024-12-12,CLI-0276,"Monitor Curvo 32"" QHD",Monitores,1,507760
12634,2024-12-12,CLI-0238,Workstation HP Z2,Desktops,2,1366050
12635,2024-12-12,CLI-0012,All-in-One HP 24,Desktops,1,862660
12636,2024-12-12,CLI-0079,Windows 11 Pro,Software,2,126890
12637,2024-12-13,CLI-0249,SSD NVMe Kingston 500GB,Almacenamiento,1,66530
12638,2024-12-13,CLI-0231,Access Point Ubiquiti U6,Redes,1,276370
12639,2024-12-13,CLI-0151,Switch Cisco 24p,Redes,4,283230
12640,2024-12-13,CLI-0201,Notebook Lenovo ThinkPad,Laptops,1,860720
12641,2024-12-13,CLI-0053,Licencia Office 365 Anual,Software,5,98120
12642,2024-12-13,CLI-0222,Micrófono Blue Yeti X,Audio,5,208680
12643,2024-12-13,CLI-0297,Router TP-Link Archer,Redes,3,101570
12644,2024-12-13,CLI-0149,MacBook Air M2,Laptops,2,1348410
12645,2024-12-13,CLI-0249,NAS Synology DS220+,Almacenamiento,2,512350
12646,2024-12-13,CLI-0250,"Monitor UltraWide 34""",Monitores,3,587590
12647,2024-12-13,CLI-0271,Notebook Dell Inspiron,Laptops,2,619270
12648,2024-12-13,CLI-0162,Router Eero Pro 6,Redes,1,340540
12649,2024-12-13,CLI-0214,SSD NVMe Kingston 500GB,Almacenamiento,1,60810
12650,2024-12-13,CLI-0178,Soundbar LG,Audio,3,163930
12651,2024-12-13,CLI-0011,"Monitor LG 27"" 4K",Monitores,1,386710
12652,2024-12-13,CLI-0099,SSD NVMe Kingston 500GB,Almacenamiento,1,62690
12653,2024-12-13,CLI-0119,NAS Synology DS220+,Almacenamiento,1,482990
12654,2024-12-13,CLI-0174,Router TP-Link Archer,Redes,5,90210
12655,2024-12-13,CLI-0240,Mini PC ASUS PN50,Desktops,5,501820
12656,2024-12-13,CLI-0200,Micrófono Blue Yeti X,Audio,4,200780
12657,2024-12-16,CLI-0185,SSD NVMe Kingston 500GB,Almacenamiento,4,60760
12658,2024-12-16,CLI-0083,Repetidor WiFi Mesh,Redes,1,89470
12659,2024-12-16,CLI-0045,Adobe Creative Cloud,Software,2,81820
12660,2024-12-16,CLI-0089,"Monitor Curvo 32"" QHD",Monitores,1,451970
12661,2024-12-16,CLI-0252,PC Escritorio Dell OptiPlex,Desktops,4,689440
12662,2024-12-16,CLI-0253,Hub USB-C Anker,Perifericos,1,58120
12663,2024-12-16,CLI-0286,Notebook Lenovo ThinkPad,Laptops,15,889670
12664,2024-12-16,CLI-0184,Teclado Apple Magic,Perifericos,1,109730
12665,2024-12-16,CLI-0082,"Monitor Samsung 24"" FHD",Monitores,4,178320
12666,2024-12-17,CLI-0258,MacBook Air M2,Laptops,4,1221050
12667,2024-12-17,CLI-0173,Parlante UE Boom 3,Audio,1,112710
12668,2024-12-17,CLI-0117,All-in-One HP 24,Desktops,2,798760
12669,2024-12-17,CLI-0250,Teclado Apple Magic,Perifericos,15,113730
12670,2024-12-17,CLI-0182,MacBook Air M2,Laptops,4,1230930
12671,2024-12-17,CLI-0286,Teclado Mecánico Keychron K2,Perifericos,6,147820
12672,2024-12-17,CLI-0264,Router TP-Link Archer,Redes,3,91120
12673,2024-12-17,CLI-0026,Soundbar LG,Audio,4,147060
12674,2024-12-17,CLI-0057,PC Escritorio Dell OptiPlex,Desktops,4,772760
12675,2024-12-17,CLI-0053,Router Eero Pro 6,Redes,1,317130
12676,2024-12-17,CLI-0054,"Monitor LG 27"" 4K",Monitores,3,359610
12677,2024-12-17,CLI-0106,Auriculares Sony XM5,Audio,1,238110
12678,2024-12-17,CLI-0150,Soundbar LG,Audio,4,161550
12679,2024-12-18,CLI-0256,PC Escritorio Dell OptiPlex,Desktops,1,773040
12680,2024-12-18,CLI-0187,Soporte Laptop Ergotron,Perifericos,4,73740
12681,2024-12-18,CLI-0063,"Monitor Curvo 32"" QHD",Monitores,2,490270
12682,2024-12-18,CLI-0213,Notebook HP 15s,Laptops,1,521410
12683,2024-12-18,CLI-0243,Soporte Laptop Ergotron,Perifericos,1,76890
12684,2024-12-18,CLI-0088,Chromebook Acer,Laptops,1,339880
12685,2024-12-18,CLI-0213,Auriculares Sony XM5,Audio,3,216680
12686,2024-12-18,CLI-0126,Workstation HP Z2,Desktops,3,1445250
12687,2024-12-18,CLI-0272,Micrófono Blue Yeti X,Audio,4,214330
12688,2024-12-18,CLI-0071,Parlante UE Boom 3,Audio,2,100870
12689,2024-12-18,CLI-0210,SSD Samsung 970 EVO 1TB,Almacenamiento,8,127090
12690,2024-12-18,CLI-0265,AutoCAD LT 2025,Software,1,676320
12691,2024-12-18,CLI-0016,Soundbar LG,Audio,1,169890
12692,2024-12-18,CLI-0006,Pendrive Kingston 256GB,Almacenamiento,8,24790
12693,2024-12-18,CLI-0044,Soporte Laptop Ergotron,Perifericos,1,72060
12694,2024-12-18,CLI-0085,Parlante UE Boom 3,Audio,1,108830
12695,2024-12-18,CLI-0019,Adobe Creative Cloud,Software,6,80630
12696,2024-12-19,CLI-0078,Switch Cisco 24p,Redes,1,249120
12697,2024-12-19,CLI-0267,Webcam Logitech C925e,Perifericos,2,106540
12698,2024-12-19,CLI-0284,Hub USB-C Anker,Perifericos,3,59440
12699,2024-12-19,CLI-0161,Dock Station HP,Perifericos,1,205220
12700,2024-12-19,CLI-0144,Pendrive Kingston 256GB,Almacenamiento,2,27540
12701,2024-12-19,CLI-0076,Windows 11 Pro,Software,2,124870
12702,2024-12-19,CLI-0106,SSD Externo Samsung T7,Almacenamiento,3,91500
12703,2024-12-19,CLI-0227,Windows 11 Pro,Software,1,116780
12704,2024-12-19,CLI-0208,"Monitor Curvo 32"" QHD",Monitores,5,452460
12705,2024-12-19,CLI-0044,MacBook Air M2,Laptops,2,1227990
12706,2024-12-19,CLI-0200,Mini PC ASUS PN50,Desktops,2,450300
12707,2024-12-19,CLI-0277,Webcam Logitech C925e,Perifericos,1,97390
12708,2024-12-19,CLI-0262,Router Eero Pro 6,Redes,1,299140
12709,2024-12-20,CLI-0175,Licencia Office 365 Anual,Software,1,101560
12710,2024-12-20,CLI-0015,SSD Externo Samsung T7,Almacenamiento,2,99470
12711,2024-12-20,CLI-0124,Hub USB-C Anker,Perifericos,3,58640
12712,2024-12-20,CLI-0259,All-in-One HP 24,Desktops,3,795050
12713,2024-12-20,CLI-0191,Teclado Apple Magic,Perifericos,3,106570
12714,2024-12-20,CLI-0182,All-in-One HP 24,Desktops,1,784790
12715,2024-12-20,CLI-0064,Soundbar LG,Audio,1,156490
12716,2024-12-20,CLI-0003,SSD Samsung 970 EVO 1TB,Almacenamiento,1,124370
12717,2024-12-20,CLI-0121,Access Point Ubiquiti U6,Redes,2,260690
12718,2024-12-20,CLI-0274,Router TP-Link Archer,Redes,1,91590
12719,2024-12-20,CLI-0154,Webcam Logitech C925e,Perifericos,3,108630
12720,2024-12-20,CLI-0294,AutoCAD LT 2025,Software,1,667520
12721,2024-12-20,CLI-0194,Pendrive Kingston 256GB,Almacenamiento,3,27500
12722,2024-12-20,CLI-0054,Mousepad XL RGB,Perifericos,2,32290
12723,2024-12-20,CLI-0099,Auriculares Sony XM5,Audio,2,233510
12724,2024-12-20,CLI-0076,Parlante UE Boom 3,Audio,4,97570
12725,2024-12-20,CLI-0042,Chromebook Acer,Laptops,1,327780
12726,2024-12-23,CLI-0067,SSD NVMe Kingston 500GB,Almacenamiento,1,61550
12727,2024-12-23,CLI-0040,Auriculares Sony XM5,Audio,3,248270
12728,2024-12-23,CLI-0207,Access Point Ubiquiti U6,Redes,2,268990
12729,2024-12-23,CLI-0203,Teclado Apple Magic,Perifericos,2,105080
12730,2024-12-23,CLI-0217,Soundbar LG,Audio,3,161300
12731,2024-12-23,CLI-0251,Micrófono Blue Yeti X,Audio,4,197670
12732,2024-12-23,CLI-0074,NAS Synology DS220+,Almacenamiento,1,503970
12733,2024-12-23,CLI-0235,Mini PC ASUS PN50,Desktops,10,458810
12734,2024-12-23,CLI-0263,Pendrive Kingston 256GB,Almacenamiento,1,26110
12735,2024-12-23,CLI-0109,SSD Samsung 970 EVO 1TB,Almacenamiento,2,130350
12736,2024-12-23,CLI-0081,Router Eero Pro 6,Redes,1,293190
12737,2024-12-23,CLI-0061,Router TP-Link Archer,Redes,5,99420
12738,2024-12-23,CLI-0057,All-in-One HP 24,Desktops,1,814680
12739,2024-12-23,CLI-0149,MacBook Air M2,Laptops,2,1302970
12740,2024-12-23,CLI-0061,Auriculares Sony XM5,Audio,1,237390
12741,2024-12-24,CLI-0192,Hub USB-C Anker,Perifericos,1,62280
12742,2024-12-24,CLI-0015,Workstation HP Z2,Desktops,1,1373320
12743,2024-12-24,CLI-0216,Notebook Lenovo ThinkPad,Laptops,8,930070
12744,2024-12-24,CLI-0157,Webcam Logitech C925e,Perifericos,1,108960
12745,2024-12-24,CLI-0251,Notebook HP 15s,Laptops,1,535550
12746,2024-12-24,CLI-0179,Notebook ASUS VivoBook,Laptops,5,478650
12747,2024-12-24,CLI-0214,SSD NVMe Kingston 500GB,Almacenamiento,2,62520
12748,2024-12-24,CLI-0290,Soundbar LG,Audio,6,152610
12749,2024-12-24,CLI-0194,SSD NVMe Kingston 500GB,Almacenamiento,4,61940
12750,2024-12-24,CLI-0068,Mini PC ASUS PN50,Desktops,2,466460
12751,2024-12-24,CLI-0236,Soundbar LG,Audio,3,160870
12752,2024-12-24,CLI-0077,Mousepad XL RGB,Perifericos,1,30220
12753,2024-12-24,CLI-0210,AirPods Pro 2,Audio,1,276580
12754,2024-12-24,CLI-0203,Soporte Laptop Ergotron,Perifericos,2,73100
12755,2024-12-24,CLI-0227,Teclado Mecánico Keychron K2,Perifericos,3,163460
12756,2024-12-24,CLI-0085,Notebook Dell Inspiron,Laptops,2,610290
12757,2024-12-24,CLI-0159,Router Eero Pro 6,Redes,3,314970
12758,2024-12-25,CLI-0287,Chromebook Acer,Laptops,1,304200
12759,2024-12-25,CLI-0278,Switch Cisco 24p,Redes,3,268810
12760,2024-12-25,CLI-0292,Pendrive Kingston 256GB,Almacenamiento,1,26230
12761,2024-12-25,CLI-0244,NAS Synology DS220+,Almacenamiento,6,495910
12762,2024-12-25,CLI-0062,Adobe Creative Cloud,Software,8,80390
12763,2024-12-25,CLI-0093,Notebook Dell Inspiron,Laptops,1,613430
12764,2024-12-25,CLI-0106,Mouse Logitech MX Master 3,Perifericos,4,89170
12765,2024-12-25,CLI-0297,Soundbar LG,Audio,1,170870
12766,2024-12-25,CLI-0274,Router TP-Link Archer,Redes,1,93610
12767,2024-12-25,CLI-0024,Disco Externo Seagate 4TB,Almacenamiento,5,106790
12768,2024-12-25,CLI-0012,Soporte Laptop Ergotron,Perifericos,2,79190
12769,2024-12-25,CLI-0213,Notebook Dell Inspiron,Laptops,5,603850
12770,2024-12-25,CLI-0163,AirPods Pro 2,Audio,1,260300
12771,2024-12-26,CLI-0059,PC Escritorio Dell OptiPlex,Desktops,2,794550
12772,2024-12-26,CLI-0147,Workstation HP Z2,Desktops,1,1270400
12773,2024-12-26,CLI-0046,Workstation HP Z2,Desktops,1,1478330
12774,2024-12-26,CLI-0209,AutoCAD LT 2025,Software,1,668380
12775,2024-12-26,CLI-0167,"Monitor Samsung 24"" FHD",Monitores,1,191650
12776,2024-12-26,CLI-0030,Hub USB-C Anker,Perifericos,1,55740
12777,2024-12-26,CLI-0164,Workstation HP Z2,Desktops,2,1293030
12778,2024-12-26,CLI-0166,Teclado Apple Magic,Perifericos,1,108250
12779,2024-12-26,CLI-0062,Notebook Lenovo ThinkPad,Laptops,1,899010
12780,2024-12-26,CLI-0122,Disco Externo Seagate 4TB,Almacenamiento,2,116470
12781,2024-12-26,CLI-0259,AirPods Pro 2,Audio,8,281660
12782,2024-12-26,CLI-0138,Notebook Lenovo ThinkPad,Laptops,1,913970
12783,2024-12-26,CLI-0284,Micrófono Blue Yeti X,Audio,1,194380
12784,2024-12-26,CLI-0015,Micrófono Blue Yeti X,Audio,3,197230
12785,2024-12-26,CLI-0010,Teclado Mecánico Keychron K2,Perifericos,2,148960
12786,2024-12-26,CLI-0052,Mouse Logitech MX Master 3,Perifericos,4,90270
12787,2024-12-26,CLI-0065,Hub USB-C Anker,Perifericos,2,54700
12788,2024-12-26,CLI-0229,Chromebook Acer,Laptops,5,332200
12789,2024-12-27,CLI-0257,"Monitor Portátil 15""",Monitores,4,206750
12790,2024-12-27,CLI-0073,Auriculares Sony XM5,Audio,2,238350
12791,2024-12-27,CLI-0087,Mouse Logitech MX Master 3,Perifericos,2,99690
12792,2024-12-27,CLI-0217,Router Eero Pro 6,Redes,2,335790
12793,2024-12-27,CLI-0001,SSD Samsung 970 EVO 1TB,Almacenamiento,10,127540
12794,2024-12-27,CLI-0149,Antivirus ESET 3 PCs,Software,10,44350
12795,2024-12-27,CLI-0001,Notebook Lenovo ThinkPad,Laptops,8,898360
12796,2024-12-27,CLI-0247,Teclado Mecánico Keychron K2,Perifericos,2,157590
12797,2024-12-27,CLI-0195,Dock Station HP,Perifericos,5,212160
12798,2024-12-27,CLI-0109,Access Point Ubiquiti U6,Redes,5,258940
12799,2024-12-27,CLI-0145,MacBook Air M2,Laptops,1,1244910
12800,2024-12-27,CLI-0274,Switch Cisco 24p,Redes,1,255510
12801,2024-12-27,CLI-0046,Headset Logitech G535,Audio,3,95220
12802,2024-12-27,CLI-0072,Router Eero Pro 6,Redes,15,318760
12803,2024-12-27,CLI-0222,"Monitor Portátil 15""",Monitores,2,216410
12804,2024-12-27,CLI-0163,AutoCAD LT 2025,Software,8,625950
12805,2024-12-27,CLI-0134,Soundbar LG,Audio,1,151100
12806,2024-12-30,CLI-0165,Soporte Laptop Ergotron,Perifericos,1,78840
12807,2024-12-30,CLI-0169,Notebook Dell Inspiron,Laptops,6,623460
12808,2024-12-30,CLI-0069,Antivirus ESET 3 PCs,Software,6,42590
12809,2024-12-30,CLI-0244,Notebook HP 15s,Laptops,6,562420
12810,2024-12-30,CLI-0089,Micrófono Blue Yeti X,Audio,2,210980
12811,2024-12-30,CLI-0251,Headset Logitech G535,Audio,2,89450
12812,2024-12-30,CLI-0040,SSD Externo Samsung T7,Almacenamiento,1,101170
12813,2024-12-30,CLI-0228,AutoCAD LT 2025,Software,1,636170
12814,2024-12-30,CLI-0193,Router TP-Link Archer,Redes,1,96250
12815,2024-12-30,CLI-0091,Windows 11 Pro,Software,12,126800
12816,2024-12-30,CLI-0064,SSD Samsung 970 EVO 1TB,Almacenamiento,1,117190
12817,2024-12-30,CLI-0099,Soundbar LG,Audio,1,158170
12818,2024-12-30,CLI-0011,Teclado Mecánico Keychron K2,Perifericos,3,152250
12819,2024-12-30,CLI-0184,"Monitor Curvo 32"" QHD",Monitores,1,462790
12820,2024-12-30,CLI-0156,"Monitor UltraWide 34""",Monitores,1,594080
12821,2024-12-30,CLI-0253,Auriculares Sony XM5,Audio,1,232000
12822,2024-12-30,CLI-0253,Router TP-Link Archer,Redes,1,88760
12823,2024-12-30,CLI-0101,Licencia Office 365 Anual,Software,1,88450
12824,2024-12-30,CLI-0143,Switch Cisco 24p,Redes,2,250470
12825,2024-12-30,CLI-0088,Router Eero Pro 6,Redes,1,300840
12826,2024-12-31,CLI-0290,AutoCAD LT 2025,Software,3,671650
12827,2024-12-31,CLI-0290,"Monitor Samsung 24"" FHD",Monitores,1,171010
12828,2024-12-31,CLI-0066,Notebook ASUS VivoBook,Laptops,1,463400
12829,2024-12-31,CLI-0292,"Monitor UltraWide 34""",Monitores,5,615120
12830,2024-12-31,CLI-0141,"Monitor Curvo 32"" QHD",Monitores,5,459190
12831,2024-12-31,CLI-0012,Windows 11 Pro,Software,3,125080
12832,2024-12-31,CLI-0130,AutoCAD LT 2025,Software,2,679480
12833,2024-12-31,CLI-0233,Notebook HP 15s,Laptops,8,598890
12834,2024-12-31,CLI-0027,Mousepad XL RGB,Perifericos,2,32730
12835,2024-12-31,CLI-0209,Teclado Mecánico Keychron K2,Perifericos,1,147330
12836,2024-12-31,CLI-0266,SSD Samsung 970 EVO 1TB,Almacenamiento,2,128480
12837,2024-12-31,CLI-0265,MacBook Air M2,Laptops,5,1365060
12838,2024-12-31,CLI-0115,Notebook Lenovo ThinkPad,Laptops,1,960860
12839,2024-12-31,CLI-0216,SSD Externo Samsung T7,Almacenamiento,2,88950
12840,2024-12-31,CLI-0003,Headset Logitech G535,Audio,1,93360
12841,2024-12-31,CLI-0042,Switch Cisco 24p,Redes,4,255960
12842,2025-01-01,CLI-0116,Windows 11 Pro,Software,2,120230
12843,2025-01-01,CLI-0039,Mouse Logitech MX Master 3,Perifericos,1,94350
12844,2025-01-01,CLI-0169,Hub USB-C Anker,Perifericos,1,54960
12845,2025-01-01,CLI-0050,Notebook Dell Inspiron,Laptops,2,704910
12846,2025-01-01,CLI-0013,Access Point Ubiquiti U6,Redes,4,249940
12847,2025-01-02,CLI-0172,Teclado Apple Magic,Perifericos,1,99870
12848,2025-01-02,CLI-0243,Mouse Logitech MX Master 3,Perifericos,8,95290
12849,2025-01-02,CLI-0028,Soporte Laptop Ergotron,Perifericos,2,75990
12850,2025-01-02,CLI-0122,Notebook ASUS VivoBook,Laptops,4,465300
12851,2025-01-03,CLI-0225,PC Escritorio Dell OptiPlex,Desktops,3,738040
12852,2025-01-03,CLI-0297,All-in-One HP 24,Desktops,1,914530
12853,2025-01-03,CLI-0032,MacBook Air M2,Laptops,1,1372990
12854,2025-01-03,CLI-0034,Mini PC ASUS PN50,Desktops,1,513590
12855,2025-01-03,CLI-0227,Notebook Lenovo ThinkPad,Laptops,1,889900
12856,2025-01-06,CLI-0222,Notebook ASUS VivoBook,Laptops,1,465930
12857,2025-01-06,CLI-0029,Router Eero Pro 6,Redes,1,315610
12858,2025-01-06,CLI-0196,Headset Logitech G535,Audio,1,92940
12859,2025-01-07,CLI-0211,"Monitor UltraWide 34""",Monitores,5,550570
12860,2025-01-07,CLI-0006,SSD Samsung 970 EVO 1TB,Almacenamiento,1,120300
12861,2025-01-07,CLI-0220,Repetidor WiFi Mesh,Redes,2,86310
12862,2025-01-07,CLI-0174,Antivirus ESET 3 PCs,Software,8,40790
12863,2025-01-07,CLI-0014,SSD Samsung 970 EVO 1TB,Almacenamiento,2,120520
12864,2025-01-07,CLI-0099,PC Escritorio Dell OptiPlex,Desktops,1,793010
12865,2025-01-07,CLI-0035,Access Point Ubiquiti U6,Redes,4,245610
12866,2025-01-08,CLI-0100,Switch Cisco 24p,Redes,1,251990
12867,2025-01-08,CLI-0261,Teclado Apple Magic,Perifericos,1,102850
12868,2025-01-08,CLI-0247,Repetidor WiFi Mesh,Redes,2,90250
12869,2025-01-08,CLI-0125,Mini PC ASUS PN50,Desktops,4,499620
12870,2025-01-08,CLI-0031,Mini PC ASUS PN50,Desktops,1,511100
12871,2025-01-08,CLI-0224,NAS Synology DS220+,Almacenamiento,8,521160
12872,2025-01-09,CLI-0184,Hub USB-C Anker,Perifericos,2,61520
12873,2025-01-09,CLI-0278,Workstation HP Z2,Desktops,1,1351280
12874,2025-01-09,CLI-0159,Router TP-Link Archer,Redes,1,100300
12875,2025-01-09,CLI-0189,Notebook HP 15s,Laptops,2,556610
12876,2025-01-09,CLI-0075,Notebook Lenovo ThinkPad,Laptops,1,937530
12877,2025-01-09,CLI-0287,Notebook Lenovo ThinkPad,Laptops,2,848410
12878,2025-01-09,CLI-0101,"Monitor Curvo 32"" QHD",Monitores,3,509400
12879,2025-01-09,CLI-0104,Notebook ASUS VivoBook,Laptops,1,496640
12880,2025-01-09,CLI-0244,Windows 11 Pro,Software,3,122300
12881,2025-01-10,CLI-0240,Router TP-Link Archer,Redes,3,102310
12882,2025-01-10,CLI-0297,Switch Cisco 24p,Redes,10,260540
12883,2025-01-10,CLI-0154,Micrófono Blue Yeti X,Audio,1,211060
12884,2025-01-10,CLI-0054,SSD Samsung 970 EVO 1TB,Almacenamiento,5,136690
12885,2025-01-10,CLI-0022,Disco Externo Seagate 4TB,Almacenamiento,1,120390
12886,2025-01-10,CLI-0002,Licencia Office 365 Anual,Software,1,90220
12887,2025-01-10,CLI-0118,SSD Samsung 970 EVO 1TB,Almacenamiento,3,128940
12888,2025-01-10,CLI-0123,SSD NVMe Kingston 500GB,Almacenamiento,3,59710
12889,2025-01-10,CLI-0170,AirPods Pro 2,Audio,1,277250
12890,2025-01-10,CLI-0095,Notebook HP 15s,Laptops,1,542130
12891,2025-01-13,CLI-0038,Dock Station HP,Perifericos,1,198380
12892,2025-01-13,CLI-0059,Workstation HP Z2,Desktops,1,1410890
12893,2025-01-13,CLI-0100,Licencia Office 365 Anual,Software,2,96520
12894,2025-01-13,CLI-0185,MacBook Air M2,Laptops,10,1202030
12895,2025-01-13,CLI-0102,"Monitor Curvo 32"" QHD",Monitores,1,473230
12896,2025-01-13,CLI-0113,Teclado Apple Magic,Perifericos,3,103780
12897,2025-01-13,CLI-0174,Router Eero Pro 6,Redes,1,306500
12898,2025-01-14,CLI-0101,Notebook Dell Inspiron,Laptops,1,615230
12899,2025-01-14,CLI-0135,PC Escritorio Dell OptiPlex,Desktops,1,773430
12900,2025-01-14,CLI-0071,AirPods Pro 2,Audio,3,279230
12901,2025-01-14,CLI-0057,Soporte Laptop Ergotron,Perifericos,8,70470
12902,2025-01-14,CLI-0157,SSD Samsung 970 EVO 1TB,Almacenamiento,1,121480
12903,2025-01-14,CLI-0191,Adobe Creative Cloud,Software,1,82390
12904,2025-01-14,CLI-0270,Repetidor WiFi Mesh,Redes,5,86020
12905,2025-01-15,CLI-0034,All-in-One HP 24,Desktops,1,850510
12906,2025-01-15,CLI-0067,"Monitor Curvo 32"" QHD",Monitores,1,463380
12907,2025-01-15,CLI-0194,Windows 11 Pro,Software,1,133860
12908,2025-01-15,CLI-0220,Licencia Office 365 Anual,Software,1,99520
12909,2025-01-15,CLI-0024,Repetidor WiFi Mesh,Redes,2,84790
12910,2025-01-15,CLI-0275,Webcam Logitech C925e,Perifericos,4,110530
12911,2025-01-15,CLI-0168,Mouse Logitech MX Master 3,Perifericos,1,91850
12912,2025-01-15,CLI-0144,Mini PC ASUS PN50,Desktops,5,483820
12913,2025-01-15,CLI-0300,Disco Externo Seagate 4TB,Almacenamiento,1,123400
12914,2025-01-15,CLI-0042,SSD NVMe Kingston 500GB,Almacenamiento,4,61740
12915,2025-01-15,CLI-0034,"Monitor LG 27"" 4K",Monitores,2,370010
12916,2025-01-16,CLI-0261,Auriculares Sony XM5,Audio,2,215290
12917,2025-01-16,CLI-0238,"Monitor Samsung 24"" FHD",Monitores,1,180280
12918,2025-01-16,CLI-0192,Pendrive Kingston 256GB,Almacenamiento,3,28000
12919,2025-01-16,CLI-0254,SSD NVMe Kingston 500GB,Almacenamiento,1,65720
12920,2025-01-16,CLI-0206,Licencia Office 365 Anual,Software,6,99900
12921,2025-01-16,CLI-0299,Antivirus ESET 3 PCs,Software,1,41650
12922,2025-01-16,CLI-0113,"Monitor Curvo 32"" QHD",Monitores,2,479200
12923,2025-01-16,CLI-0121,Headset Logitech G535,Audio,1,88270
12924,2025-01-16,CLI-0218,AirPods Pro 2,Audio,2,260030
12925,2025-01-16,CLI-0192,Teclado Apple Magic,Perifericos,2,105560
12926,2025-01-16,CLI-0069,Chromebook Acer,Laptops,1,305530
12927,2025-01-16,CLI-0266,Dock Station HP,Perifericos,1,186280
12928,2025-01-16,CLI-0022,SSD Samsung 970 EVO 1TB,Almacenamiento,2,131060
12929,2025-01-16,CLI-0173,Parlante UE Boom 3,Audio,2,104890
12930,2025-01-17,CLI-0222,Micrófono Blue Yeti X,Audio,1,214530
12931,2025-01-17,CLI-0255,Mousepad XL RGB,Perifericos,1,29610
12932,2025-01-17,CLI-0013,"Monitor Samsung 24"" FHD",Monitores,2,178770
12933,2025-01-17,CLI-0136,Antivirus ESET 3 PCs,Software,1,40400
12934,2025-01-17,CLI-0043,Webcam Logitech C925e,Perifericos,5,106390
12935,2025-01-17,CLI-0263,SSD Externo Samsung T7,Almacenamiento,3,92040
12936,2025-01-20,CLI-0142,"Monitor UltraWide 34""",Monitores,1,586390
12937,2025-01-20,CLI-0037,Auriculares Sony XM5,Audio,1,231680
12938,2025-01-20,CLI-0103,Soporte Laptop Ergotron,Perifericos,1,79670
12939,2025-01-20,CLI-0169,Teclado Apple Magic,Perifericos,1,109500
12940,2025-01-20,CLI-0141,"Monitor Curvo 32"" QHD",Monitores,3,514820
12941,2025-01-21,CLI-0071,SSD Externo Samsung T7,Almacenamiento,6,89800
12942,2025-01-21,CLI-0005,Hub USB-C Anker,Perifericos,1,54280
12943,2025-01-21,CLI-0178,Headset Logitech G535,Audio,8,95290
12944,2025-01-21,CLI-0297,Antivirus ESET 3 PCs,Software,1,39550
12945,2025-01-21,CLI-0263,Workstation HP Z2,Desktops,5,1427310
12946,2025-01-21,CLI-0117,"Monitor UltraWide 34""",Monitores,3,587870
12947,2025-01-21,CLI-0108,SSD NVMe Kingston 500GB,Almacenamiento,1,67010
12948,2025-01-21,CLI-0283,SSD Samsung 970 EVO 1TB,Almacenamiento,3,122710
12949,2025-01-21,CLI-0237,Soporte Laptop Ergotron,Perifericos,4,74420
12950,2025-01-21,CLI-0161,"Monitor Curvo 32"" QHD",Monitores,2,447800
12951,2025-01-21,CLI-0214,"Monitor Portátil 15""",Monitores,2,225030
12952,2025-01-21,CLI-0286,Notebook Dell Inspiron,Laptops,1,623020
12953,2025-01-21,CLI-0296,Mini PC ASUS PN50,Desktops,1,446640
12954,2025-01-22,CLI-0005,Disco Externo Seagate 4TB,Almacenamiento,4,115630
12955,2025-01-22,CLI-0182,Soporte Laptop Ergotron,Perifericos,1,70660
12956,2025-01-22,CLI-0218,AutoCAD LT 2025,Software,3,656270
12957,2025-01-22,CLI-0276,Hub USB-C Anker,Perifericos,1,56950
12958,2025-01-22,CLI-0012,Switch Cisco 24p,Redes,4,262840
12959,2025-01-22,CLI-0072,Workstation HP Z2,Desktops,10,1292770
12960,2025-01-22,CLI-0170,Switch Cisco 24p,Redes,3,267850
12961,2025-01-23,CLI-0294,Headset Logitech G535,Audio,12,92860
12962,2025-01-23,CLI-0105,Headset Logitech G535,Audio,1,90090
12963,2025-01-23,CLI-0198,"Monitor Curvo 32"" QHD",Monitores,2,455500
12964,2025-01-23,CLI-0169,Switch Cisco 24p,Redes,10,280790
12965,2025-01-23,CLI-0156,Chromebook Acer,Laptops,1,323240
12966,2025-01-23,CLI-0284,"Monitor Samsung 24"" FHD",Monitores,1,170860
12967,2025-01-24,CLI-0251,Notebook Dell Inspiron,Laptops,1,622690
12968,2025-01-24,CLI-0036,AirPods Pro 2,Audio,1,260080
12969,2025-01-24,CLI-0120,Webcam Logitech C925e,Perifericos,3,112230
12970,2025-01-24,CLI-0036,SSD Samsung 970 EVO 1TB,Almacenamiento,1,127940
12971,2025-01-24,CLI-0266,Notebook HP 15s,Laptops,1,575750
12972,2025-01-24,CLI-0211,Headset Logitech G535,Audio,1,99710
12973,2025-01-27,CLI-0057,Mini PC ASUS PN50,Desktops,2,499900
12974,2025-01-27,CLI-0245,Notebook ASUS VivoBook,Laptops,1,485460
12975,2025-01-27,CLI-0106,Mini PC ASUS PN50,Desktops,5,450270
12976,2025-01-27,CLI-0159,Parlante UE Boom 3,Audio,4,100680
12977,2025-01-27,CLI-0244,"Monitor LG 27"" 4K",Monitores,2,372820
12978,2025-01-27,CLI-0159,Access Point Ubiquiti U6,Redes,1,279670
12979,2025-01-27,CLI-0235,Teclado Mecánico Keychron K2,Perifericos,1,148070
12980,2025-01-28,CLI-0074,Soundbar LG,Audio,1,159290
12981,2025-01-28,CLI-0205,Router TP-Link Archer,Redes,4,94210
12982,2025-01-28,CLI-0270,Soporte Laptop Ergotron,Perifericos,6,77930
12983,2025-01-28,CLI-0252,SSD Samsung 970 EVO 1TB,Almacenamiento,2,133150
12984,2025-01-28,CLI-0021,Chromebook Acer,Laptops,1,331060
12985,2025-01-28,CLI-0234,Dock Station HP,Perifericos,3,217440
12986,2025-01-28,CLI-0153,Headset Logitech G535,Audio,2,95060
12987,2025-01-28,CLI-0090,Micrófono Blue Yeti X,Audio,1,211280
12988,2025-01-29,CLI-0222,SSD Samsung 970 EVO 1TB,Almacenamiento,1,117160
12989,2025-01-29,CLI-0094,Windows 11 Pro,Software,2,124250
12990,2025-01-29,CLI-0202,Windows 11 Pro,Software,8,129540
12991,2025-01-29,CLI-0123,"Monitor LG 27"" 4K",Monitores,1,349010
12992,2025-01-29,CLI-0276,Webcam Logitech C925e,Perifericos,3,112720
12993,2025-01-29,CLI-0035,Windows 11 Pro,Software,3,120190
12994,2025-01-30,CLI-0112,Disco Externo Seagate 4TB,Almacenamiento,2,118270
12995,2025-01-30,CLI-0284,All-in-One HP 24,Desktops,15,889990
12996,2025-01-30,CLI-0040,PC Escritorio Dell OptiPlex,Desktops,2,730470
12997,2025-01-30,CLI-0167,Micrófono Blue Yeti X,Audio,2,199610
12998,2025-01-30,CLI-0130,"Monitor Portátil 15""",Monitores,2,215020
12999,2025-01-30,CLI-0237,Notebook Dell Inspiron,Laptops,1,660660
13000,2025-01-31,CLI-0237,AirPods Pro 2,Audio,1,267260
13001,2025-01-31,CLI-0205,"Monitor Curvo 32"" QHD",Monitores,1,465100
13002,2025-01-31,CLI-0006,Teclado Apple Magic,Perifericos,1,113450
13003,2025-01-31,CLI-0070,Mousepad XL RGB,Perifericos,3,32440
13004,2025-01-31,CLI-0238,Disco Externo Seagate 4TB,Almacenamiento,2,116970
13005,2025-01-31,CLI-0043,Router Eero Pro 6,Redes,3,333150
13006,2025-02-03,CLI-0225,Mini PC ASUS PN50,Desktops,2,504100
13007,2025-02-03,CLI-0143,"Monitor LG 27"" 4K",Monitores,1,375770
13008,2025-02-03,CLI-0010,Router TP-Link Archer,Redes,1,97660
13009,2025-02-03,CLI-0151,All-in-One HP 24,Desktops,2,791860
13010,2025-02-03,CLI-0201,"Monitor LG 27"" 4K",Monitores,1,354940
13011,2025-02-03,CLI-0006,AutoCAD LT 2025,Software,1,644200
13012,2025-02-03,CLI-0226,Dock Station HP,Perifericos,1,188060
13013,2025-02-03,CLI-0018,AutoCAD LT 2025,Software,2,663670
13014,2025-02-03,CLI-0227,Windows 11 Pro,Software,1,134740
13015,2025-02-03,CLI-0268,Antivirus ESET 3 PCs,Software,3,45450
13016,2025-02-03,CLI-0053,AirPods Pro 2,Audio,3,249280
13017,2025-02-03,CLI-0228,Notebook Lenovo ThinkPad,Laptops,2,968930
13018,2025-02-03,CLI-0025,AirPods Pro 2,Audio,4,247820
13019,2025-02-03,CLI-0128,Auriculares Sony XM5,Audio,6,233320
13020,2025-02-04,CLI-0103,Chromebook Acer,Laptops,1,294860
13021,2025-02-04,CLI-0015,Notebook HP 15s,Laptops,1,521540
13022,2025-02-04,CLI-0099,AutoCAD LT 2025,Software,3,640140
13023,2025-02-04,CLI-0113,PC Escritorio Dell OptiPlex,Desktops,4,782660
13024,2025-02-04,CLI-0086,"Monitor LG 27"" 4K",Monitores,1,350520
13025,2025-02-04,CLI-0263,PC Escritorio Dell OptiPlex,Desktops,4,700710
13026,2025-02-04,CLI-0166,Router Eero Pro 6,Redes,3,322990
13027,2025-02-04,CLI-0107,SSD Externo Samsung T7,Almacenamiento,1,91760
13028,2025-02-04,CLI-0220,All-in-One HP 24,Desktops,1,883370
13029,2025-02-04,CLI-0055,Dock Station HP,Perifericos,1,216900
13030,2025-02-04,CLI-0008,Headset Logitech G535,Audio,3,99920
13031,2025-02-04,CLI-0007,AirPods Pro 2,Audio,1,282310
13032,2025-02-04,CLI-0113,Notebook ASUS VivoBook,Laptops,3,502110
13033,2025-02-04,CLI-0143,Antivirus ESET 3 PCs,Software,3,44850
13034,2025-02-05,CLI-0023,Notebook ASUS VivoBook,Laptops,5,513030
13035,2025-02-05,CLI-0211,Hub USB-C Anker,Perifericos,4,54370
13036,2025-02-05,CLI-0256,PC Escritorio Dell OptiPlex,Desktops,3,792300
13037,2025-02-05,CLI-0292,"Monitor LG 27"" 4K",Monitores,1,384160
13038,2025-02-05,CLI-0049,Router TP-Link Archer,Redes,1,102770
13039,2025-02-05,CLI-0199,AutoCAD LT 2025,Software,6,619960
13040,2025-02-05,CLI-0069,Soporte Laptop Ergotron,Perifericos,1,74370
13041,2025-02-06,CLI-0163,Adobe Creative Cloud,Software,2,85760
13042,2025-02-06,CLI-0172,Notebook Dell Inspiron,Laptops,2,677140
13043,2025-02-06,CLI-0300,Soundbar LG,Audio,1,171980
13044,2025-02-06,CLI-0120,NAS Synology DS220+,Almacenamiento,2,531200
13045,2025-02-06,CLI-0007,"Monitor UltraWide 34""",Monitores,1,549950
13046,2025-02-06,CLI-0064,Hub USB-C Anker,Perifericos,1,58330
13047,2025-02-06,CLI-0220,Mouse Logitech MX Master 3,Perifericos,2,97200
13048,2025-02-06,CLI-0031,Mini PC ASUS PN50,Desktops,1,452140
13049,2025-02-06,CLI-0152,"Monitor Curvo 32"" QHD",Monitores,1,474020
13050,2025-02-06,CLI-0105,Antivirus ESET 3 PCs,Software,1,41120
13051,2025-02-06,CLI-0228,Soporte Laptop Ergotron,Perifericos,1,69990
13052,2025-02-06,CLI-0163,Antivirus ESET 3 PCs,Software,4,42670
13053,2025-02-07,CLI-0021,Pendrive Kingston 256GB,Almacenamiento,4,25210
13054,2025-02-07,CLI-0213,Antivirus ESET 3 PCs,Software,4,44110
13055,2025-02-07,CLI-0013,"Monitor UltraWide 34""",Monitores,5,557180
13056,2025-02-07,CLI-0170,Soporte Laptop Ergotron,Perifericos,1,79270
13057,2025-02-07,CLI-0277,Notebook Lenovo ThinkPad,Laptops,6,836620
13058,2025-02-07,CLI-0128,AutoCAD LT 2025,Software,3,641240
13059,2025-02-10,CLI-0114,Router TP-Link Archer,Redes,5,95400
13060,2025-02-10,CLI-0267,Mousepad XL RGB,Perifericos,1,33690
13061,2025-02-10,CLI-0004,Notebook ASUS VivoBook,Laptops,5,533800
13062,2025-02-10,CLI-0036,"Monitor Curvo 32"" QHD",Monitores,1,464150
13063,2025-02-10,CLI-0073,"Monitor Portátil 15""",Monitores,1,201210
13064,2025-02-10,CLI-0089,Access Point Ubiquiti U6,Redes,2,275620
13065,2025-02-10,CLI-0105,Mouse Logitech MX Master 3,Perifericos,2,97100
13066,2025-02-10,CLI-0219,SSD Samsung 970 EVO 1TB,Almacenamiento,1,121680
13067,2025-02-11,CLI-0102,Mouse Logitech MX Master 3,Perifericos,2,98190
13068,2025-02-11,CLI-0128,Hub USB-C Anker,Perifericos,1,57250
13069,2025-02-11,CLI-0230,Licencia Office 365 Anual,Software,1,94910
13070,2025-02-11,CLI-0247,Chromebook Acer,Laptops,8,303150
13071,2025-02-11,CLI-0185,Headset Logitech G535,Audio,1,99770
13072,2025-02-11,CLI-0242,Soundbar LG,Audio,2,150970
13073,2025-02-11,CLI-0222,Workstation HP Z2,Desktops,4,1446140
13074,2025-02-11,CLI-0247,Notebook Dell Inspiron,Laptops,4,691770
13075,2025-02-11,CLI-0219,Chromebook Acer,Laptops,3,332100
13076,2025-02-11,CLI-0154,Router TP-Link Archer,Redes,2,88470
13077,2025-02-11,CLI-0284,"Monitor Samsung 24"" FHD",Monitores,1,174470
13078,2025-02-11,CLI-0238,Hub USB-C Anker,Perifericos,2,58270
13079,2025-02-11,CLI-0193,Router Eero Pro 6,Redes,2,324370
13080,2025-02-12,CLI-0037,Soporte Laptop Ergotron,Perifericos,1,79010
13081,2025-02-12,CLI-0241,"Monitor Curvo 32"" QHD",Monitores,1,453430
13082,2025-02-12,CLI-0098,Notebook HP 15s,Laptops,1,552810
13083,2025-02-12,CLI-0257,Auriculares Sony XM5,Audio,2,217510
13084,2025-02-12,CLI-0213,Headset Logitech G535,Audio,10,99560
13085,2025-02-12,CLI-0192,AirPods Pro 2,Audio,2,251360
13086,2025-02-12,CLI-0037,Micrófono Blue Yeti X,Audio,5,194470
13087,2025-02-12,CLI-0064,AirPods Pro 2,Audio,8,277960
13088,2025-02-12,CLI-0084,"Monitor Curvo 32"" QHD",Monitores,4,481900
13089,2025-02-12,CLI-0131,Dock Station HP,Perifericos,2,186600
13090,2025-02-12,CLI-0251,Licencia Office 365 Anual,Software,3,88210
13091,2025-02-12,CLI-0030,Antivirus ESET 3 PCs,Software,1,42660
13092,2025-02-12,CLI-0218,Mouse Logitech MX Master 3,Perifericos,1,92850
13093,2025-02-12,CLI-0018,Auriculares Sony XM5,Audio,3,222310
13094,2025-02-12,CLI-0015,Windows 11 Pro,Software,3,130110
13095,2025-02-13,CLI-0076,Teclado Apple Magic,Perifericos,2,104430
13096,2025-02-13,CLI-0076,Teclado Apple Magic,Perifericos,1,101150
13097,2025-02-13,CLI-0297,Adobe Creative Cloud,Software,5,80260
13098,2025-02-13,CLI-0007,All-in-One HP 24,Desktops,4,816120
13099,2025-02-13,CLI-0197,Headset Logitech G535,Audio,3,88630
13100,2025-02-13,CLI-0042,Pendrive Kingston 256GB,Almacenamiento,6,25800
13101,2025-02-13,CLI-0217,"Monitor LG 27"" 4K",Monitores,4,396710
13102,2025-02-14,CLI-0130,Windows 11 Pro,Software,1,129340
13103,2025-02-14,CLI-0273,Adobe Creative Cloud,Software,5,86110
13104,2025-02-14,CLI-0158,Micrófono Blue Yeti X,Audio,3,212980
13105,2025-02-14,CLI-0046,PC Escritorio Dell OptiPlex,Desktops,3,714030
13106,2025-02-14,CLI-0177,Workstation HP Z2,Desktops,1,1339390
13107,2025-02-14,CLI-0108,Headset Logitech G535,Audio,3,92800
13108,2025-02-14,CLI-0004,"Monitor LG 27"" 4K",Monitores,4,345360
13109,2025-02-14,CLI-0001,PC Escritorio Dell OptiPlex,Desktops,1,723390
13110,2025-02-14,CLI-0214,Pendrive Kingston 256GB,Almacenamiento,2,28220
13111,2025-02-14,CLI-0148,Parlante UE Boom 3,Audio,1,113510
13112,2025-02-14,CLI-0192,"Monitor Samsung 24"" FHD",Monitores,3,169730
13113,2025-02-14,CLI-0102,Disco Externo Seagate 4TB,Almacenamiento,1,116350
13114,2025-02-14,CLI-0057,Soundbar LG,Audio,2,156710
13115,2025-02-14,CLI-0109,"Monitor Samsung 24"" FHD",Monitores,1,180730
13116,2025-02-17,CLI-0094,"Monitor Curvo 32"" QHD",Monitores,1,505480
13117,2025-02-17,CLI-0210,Soundbar LG,Audio,3,171850
13118,2025-02-17,CLI-0056,Licencia Office 365 Anual,Software,1,98190
13119,2025-02-17,CLI-0151,Chromebook Acer,Laptops,1,327690
13120,2025-02-17,CLI-0142,Notebook ASUS VivoBook,Laptops,1,502780
13121,2025-02-17,CLI-0300,Mouse Logitech MX Master 3,Perifericos,2,93300
13122,2025-02-17,CLI-0052,Notebook HP 15s,Laptops,1,532740
13123,2025-02-17,CLI-0004,Adobe Creative Cloud,Software,2,86340
13124,2025-02-17,CLI-0022,PC Escritorio Dell OptiPlex,Desktops,1,691210
13125,2025-02-17,CLI-0004,AirPods Pro 2,Audio,2,280060
13126,2025-02-18,CLI-0137,Disco Externo Seagate 4TB,Almacenamiento,2,113900
13127,2025-02-18,CLI-0173,Router TP-Link Archer,Redes,2,103040
13128,2025-02-18,CLI-0190,AutoCAD LT 2025,Software,6,605750
13129,2025-02-18,CLI-0162,Mouse Logitech MX Master 3,Perifericos,8,90490
13130,2025-02-18,CLI-0205,AirPods Pro 2,Audio,2,251990
13131,2025-02-18,CLI-0183,Soporte Laptop Ergotron,Perifericos,4,76430
13132,2025-02-18,CLI-0002,SSD Samsung 970 EVO 1TB,Almacenamiento,5,137850
13133,2025-02-18,CLI-0206,Mini PC ASUS PN50,Desktops,1,458960
13134,2025-02-18,CLI-0063,Pendrive Kingston 256GB,Almacenamiento,1,28340
13135,2025-02-19,CLI-0128,Auriculares Sony XM5,Audio,2,217060
13136,2025-02-19,CLI-0244,NAS Synology DS220+,Almacenamiento,2,510830
13137,2025-02-19,CLI-0097,Notebook HP 15s,Laptops,12,578400
13138,2025-02-19,CLI-0165,Notebook Dell Inspiron,Laptops,3,664130
13139,2025-02-19,CLI-0024,Mousepad XL RGB,Perifericos,3,30600
13140,2025-02-19,CLI-0120,Router TP-Link Archer,Redes,2,100880
13141,2025-02-19,CLI-0042,Dock Station HP,Perifericos,2,217560
13142,2025-02-19,CLI-0244,Adobe Creative Cloud,Software,5,84630
13143,2025-02-20,CLI-0052,AirPods Pro 2,Audio,1,255230
13144,2025-02-20,CLI-0100,Workstation HP Z2,Desktops,5,1465220
13145,2025-02-20,CLI-0293,NAS Synology DS220+,Almacenamiento,1,493210
13146,2025-02-20,CLI-0255,Chromebook Acer,Laptops,1,333590
13147,2025-02-20,CLI-0281,SSD Samsung 970 EVO 1TB,Almacenamiento,1,119860
13148,2025-02-20,CLI-0229,All-in-One HP 24,Desktops,2,823140
13149,2025-02-20,CLI-0277,Mouse Logitech MX Master 3,Perifericos,1,96350
13150,2025-02-20,CLI-0088,Adobe Creative Cloud,Software,3,85530
13151,2025-02-20,CLI-0055,Parlante UE Boom 3,Audio,15,112460
13152,2025-02-20,CLI-0015,"Monitor LG 27"" 4K",Monitores,6,402330
13153,2025-02-20,CLI-0168,AirPods Pro 2,Audio,4,249510
13154,2025-02-21,CLI-0113,Teclado Apple Magic,Perifericos,3,106130
13155,2025-02-21,CLI-0064,Adobe Creative Cloud,Software,1,85110
13156,2025-02-21,CLI-0274,Licencia Office 365 Anual,Software,3,101300
13157,2025-02-21,CLI-0047,Windows 11 Pro,Software,1,133320
13158,2025-02-21,CLI-0115,Switch Cisco 24p,Redes,4,245740
13159,2025-02-21,CLI-0034,Antivirus ESET 3 PCs,Software,1,42280
13160,2025-02-21,CLI-0196,Antivirus ESET 3 PCs,Software,3,43390
13161,2025-02-21,CLI-0288,Parlante UE Boom 3,Audio,4,105810
13162,2025-02-24,CLI-0115,Teclado Apple Magic,Perifericos,1,104980
13163,2025-02-24,CLI-0045,All-in-One HP 24,Desktops,1,809420
13164,2025-02-24,CLI-0097,All-in-One HP 24,Desktops,2,886930
13165,2025-02-24,CLI-0066,Mousepad XL RGB,Perifericos,8,31030
13166,2025-02-24,CLI-0296,Notebook HP 15s,Laptops,1,572480
13167,2025-02-24,CLI-0275,"Monitor Curvo 32"" QHD",Monitores,5,480450
13168,2025-02-25,CLI-0217,Mousepad XL RGB,Perifericos,4,29970
13169,2025-02-25,CLI-0065,Pendrive Kingston 256GB,Almacenamiento,3,25760
13170,2025-02-25,CLI-0114,PC Escritorio Dell OptiPlex,Desktops,1,737280
13171,2025-02-25,CLI-0276,SSD Samsung 970 EVO 1TB,Almacenamiento,1,123670
13172,2025-02-25,CLI-0152,"Monitor UltraWide 34""",Monitores,2,610400
13173,2025-02-25,CLI-0234,Workstation HP Z2,Desktops,2,1328060
13174,2025-02-25,CLI-0075,Adobe Creative Cloud,Software,5,79530
13175,2025-02-25,CLI-0018,Router TP-Link Archer,Redes,1,94520
13176,2025-02-25,CLI-0258,Windows 11 Pro,Software,1,133380
13177,2025-02-25,CLI-0294,SSD NVMe Kingston 500GB,Almacenamiento,3,67470
13178,2025-02-25,CLI-0111,Disco Externo Seagate 4TB,Almacenamiento,1,121510
13179,2025-02-25,CLI-0193,Notebook Lenovo ThinkPad,Laptops,12,913620
13180,2025-02-25,CLI-0171,Workstation HP Z2,Desktops,4,1434150
13181,2025-02-25,CLI-0108,"Monitor UltraWide 34""",Monitores,3,602740
13182,2025-02-26,CLI-0027,"Monitor Samsung 24"" FHD",Monitores,5,188880
13183,2025-02-26,CLI-0201,Hub USB-C Anker,Perifericos,12,56850
13184,2025-02-26,CLI-0082,Notebook Dell Inspiron,Laptops,2,676560
13185,2025-02-26,CLI-0173,Parlante UE Boom 3,Audio,3,106170
13186,2025-02-26,CLI-0179,Headset Logitech G535,Audio,1,95890
13187,2025-02-26,CLI-0271,Webcam Logitech C925e,Perifericos,1,99500
13188,2025-02-26,CLI-0100,Windows 11 Pro,Software,5,131190
13189,2025-02-27,CLI-0202,PC Escritorio Dell OptiPlex,Desktops,1,729520
13190,2025-02-27,CLI-0298,Notebook Lenovo ThinkPad,Laptops,5,839870
13191,2025-02-27,CLI-0156,SSD Samsung 970 EVO 1TB,Almacenamiento,3,118170
13192,2025-02-27,CLI-0296,Mini PC ASUS PN50,Desktops,2,516790
13193,2025-02-27,CLI-0248,Webcam Logitech C925e,Perifericos,6,106380
13194,2025-02-27,CLI-0108,"Monitor Portátil 15""",Monitores,4,208070
13195,2025-02-27,CLI-0101,Antivirus ESET 3 PCs,Software,1,41060
13196,2025-02-27,CLI-0295,PC Escritorio Dell OptiPlex,Desktops,3,802740
13197,2025-02-27,CLI-0076,AirPods Pro 2,Audio,8,255690
13198,2025-02-27,CLI-0219,AutoCAD LT 2025,Software,5,662070
13199,2025-02-27,CLI-0029,PC Escritorio Dell OptiPlex,Desktops,1,719700
13200,2025-02-27,CLI-0243,"Monitor Samsung 24"" FHD",Monitores,8,168600
13201,2025-02-27,CLI-0061,NAS Synology DS220+,Almacenamiento,3,526180
13202,2025-02-27,CLI-0223,Workstation HP Z2,Desktops,3,1274090
13203,2025-02-28,CLI-0207,Mouse Logitech MX Master 3,Perifericos,1,99610
13204,2025-02-28,CLI-0124,Headset Logitech G535,Audio,2,99980
13205,2025-02-28,CLI-0089,Antivirus ESET 3 PCs,Software,3,44120
13206,2025-02-28,CLI-0046,SSD Samsung 970 EVO 1TB,Almacenamiento,5,118070
13207,2025-02-28,CLI-0196,Teclado Mecánico Keychron K2,Perifericos,3,164950
13208,2025-02-28,CLI-0228,Auriculares Sony XM5,Audio,1,252660
13209,2025-02-28,CLI-0060,Chromebook Acer,Laptops,1,306330
13210,2025-02-28,CLI-0261,"Monitor UltraWide 34""",Monitores,1,564580
13211,2025-02-28,CLI-0294,Switch Cisco 24p,Redes,2,279600
13212,2025-02-28,CLI-0049,Access Point Ubiquiti U6,Redes,1,251770
13213,2025-02-28,CLI-0248,Antivirus ESET 3 PCs,Software,3,43680
13214,2025-02-28,CLI-0153,Switch Cisco 24p,Redes,1,277100
13215,2025-03-03,CLI-0167,Notebook ASUS VivoBook,Laptops,3,533170
13216,2025-03-03,CLI-0276,"Monitor Samsung 24"" FHD",Monitores,2,172070
13217,2025-03-03,CLI-0011,Headset Logitech G535,Audio,2,94200
13218,2025-03-03,CLI-0275,Pendrive Kingston 256GB,Almacenamiento,2,28230
13219,2025-03-03,CLI-0266,Access Point Ubiquiti U6,Redes,2,254250
13220,2025-03-03,CLI-0064,"Monitor Portátil 15""",Monitores,10,224990
13221,2025-03-03,CLI-0061,"Monitor Samsung 24"" FHD",Monitores,5,169640
13222,2025-03-03,CLI-0093,Notebook HP 15s,Laptops,2,566110
13223,2025-03-03,CLI-0161,All-in-One HP 24,Desktops,1,797830
13224,2025-03-03,CLI-0295,"Monitor Portátil 15""",Monitores,3,220080
13225,2025-03-03,CLI-0045,Router Eero Pro 6,Redes,1,335910
13226,2025-03-03,CLI-0018,Chromebook Acer,Laptops,10,338960
13227,2025-03-04,CLI-0260,Hub USB-C Anker,Perifericos,1,62720
13228,2025-03-04,CLI-0279,"Monitor LG 27"" 4K",Monitores,2,383100
13229,2025-03-04,CLI-0001,Mouse Logitech MX Master 3,Perifericos,1,102200
13230,2025-03-04,CLI-0266,Webcam Logitech C925e,Perifericos,3,102460
13231,2025-03-04,CLI-0228,Mini PC ASUS PN50,Desktops,2,481240
13232,2025-03-04,CLI-0161,Pendrive Kingston 256GB,Almacenamiento,6,27720
13233,2025-03-04,CLI-0181,Router TP-Link Archer,Redes,2,91710
13234,2025-03-04,CLI-0108,Windows 11 Pro,Software,1,122460
13235,2025-03-04,CLI-0023,Mouse Logitech MX Master 3,Perifericos,1,103650
13236,2025-03-04,CLI-0073,Hub USB-C Anker,Perifericos,5,58220
13237,2025-03-04,CLI-0111,Mini PC ASUS PN50,Desktops,2,456980
13238,2025-03-04,CLI-0111,Access Point Ubiquiti U6,Redes,1,260280
13239,2025-03-04,CLI-0066,Repetidor WiFi Mesh,Redes,2,84180
13240,2025-03-04,CLI-0282,Teclado Apple Magic,Perifericos,1,109100
13241,2025-03-05,CLI-0084,Headset Logitech G535,Audio,2,93540
13242,2025-03-05,CLI-0131,AutoCAD LT 2025,Software,2,678680
13243,2025-03-05,CLI-0074,SSD Externo Samsung T7,Almacenamiento,1,91940
13244,2025-03-05,CLI-0138,Licencia Office 365 Anual,Software,3,90230
13245,2025-03-05,CLI-0099,Auriculares Sony XM5,Audio,2,253210
13246,2025-03-05,CLI-0262,Router TP-Link Archer,Redes,1,101900
13247,2025-03-05,CLI-0079,Mousepad XL RGB,Perifericos,15,31080
13248,2025-03-05,CLI-0223,AirPods Pro 2,Audio,1,274990
13249,2025-03-05,CLI-0127,Notebook ASUS VivoBook,Laptops,1,500240
13250,2025-03-05,CLI-0273,All-in-One HP 24,Desktops,3,831770
13251,2025-03-05,CLI-0209,Notebook ASUS VivoBook,Laptops,1,485730
13252,2025-03-05,CLI-0046,Auriculares Sony XM5,Audio,6,221680
13253,2025-03-05,CLI-0140,Workstation HP Z2,Desktops,5,1401970
13254,2025-03-06,CLI-0116,Teclado Mecánico Keychron K2,Perifericos,1,153180
13255,2025-03-06,CLI-0194,"Monitor UltraWide 34""",Monitores,1,629790
13256,2025-03-06,CLI-0054,All-in-One HP 24,Desktops,1,874970
13257,2025-03-06,CLI-0157,Access Point Ubiquiti U6,Redes,4,284590
13258,2025-03-06,CLI-0251,PC Escritorio Dell OptiPlex,Desktops,2,702170
13259,2025-03-06,CLI-0293,Webcam Logitech C925e,Perifericos,2,109090
13260,2025-03-06,CLI-0051,Notebook Lenovo ThinkPad,Laptops,1,960340
13261,2025-03-06,CLI-0200,"Monitor Samsung 24"" FHD",Monitores,1,176970
13262,2025-03-06,CLI-0273,Router Eero Pro 6,Redes,2,305330
13263,2025-03-06,CLI-0207,SSD NVMe Kingston 500GB,Almacenamiento,2,61780
13264,2025-03-06,CLI-0133,Notebook HP 15s,Laptops,3,546490
13265,2025-03-07,CLI-0080,Adobe Creative Cloud,Software,1,82460
13266,2025-03-07,CLI-0194,Switch Cisco 24p,Redes,3,273850
13267,2025-03-07,CLI-0028,Licencia Office 365 Anual,Software,10,89400
13268,2025-03-07,CLI-0128,AutoCAD LT 2025,Software,2,625590
13269,2025-03-07,CLI-0235,"Monitor Samsung 24"" FHD",Monitores,2,187410
13270,2025-03-07,CLI-0182,SSD Samsung 970 EVO 1TB,Almacenamiento,2,121730
13271,2025-03-07,CLI-0142,Parlante UE Boom 3,Audio,2,102210
13272,2025-03-07,CLI-0118,Hub USB-C Anker,Perifericos,3,56020
13273,2025-03-07,CLI-0045,Hub USB-C Anker,Perifericos,2,54140
13274,2025-03-07,CLI-0161,Chromebook Acer,Laptops,3,319640
13275,2025-03-07,CLI-0040,Mouse Logitech MX Master 3,Perifericos,8,89190
13276,2025-03-10,CLI-0085,Switch Cisco 24p,Redes,1,259360
13277,2025-03-10,CLI-0147,Router Eero Pro 6,Redes,6,319130
13278,2025-03-10,CLI-0006,Parlante UE Boom 3,Audio,3,112890
13279,2025-03-10,CLI-0070,SSD NVMe Kingston 500GB,Almacenamiento,2,67300
13280,2025-03-10,CLI-0273,Windows 11 Pro,Software,1,120710
13281,2025-03-10,CLI-0008,Repetidor WiFi Mesh,Redes,1,80450
13282,2025-03-10,CLI-0004,Parlante UE Boom 3,Audio,3,105560
13283,2025-03-10,CLI-0177,Mouse Logitech MX Master 3,Perifericos,15,101990
13284,2025-03-10,CLI-0271,AutoCAD LT 2025,Software,2,681240
13285,2025-03-10,CLI-0230,"Monitor LG 27"" 4K",Monitores,3,350960
13286,2025-03-10,CLI-0269,"Monitor UltraWide 34""",Monitores,1,595490
13287,2025-03-10,CLI-0188,Mini PC ASUS PN50,Desktops,2,454960
13288,2025-03-10,CLI-0027,Parlante UE Boom 3,Audio,2,110180
13289,2025-03-10,CLI-0088,Auriculares Sony XM5,Audio,10,251070
13290,2025-03-10,CLI-0174,AutoCAD LT 2025,Software,1,637340
13291,2025-03-10,CLI-0277,All-in-One HP 24,Desktops,1,798890
13292,2025-03-10,CLI-0248,Webcam Logitech C925e,Perifericos,1,108350
13293,2025-03-11,CLI-0002,Licencia Office 365 Anual,Software,2,93830
13294,2025-03-11,CLI-0112,Hub USB-C Anker,Perifericos,6,62370
13295,2025-03-11,CLI-0264,MacBook Air M2,Laptops,8,1237500
13296,2025-03-11,CLI-0250,Notebook Lenovo ThinkPad,Laptops,1,859650
13297,2025-03-11,CLI-0236,Soporte Laptop Ergotron,Perifericos,1,72570
13298,2025-03-11,CLI-0055,Notebook HP 15s,Laptops,1,524890
13299,2025-03-11,CLI-0096,Headset Logitech G535,Audio,1,92920
13300,2025-03-11,CLI-0052,Parlante UE Boom 3,Audio,2,109730
13301,2025-03-11,CLI-0044,Pendrive Kingston 256GB,Almacenamiento,2,25210
13302,2025-03-11,CLI-0079,Micrófono Blue Yeti X,Audio,1,190650
13303,2025-03-12,CLI-0250,Notebook HP 15s,Laptops,1,601080
13304,2025-03-12,CLI-0129,"Monitor UltraWide 34""",Monitores,2,630310
13305,2025-03-12,CLI-0192,Hub USB-C Anker,Perifericos,1,54570
13306,2025-03-12,CLI-0094,SSD Externo Samsung T7,Almacenamiento,4,100300
13307,2025-03-12,CLI-0056,Soundbar LG,Audio,3,166580
13308,2025-03-12,CLI-0225,"Monitor LG 27"" 4K",Monitores,1,404260
13309,2025-03-12,CLI-0223,Notebook HP 15s,Laptops,1,553290
13310,2025-03-13,CLI-0102,All-in-One HP 24,Desktops,1,904830
13311,2025-03-13,CLI-0021,Mini PC ASUS PN50,Desktops,1,499100
13312,2025-03-13,CLI-0170,MacBook Air M2,Laptops,1,1278160
13313,2025-03-13,CLI-0102,SSD NVMe Kingston 500GB,Almacenamiento,8,61570
13314,2025-03-13,CLI-0137,All-in-One HP 24,Desktops,2,887080
13315,2025-03-13,CLI-0282,Disco Externo Seagate 4TB,Almacenamiento,4,124370
13316,2025-03-13,CLI-0066,Mousepad XL RGB,Perifericos,3,31580
13317,2025-03-13,CLI-0205,NAS Synology DS220+,Almacenamiento,3,527440
13318,2025-03-13,CLI-0200,Mini PC ASUS PN50,Desktops,1,473800
13319,2025-03-14,CLI-0056,Notebook Dell Inspiron,Laptops,1,692660
13320,2025-03-14,CLI-0177,NAS Synology DS220+,Almacenamiento,1,552830
13321,2025-03-14,CLI-0122,Notebook Lenovo ThinkPad,Laptops,3,901390
13322,2025-03-14,CLI-0176,Parlante UE Boom 3,Audio,10,104290
13323,2025-03-14,CLI-0005,Parlante UE Boom 3,Audio,2,104830
13324,2025-03-14,CLI-0145,Disco Externo Seagate 4TB,Almacenamiento,1,110800
13325,2025-03-14,CLI-0220,Mouse Logitech MX Master 3,Perifericos,2,93160
13326,2025-03-14,CLI-0262,"Monitor Samsung 24"" FHD",Monitores,1,169850
13327,2025-03-14,CLI-0059,Teclado Apple Magic,Perifericos,15,105750
13328,2025-03-14,CLI-0127,Adobe Creative Cloud,Software,4,81030
13329,2025-03-14,CLI-0102,SSD NVMe Kingston 500GB,Almacenamiento,3,62610
13330,2025-03-17,CLI-0053,Windows 11 Pro,Software,3,130690
13331,2025-03-17,CLI-0093,"Monitor Curvo 32"" QHD",Monitores,15,512400
13332,2025-03-17,CLI-0077,"Monitor UltraWide 34""",Monitores,1,594790
13333,2025-03-17,CLI-0206,MacBook Air M2,Laptops,1,1221080
13334,2025-03-17,CLI-0099,Workstation HP Z2,Desktops,2,1356440
13335,2025-03-17,CLI-0103,Chromebook Acer,Laptops,5,325630
13336,2025-03-17,CLI-0195,Micrófono Blue Yeti X,Audio,2,203500
13337,2025-03-17,CLI-0119,"Monitor UltraWide 34""",Monitores,1,555400
13338,2025-03-17,CLI-0246,Notebook Lenovo ThinkPad,Laptops,2,901750
13339,2025-03-17,CLI-0027,Hub USB-C Anker,Perifericos,1,59240
13340,2025-03-17,CLI-0187,Teclado Mecánico Keychron K2,Perifericos,8,154510
13341,2025-03-17,CLI-0215,Mouse Logitech MX Master 3,Perifericos,1,98020
13342,2025-03-17,CLI-0025,"Monitor Samsung 24"" FHD",Monitores,1,169380
13343,2025-03-17,CLI-0027,Adobe Creative Cloud,Software,3,83350
13344,2025-03-17,CLI-0109,Webcam Logitech C925e,Perifericos,2,112200
13345,2025-03-18,CLI-0052,Parlante UE Boom 3,Audio,1,105450
13346,2025-03-18,CLI-0252,Auriculares Sony XM5,Audio,1,228480
13347,2025-03-18,CLI-0058,PC Escritorio Dell OptiPlex,Desktops,3,798860
13348,2025-03-18,CLI-0283,Mini PC ASUS PN50,Desktops,1,469410
13349,2025-03-18,CLI-0186,Access Point Ubiquiti U6,Redes,2,256220
13350,2025-03-18,CLI-0191,Mouse Logitech MX Master 3,Perifericos,3,102600
13351,2025-03-18,CLI-0108,Access Point Ubiquiti U6,Redes,1,278020
13352,2025-03-18,CLI-0055,Mini PC ASUS PN50,Desktops,3,495490
13353,2025-03-18,CLI-0062,MacBook Air M2,Laptops,2,1191450
13354,2025-03-19,CLI-0098,"Monitor Curvo 32"" QHD",Monitores,3,459100
13355,2025-03-19,CLI-0051,Notebook ASUS VivoBook,Laptops,8,480810
13356,2025-03-19,CLI-0176,Hub USB-C Anker,Perifericos,3,61470
13357,2025-03-19,CLI-0104,SSD Externo Samsung T7,Almacenamiento,3,92990
13358,2025-03-19,CLI-0023,Mini PC ASUS PN50,Desktops,1,448490
13359,2025-03-19,CLI-0282,Teclado Apple Magic,Perifericos,6,99050
13360,2025-03-19,CLI-0287,Dock Station HP,Perifericos,6,201440
13361,2025-03-20,CLI-0230,Licencia Office 365 Anual,Software,3,96750
13362,2025-03-20,CLI-0224,Notebook ASUS VivoBook,Laptops,2,491960
13363,2025-03-20,CLI-0269,NAS Synology DS220+,Almacenamiento,4,512150
13364,2025-03-20,CLI-0086,Router TP-Link Archer,Redes,1,102820
13365,2025-03-20,CLI-0067,Webcam Logitech C925e,Perifericos,1,107760
13366,2025-03-20,CLI-0290,Notebook Lenovo ThinkPad,Laptops,4,897140
13367,2025-03-21,CLI-0098,Headset Logitech G535,Audio,2,96350
13368,2025-03-21,CLI-0273,NAS Synology DS220+,Almacenamiento,10,548260
13369,2025-03-21,CLI-0085,Soundbar LG,Audio,3,160680
13370,2025-03-21,CLI-0197,Router Eero Pro 6,Redes,4,317830
13371,2025-03-21,CLI-0206,Router TP-Link Archer,Redes,1,92780
13372,2025-03-21,CLI-0095,Notebook HP 15s,Laptops,1,581500
13373,2025-03-21,CLI-0112,Access Point Ubiquiti U6,Redes,3,270470
13374,2025-03-21,CLI-0263,SSD Samsung 970 EVO 1TB,Almacenamiento,2,122520
13375,2025-03-21,CLI-0269,Teclado Apple Magic,Perifericos,1,110570
13376,2025-03-21,CLI-0113,Webcam Logitech C925e,Perifericos,3,109460
13377,2025-03-21,CLI-0283,All-in-One HP 24,Desktops,1,841930
13378,2025-03-21,CLI-0024,SSD Externo Samsung T7,Almacenamiento,1,88650
13379,2025-03-21,CLI-0021,Licencia Office 365 Anual,Software,1,95470
13380,2025-03-21,CLI-0143,Mini PC ASUS PN50,Desktops,1,443440
13381,2025-03-21,CLI-0027,Antivirus ESET 3 PCs,Software,12,39880
13382,2025-03-21,CLI-0108,SSD Externo Samsung T7,Almacenamiento,1,95220
13383,2025-03-21,CLI-0178,Licencia Office 365 Anual,Software,2,89850
13384,2025-03-21,CLI-0189,Mousepad XL RGB,Perifericos,1,30940
13385,2025-03-24,CLI-0282,Teclado Apple Magic,Perifericos,3,115510
13386,2025-03-24,CLI-0210,Repetidor WiFi Mesh,Redes,1,91290
13387,2025-03-24,CLI-0030,Licencia Office 365 Anual,Software,4,97600
13388,2025-03-24,CLI-0183,"Monitor UltraWide 34""",Monitores,3,632460
13389,2025-03-24,CLI-0144,"Monitor Samsung 24"" FHD",Monitores,1,192600
13390,2025-03-24,CLI-0009,SSD Externo Samsung T7,Almacenamiento,3,93500
13391,2025-03-24,CLI-0299,PC Escritorio Dell OptiPlex,Desktops,3,778900
13392,2025-03-24,CLI-0196,Antivirus ESET 3 PCs,Software,1,40300
13393,2025-03-24,CLI-0283,"Monitor Portátil 15""",Monitores,4,220310
13394,2025-03-24,CLI-0113,Mousepad XL RGB,Perifericos,1,32040
13395,2025-03-24,CLI-0298,Licencia Office 365 Anual,Software,4,88850
13396,2025-03-24,CLI-0203,Workstation HP Z2,Desktops,2,1340740
13397,2025-03-24,CLI-0223,Auriculares Sony XM5,Audio,1,252540
13398,2025-03-25,CLI-0246,Chromebook Acer,Laptops,2,304940
13399,2025-03-25,CLI-0236,"Monitor Samsung 24"" FHD",Monitores,4,181280
13400,2025-03-25,CLI-0091,"Monitor Curvo 32"" QHD",Monitores,2,507890
13401,2025-03-25,CLI-0093,Antivirus ESET 3 PCs,Software,1,44560
13402,2025-03-25,CLI-0159,"Monitor LG 27"" 4K",Monitores,5,370710
13403,2025-03-25,CLI-0202,AutoCAD LT 2025,Software,2,612070
13404,2025-03-25,CLI-0036,Workstation HP Z2,Desktops,1,1289960
13405,2025-03-25,CLI-0126,SSD Samsung 970 EVO 1TB,Almacenamiento,6,127620
13406,2025-03-25,CLI-0207,PC Escritorio Dell OptiPlex,Desktops,3,786710
13407,2025-03-26,CLI-0071,Notebook HP 15s,Laptops,2,575680
13408,2025-03-26,CLI-0194,AirPods Pro 2,Audio,1,264760
13409,2025-03-26,CLI-0007,Antivirus ESET 3 PCs,Software,8,43330
13410,2025-03-26,CLI-0068,Mouse Logitech MX Master 3,Perifericos,4,96560
13411,2025-03-26,CLI-0138,Workstation HP Z2,Desktops,8,1431260
13412,2025-03-26,CLI-0007,Notebook HP 15s,Laptops,8,567790
13413,2025-03-26,CLI-0055,SSD Externo Samsung T7,Almacenamiento,3,103080
13414,2025-03-26,CLI-0174,Chromebook Acer,Laptops,1,317290
13415,2025-03-26,CLI-0246,Switch Cisco 24p,Redes,6,246770
13416,2025-03-26,CLI-0084,Hub USB-C Anker,Perifericos,1,56360
13417,2025-03-26,CLI-0080,Mouse Logitech MX Master 3,Perifericos,1,96300
13418,2025-03-26,CLI-0137,Licencia Office 365 Anual,Software,2,96910
13419,2025-03-26,CLI-0011,MacBook Air M2,Laptops,1,1294750
13420,2025-03-26,CLI-0152,PC Escritorio Dell OptiPlex,Desktops,2,774700
13421,2025-03-27,CLI-0213,Workstation HP Z2,Desktops,1,1436400
13422,2025-03-27,CLI-0115,Notebook Dell Inspiron,Laptops,1,653970
13423,2025-03-27,CLI-0198,Workstation HP Z2,Desktops,1,1369220
13424,2025-03-27,CLI-0147,"Monitor UltraWide 34""",Monitores,6,558260
13425,2025-03-27,CLI-0197,AutoCAD LT 2025,Software,5,633150
13426,2025-03-27,CLI-0058,Disco Externo Seagate 4TB,Almacenamiento,1,123090
13427,2025-03-27,CLI-0057,"Monitor UltraWide 34""",Monitores,1,627000
13428,2025-03-27,CLI-0145,Dock Station HP,Perifericos,1,206330
13429,2025-03-27,CLI-0171,All-in-One HP 24,Desktops,1,828510
13430,2025-03-28,CLI-0044,MacBook Air M2,Laptops,2,1249520
13431,2025-03-28,CLI-0092,Parlante UE Boom 3,Audio,2,112580
13432,2025-03-28,CLI-0093,AutoCAD LT 2025,Software,2,598200
13433,2025-03-28,CLI-0155,Repetidor WiFi Mesh,Redes,4,78890
13434,2025-03-28,CLI-0179,PC Escritorio Dell OptiPlex,Desktops,1,703810
13435,2025-03-28,CLI-0256,Adobe Creative Cloud,Software,1,80880
13436,2025-03-28,CLI-0136,Notebook ASUS VivoBook,Laptops,4,533380
13437,2025-03-28,CLI-0077,Antivirus ESET 3 PCs,Software,1,42280
13438,2025-03-28,CLI-0076,AirPods Pro 2,Audio,2,257860
13439,2025-03-28,CLI-0245,Notebook ASUS VivoBook,Laptops,1,497180
13440,2025-03-28,CLI-0219,Teclado Mecánico Keychron K2,Perifericos,1,157790
13441,2025-03-28,CLI-0166,Mini PC ASUS PN50,Desktops,1,466190
13442,2025-03-28,CLI-0198,Dock Station HP,Perifericos,1,191510
13443,2025-03-31,CLI-0218,SSD NVMe Kingston 500GB,Almacenamiento,3,67020
13444,2025-03-31,CLI-0212,Router TP-Link Archer,Redes,4,91690
13445,2025-03-31,CLI-0171,Mini PC ASUS PN50,Desktops,4,499310
13446,2025-03-31,CLI-0126,AirPods Pro 2,Audio,2,280570
13447,2025-03-31,CLI-0255,SSD Externo Samsung T7,Almacenamiento,2,90520
13448,2025-03-31,CLI-0273,SSD Externo Samsung T7,Almacenamiento,4,89920
13449,2025-03-31,CLI-0197,Chromebook Acer,Laptops,2,344080
13450,2025-03-31,CLI-0216,Pendrive Kingston 256GB,Almacenamiento,2,26580
13451,2025-03-31,CLI-0113,Windows 11 Pro,Software,1,131060
13452,2025-03-31,CLI-0186,Notebook HP 15s,Laptops,1,523830
13453,2025-03-31,CLI-0009,Auriculares Sony XM5,Audio,2,227060
13454,2025-03-31,CLI-0069,All-in-One HP 24,Desktops,1,856730
13455,2025-03-31,CLI-0179,Auriculares Sony XM5,Audio,5,249940
13456,2025-04-01,CLI-0072,Webcam Logitech C925e,Perifericos,2,110280
13457,2025-04-01,CLI-0283,Micrófono Blue Yeti X,Audio,1,191670
13458,2025-04-01,CLI-0115,Notebook Lenovo ThinkPad,Laptops,3,883530
13459,2025-04-01,CLI-0061,Windows 11 Pro,Software,3,123580
13460,2025-04-01,CLI-0194,Notebook Dell Inspiron,Laptops,3,660360
13461,2025-04-01,CLI-0218,Auriculares Sony XM5,Audio,1,241610
13462,2025-04-01,CLI-0055,Adobe Creative Cloud,Software,2,85070
13463,2025-04-01,CLI-0245,Router TP-Link Archer,Redes,5,92790
13464,2025-04-01,CLI-0016,Workstation HP Z2,Desktops,1,1441290
13465,2025-04-02,CLI-0041,Mouse Logitech MX Master 3,Perifericos,1,97580
13466,2025-04-02,CLI-0292,Micrófono Blue Yeti X,Audio,1,195150
13467,2025-04-02,CLI-0094,SSD NVMe Kingston 500GB,Almacenamiento,3,66350
13468,2025-04-02,CLI-0271,Windows 11 Pro,Software,8,126670
13469,2025-04-02,CLI-0241,Micrófono Blue Yeti X,Audio,3,199780
13470,2025-04-02,CLI-0228,Antivirus ESET 3 PCs,Software,3,40580
13471,2025-04-02,CLI-0147,All-in-One HP 24,Desktops,1,873310
13472,2025-04-02,CLI-0017,Router TP-Link Archer,Redes,3,98330
13473,2025-04-02,CLI-0258,"Monitor LG 27"" 4K",Monitores,1,366630
13474,2025-04-02,CLI-0217,AutoCAD LT 2025,Software,8,682130
13475,2025-04-02,CLI-0233,Router Eero Pro 6,Redes,3,340310
13476,2025-04-02,CLI-0133,Switch Cisco 24p,Redes,2,251930
13477,2025-04-03,CLI-0117,Parlante UE Boom 3,Audio,8,116080
13478,2025-04-03,CLI-0140,Chromebook Acer,Laptops,2,308300
13479,2025-04-03,CLI-0065,"Monitor Portátil 15""",Monitores,2,207440
13480,2025-04-03,CLI-0029,"Monitor UltraWide 34""",Monitores,1,585760
13481,2025-04-03,CLI-0287,Router TP-Link Archer,Redes,5,93160
13482,2025-04-03,CLI-0240,SSD NVMe Kingston 500GB,Almacenamiento,1,66470
13483,2025-04-03,CLI-0208,AirPods Pro 2,Audio,1,267920
13484,2025-04-03,CLI-0191,Antivirus ESET 3 PCs,Software,2,41070
13485,2025-04-03,CLI-0139,PC Escritorio Dell OptiPlex,Desktops,1,753260
13486,2025-04-03,CLI-0186,Router TP-Link Archer,Redes,4,102760
13487,2025-04-03,CLI-0172,Notebook Dell Inspiron,Laptops,1,697670
13488,2025-04-03,CLI-0084,SSD Externo Samsung T7,Almacenamiento,1,96720
13489,2025-04-03,CLI-0109,Router TP-Link Archer,Redes,1,93470
13490,2025-04-03,CLI-0159,"Monitor Curvo 32"" QHD",Monitores,2,458960
13491,2025-04-04,CLI-0017,Mouse Logitech MX Master 3,Perifericos,1,97860
13492,2025-04-04,CLI-0292,Switch Cisco 24p,Redes,1,285050
13493,2025-04-04,CLI-0248,MacBook Air M2,Laptops,1,1211910
13494,2025-04-04,CLI-0048,Hub USB-C Anker,Perifericos,1,60840
13495,2025-04-04,CLI-0183,Webcam Logitech C925e,Perifericos,8,102620
13496,2025-04-04,CLI-0257,"Monitor Curvo 32"" QHD",Monitores,1,454370
13497,2025-04-04,CLI-0201,Dock Station HP,Perifericos,10,203120
13498,2025-04-04,CLI-0050,Soporte Laptop Ergotron,Perifericos,2,73880
13499,2025-04-04,CLI-0258,PC Escritorio Dell OptiPlex,Desktops,2,805610
13500,2025-04-04,CLI-0077,Notebook Dell Inspiron,Laptops,2,647720
13501,2025-04-04,CLI-0196,SSD NVMe Kingston 500GB,Almacenamiento,2,67740
13502,2025-04-04,CLI-0020,Webcam Logitech C925e,Perifericos,1,111770
13503,2025-04-04,CLI-0238,Chromebook Acer,Laptops,5,331150
13504,2025-04-04,CLI-0048,"Monitor UltraWide 34""",Monitores,5,631010
13505,2025-04-04,CLI-0073,"Monitor LG 27"" 4K",Monitores,15,370700
13506,2025-04-04,CLI-0257,Pendrive Kingston 256GB,Almacenamiento,15,26390
13507,2025-04-07,CLI-0268,Soporte Laptop Ergotron,Perifericos,2,79810
13508,2025-04-07,CLI-0068,Soporte Laptop Ergotron,Perifericos,1,74930
13509,2025-04-07,CLI-0221,MacBook Air M2,Laptops,6,1257240
13510,2025-04-07,CLI-0199,Mouse Logitech MX Master 3,Perifericos,1,92350
13511,2025-04-07,CLI-0039,Workstation HP Z2,Desktops,2,1394130
13512,2025-04-07,CLI-0255,PC Escritorio Dell OptiPlex,Desktops,4,778580
13513,2025-04-07,CLI-0074,Hub USB-C Anker,Perifericos,2,57100
13514,2025-04-08,CLI-0045,Disco Externo Seagate 4TB,Almacenamiento,1,123680
13515,2025-04-08,CLI-0161,"Monitor LG 27"" 4K",Monitores,8,361240
13516,2025-04-08,CLI-0083,Notebook ASUS VivoBook,Laptops,1,515830
13517,2025-04-08,CLI-0187,Dock Station HP,Perifericos,1,192920
13518,2025-04-08,CLI-0092,SSD Samsung 970 EVO 1TB,Almacenamiento,1,126180
13519,2025-04-08,CLI-0243,Teclado Apple Magic,Perifericos,4,111350
13520,2025-04-08,CLI-0227,Antivirus ESET 3 PCs,Software,6,43890
13521,2025-04-08,CLI-0064,Switch Cisco 24p,Redes,2,255320
13522,2025-04-08,CLI-0187,Webcam Logitech C925e,Perifericos,2,113650
13523,2025-04-08,CLI-0067,Soundbar LG,Audio,1,149720
13524,2025-04-08,CLI-0161,Auriculares Sony XM5,Audio,1,240090
13525,2025-04-08,CLI-0212,NAS Synology DS220+,Almacenamiento,2,555930
13526,2025-04-08,CLI-0022,Repetidor WiFi Mesh,Redes,10,86420
13527,2025-04-08,CLI-0030,Mouse Logitech MX Master 3,Perifericos,3,101390
13528,2025-04-09,CLI-0288,Notebook HP 15s,Laptops,1,583920
13529,2025-04-09,CLI-0054,Webcam Logitech C925e,Perifericos,1,110780
13530,2025-04-09,CLI-0292,Headset Logitech G535,Audio,5,92530
13531,2025-04-09,CLI-0115,AirPods Pro 2,Audio,5,279140
13532,2025-04-09,CLI-0048,Dock Station HP,Perifericos,2,195670
13533,2025-04-09,CLI-0274,SSD Samsung 970 EVO 1TB,Almacenamiento,1,138910
13534,2025-04-09,CLI-0093,PC Escritorio Dell OptiPlex,Desktops,6,719720
13535,2025-04-09,CLI-0204,Parlante UE Boom 3,Audio,1,102960
13536,2025-04-09,CLI-0169,Notebook ASUS VivoBook,Laptops,1,534230
13537,2025-04-09,CLI-0249,"Monitor Portátil 15""",Monitores,3,206150
13538,2025-04-09,CLI-0244,All-in-One HP 24,Desktops,1,840850
13539,2025-04-09,CLI-0020,SSD Externo Samsung T7,Almacenamiento,1,100060
13540,2025-04-10,CLI-0241,Workstation HP Z2,Desktops,3,1394440
13541,2025-04-10,CLI-0164,Switch Cisco 24p,Redes,1,257720
13542,2025-04-10,CLI-0195,Notebook Lenovo ThinkPad,Laptops,8,875090
13543,2025-04-10,CLI-0186,Parlante UE Boom 3,Audio,10,99050
13544,2025-04-10,CLI-0110,Notebook Lenovo ThinkPad,Laptops,1,894800
13545,2025-04-10,CLI-0012,AutoCAD LT 2025,Software,2,626230
13546,2025-04-10,CLI-0130,Licencia Office 365 Anual,Software,1,89480
13547,2025-04-11,CLI-0073,Notebook ASUS VivoBook,Laptops,1,470540
13548,2025-04-11,CLI-0042,Hub USB-C Anker,Perifericos,5,57380
13549,2025-04-11,CLI-0232,Micrófono Blue Yeti X,Audio,2,216420
13550,2025-04-11,CLI-0133,"Monitor Samsung 24"" FHD",Monitores,4,185140
13551,2025-04-11,CLI-0048,Parlante UE Boom 3,Audio,1,105980
13552,2025-04-11,CLI-0153,"Monitor LG 27"" 4K",Monitores,1,374140
13553,2025-04-11,CLI-0215,SSD NVMe Kingston 500GB,Almacenamiento,2,61480
13554,2025-04-11,CLI-0083,Windows 11 Pro,Software,2,135430
13555,2025-04-11,CLI-0293,AirPods Pro 2,Audio,4,286540
13556,2025-04-11,CLI-0288,Router TP-Link Archer,Redes,1,103100
13557,2025-04-11,CLI-0297,Repetidor WiFi Mesh,Redes,1,82190
13558,2025-04-11,CLI-0163,Notebook HP 15s,Laptops,1,552490
13559,2025-04-11,CLI-0235,Workstation HP Z2,Desktops,2,1321610
13560,2025-04-14,CLI-0163,All-in-One HP 24,Desktops,4,878300
13561,2025-04-14,CLI-0209,Teclado Apple Magic,Perifericos,2,102150
13562,2025-04-14,CLI-0002,Soundbar LG,Audio,8,172060
13563,2025-04-14,CLI-0065,Licencia Office 365 Anual,Software,2,90600
13564,2025-04-14,CLI-0297,PC Escritorio Dell OptiPlex,Desktops,1,693120
13565,2025-04-14,CLI-0097,Micrófono Blue Yeti X,Audio,3,215840
13566,2025-04-14,CLI-0086,Router TP-Link Archer,Redes,1,99890
13567,2025-04-14,CLI-0179,"Monitor Portátil 15""",Monitores,8,210010
13568,2025-04-14,CLI-0296,Notebook HP 15s,Laptops,1,578440
13569,2025-04-15,CLI-0187,Notebook Dell Inspiron,Laptops,1,663410
13570,2025-04-15,CLI-0158,NAS Synology DS220+,Almacenamiento,4,503870
13571,2025-04-15,CLI-0064,Windows 11 Pro,Software,2,131370
13572,2025-04-15,CLI-0234,Micrófono Blue Yeti X,Audio,2,195030
13573,2025-04-15,CLI-0181,SSD Externo Samsung T7,Almacenamiento,2,99260
13574,2025-04-15,CLI-0172,All-in-One HP 24,Desktops,6,896710
13575,2025-04-15,CLI-0235,Parlante UE Boom 3,Audio,1,101760
13576,2025-04-15,CLI-0284,Router TP-Link Archer,Redes,1,89680
13577,2025-04-16,CLI-0224,AirPods Pro 2,Audio,1,275220
13578,2025-04-16,CLI-0224,Licencia Office 365 Anual,Software,1,99860
13579,2025-04-16,CLI-0051,Chromebook Acer,Laptops,4,317480
13580,2025-04-16,CLI-0054,Chromebook Acer,Laptops,3,308810
13581,2025-04-16,CLI-0211,PC Escritorio Dell OptiPlex,Desktops,2,756320
13582,2025-04-16,CLI-0279,PC Escritorio Dell OptiPlex,Desktops,3,716900
13583,2025-04-16,CLI-0258,Access Point Ubiquiti U6,Redes,4,278470
13584,2025-04-16,CLI-0149,Micrófono Blue Yeti X,Audio,1,194340
13585,2025-04-16,CLI-0233,Router Eero Pro 6,Redes,1,311720
13586,2025-04-16,CLI-0101,SSD NVMe Kingston 500GB,Almacenamiento,8,64560
13587,2025-04-16,CLI-0180,SSD Samsung 970 EVO 1TB,Almacenamiento,2,128710
13588,2025-04-17,CLI-0203,Notebook HP 15s,Laptops,8,607980
13589,2025-04-17,CLI-0115,NAS Synology DS220+,Almacenamiento,1,544050
13590,2025-04-17,CLI-0136,Hub USB-C Anker,Perifericos,4,62700
13591,2025-04-17,CLI-0213,AutoCAD LT 2025,Software,1,658360
13592,2025-04-17,CLI-0213,MacBook Air M2,Laptops,1,1317850
13593,2025-04-17,CLI-0079,Auriculares Sony XM5,Audio,5,240620
13594,2025-04-17,CLI-0266,Router TP-Link Archer,Redes,1,95730
13595,2025-04-17,CLI-0088,Switch Cisco 24p,Redes,15,261090
13596,2025-04-17,CLI-0124,Router Eero Pro 6,Redes,10,327240
13597,2025-04-17,CLI-0099,Repetidor WiFi Mesh,Redes,3,79460
13598,2025-04-17,CLI-0027,Switch Cisco 24p,Redes,2,247560
13599,2025-04-17,CLI-0200,"Monitor Samsung 24"" FHD",Monitores,2,193020
13600,2025-04-18,CLI-0163,Pendrive Kingston 256GB,Almacenamiento,1,28570
13601,2025-04-18,CLI-0119,PC Escritorio Dell OptiPlex,Desktops,3,715180
13602,2025-04-18,CLI-0065,NAS Synology DS220+,Almacenamiento,1,547730
13603,2025-04-18,CLI-0296,Headset Logitech G535,Audio,5,100810
13604,2025-04-18,CLI-0134,Router Eero Pro 6,Redes,1,309110
13605,2025-04-18,CLI-0166,"Monitor Portátil 15""",Monitores,1,202980
13606,2025-04-18,CLI-0014,Parlante UE Boom 3,Audio,1,104330
13607,2025-04-18,CLI-0079,Notebook Dell Inspiron,Laptops,2,655610
13608,2025-04-18,CLI-0279,Chromebook Acer,Laptops,2,309370
13609,2025-04-18,CLI-0013,Mini PC ASUS PN50,Desktops,12,522350
13610,2025-04-18,CLI-0184,"Monitor Samsung 24"" FHD",Monitores,1,174830
13611,2025-04-18,CLI-0114,Hub USB-C Anker,Perifericos,1,62240
13612,2025-04-18,CLI-0126,AirPods Pro 2,Audio,4,254080
13613,2025-04-21,CLI-0027,Teclado Mecánico Keychron K2,Perifericos,1,151440
13614,2025-04-21,CLI-0074,Licencia Office 365 Anual,Software,1,101640
13615,2025-04-21,CLI-0297,PC Escritorio Dell OptiPlex,Desktops,1,725360
13616,2025-04-21,CLI-0063,PC Escritorio Dell OptiPlex,Desktops,1,758420
13617,2025-04-21,CLI-0135,"Monitor Samsung 24"" FHD",Monitores,1,184190
13618,2025-04-21,CLI-0254,Auriculares Sony XM5,Audio,6,240370
13619,2025-04-21,CLI-0107,Headset Logitech G535,Audio,1,89860
13620,2025-04-21,CLI-0012,Micrófono Blue Yeti X,Audio,1,193410
13621,2025-04-21,CLI-0040,"Monitor Portátil 15""",Monitores,3,203330
13622,2025-04-21,CLI-0193,Mousepad XL RGB,Perifericos,3,31220
13623,2025-04-21,CLI-0231,"Monitor LG 27"" 4K",Monitores,1,354860
13624,2025-04-22,CLI-0006,"Monitor Samsung 24"" FHD",Monitores,3,186350
13625,2025-04-22,CLI-0017,All-in-One HP 24,Desktops,10,840380
13626,2025-04-22,CLI-0178,SSD NVMe Kingston 500GB,Almacenamiento,15,62180
13627,2025-04-22,CLI-0280,Notebook HP 15s,Laptops,1,570030
13628,2025-04-22,CLI-0131,All-in-One HP 24,Desktops,1,831690
13629,2025-04-22,CLI-0016,SSD Externo Samsung T7,Almacenamiento,1,94320
13630,2025-04-22,CLI-0263,Workstation HP Z2,Desktops,1,1386920
13631,2025-04-22,CLI-0187,All-in-One HP 24,Desktops,6,860780
13632,2025-04-22,CLI-0016,Mousepad XL RGB,Perifericos,1,34740
13633,2025-04-22,CLI-0043,Windows 11 Pro,Software,8,123280
13634,2025-04-22,CLI-0138,Teclado Mecánico Keychron K2,Perifericos,2,160930
13635,2025-04-22,CLI-0048,Dock Station HP,Perifericos,3,192790
13636,2025-04-22,CLI-0151,SSD Samsung 970 EVO 1TB,Almacenamiento,3,125890
13637,2025-04-22,CLI-0254,Parlante UE Boom 3,Audio,2,111230
13638,2025-04-22,CLI-0205,"Monitor Curvo 32"" QHD",Monitores,1,458540
13639,2025-04-22,CLI-0102,AutoCAD LT 2025,Software,5,653380
13640,2025-04-22,CLI-0144,Headset Logitech G535,Audio,1,95450
13641,2025-04-23,CLI-0160,"Monitor LG 27"" 4K",Monitores,4,371200
13642,2025-04-23,CLI-0250,Parlante UE Boom 3,Audio,5,115010
13643,2025-04-23,CLI-0217,Router TP-Link Archer,Redes,3,93500
13644,2025-04-23,CLI-0164,Repetidor WiFi Mesh,Redes,1,84780
13645,2025-04-23,CLI-0197,Parlante UE Boom 3,Audio,1,111940
13646,2025-04-23,CLI-0181,Auriculares Sony XM5,Audio,6,230570
13647,2025-04-23,CLI-0033,Soundbar LG,Audio,1,157740
13648,2025-04-23,CLI-0018,NAS Synology DS220+,Almacenamiento,1,556840
13649,2025-04-23,CLI-0210,Webcam Logitech C925e,Perifericos,2,108450
13650,2025-04-23,CLI-0272,Dock Station HP,Perifericos,1,210430
13651,2025-04-23,CLI-0059,"Monitor Samsung 24"" FHD",Monitores,4,186930
13652,2025-04-24,CLI-0220,"Monitor Samsung 24"" FHD",Monitores,1,168790
13653,2025-04-24,CLI-0038,"Monitor Portátil 15""",Monitores,3,218920
13654,2025-04-24,CLI-0191,Workstation HP Z2,Desktops,4,1470260
13655,2025-04-24,CLI-0063,Notebook HP 15s,Laptops,1,565230
13656,2025-04-24,CLI-0006,Soporte Laptop Ergotron,Perifericos,1,71200
13657,2025-04-24,CLI-0291,Mousepad XL RGB,Perifericos,6,31150
13658,2025-04-24,CLI-0288,Notebook ASUS VivoBook,Laptops,1,506050
13659,2025-04-24,CLI-0109,Pendrive Kingston 256GB,Almacenamiento,1,28310
13660,2025-04-24,CLI-0288,Teclado Mecánico Keychron K2,Perifericos,3,152770
13661,2025-04-24,CLI-0039,Switch Cisco 24p,Redes,6,273560
13662,2025-04-24,CLI-0216,AutoCAD LT 2025,Software,3,671140
13663,2025-04-24,CLI-0163,Mousepad XL RGB,Perifericos,1,34490
13664,2025-04-25,CLI-0026,Disco Externo Seagate 4TB,Almacenamiento,2,109800
13665,2025-04-25,CLI-0141,Micrófono Blue Yeti X,Audio,1,204440
13666,2025-04-25,CLI-0232,"Monitor LG 27"" 4K",Monitores,2,383620
13667,2025-04-25,CLI-0197,Mouse Logitech MX Master 3,Perifericos,2,93750
13668,2025-04-25,CLI-0146,Notebook Dell Inspiron,Laptops,3,659200
13669,2025-04-25,CLI-0295,Notebook HP 15s,Laptops,6,574690
13670,2025-04-25,CLI-0146,Mini PC ASUS PN50,Desktops,5,487810
13671,2025-04-25,CLI-0207,MacBook Air M2,Laptops,6,1195430
13672,2025-04-25,CLI-0271,MacBook Air M2,Laptops,1,1277500
13673,2025-04-25,CLI-0009,Notebook ASUS VivoBook,Laptops,2,482100
13674,2025-04-25,CLI-0213,Hub USB-C Anker,Perifericos,1,63060
13675,2025-04-25,CLI-0178,Headset Logitech G535,Audio,1,104120
13676,2025-04-28,CLI-0161,Disco Externo Seagate 4TB,Almacenamiento,2,112930
13677,2025-04-28,CLI-0202,Hub USB-C Anker,Perifericos,3,58900
13678,2025-04-28,CLI-0233,Disco Externo Seagate 4TB,Almacenamiento,5,125320
13679,2025-04-28,CLI-0063,Auriculares Sony XM5,Audio,8,236490
13680,2025-04-28,CLI-0053,Notebook Dell Inspiron,Laptops,1,619080
13681,2025-04-28,CLI-0006,Mini PC ASUS PN50,Desktops,1,448130
13682,2025-04-28,CLI-0166,Windows 11 Pro,Software,3,123360
13683,2025-04-28,CLI-0116,"Monitor LG 27"" 4K",Monitores,1,396870
13684,2025-04-28,CLI-0189,SSD Externo Samsung T7,Almacenamiento,12,98620
13685,2025-04-29,CLI-0027,Teclado Apple Magic,Perifericos,5,114870
13686,2025-04-29,CLI-0023,All-in-One HP 24,Desktops,1,836760
13687,2025-04-29,CLI-0156,Notebook ASUS VivoBook,Laptops,1,532320
13688,2025-04-29,CLI-0195,Teclado Mecánico Keychron K2,Perifericos,3,171450
13689,2025-04-29,CLI-0071,Access Point Ubiquiti U6,Redes,2,268020
13690,2025-04-29,CLI-0065,Mousepad XL RGB,Perifericos,5,34270
13691,2025-04-29,CLI-0300,Micrófono Blue Yeti X,Audio,3,196950
13692,2025-04-29,CLI-0063,Pendrive Kingston 256GB,Almacenamiento,2,27550
13693,2025-04-29,CLI-0296,SSD NVMe Kingston 500GB,Almacenamiento,3,60240
13694,2025-04-29,CLI-0144,Mousepad XL RGB,Perifericos,4,32100
13695,2025-04-29,CLI-0248,"Monitor UltraWide 34""",Monitores,1,564500
13696,2025-04-29,CLI-0152,Chromebook Acer,Laptops,1,299930
13697,2025-04-30,CLI-0125,Adobe Creative Cloud,Software,3,83260
13698,2025-04-30,CLI-0106,Windows 11 Pro,Software,1,139130
13699,2025-04-30,CLI-0254,Notebook Lenovo ThinkPad,Laptops,1,978000
13700,2025-04-30,CLI-0111,SSD Samsung 970 EVO 1TB,Almacenamiento,4,121260
13701,2025-04-30,CLI-0097,Disco Externo Seagate 4TB,Almacenamiento,1,116630
13702,2025-04-30,CLI-0107,Access Point Ubiquiti U6,Redes,4,275140
13703,2025-04-30,CLI-0264,Mousepad XL RGB,Perifericos,4,33440
13704,2025-04-30,CLI-0160,SSD Samsung 970 EVO 1TB,Almacenamiento,3,126230
13705,2025-04-30,CLI-0259,PC Escritorio Dell OptiPlex,Desktops,6,782140
13706,2025-04-30,CLI-0113,Auriculares Sony XM5,Audio,1,222270
13707,2025-04-30,CLI-0232,Repetidor WiFi Mesh,Redes,2,83680
13708,2025-04-30,CLI-0205,"Monitor Curvo 32"" QHD",Monitores,1,500490
13709,2025-05-01,CLI-0217,"Monitor LG 27"" 4K",Monitores,3,350580
13710,2025-05-01,CLI-0296,Antivirus ESET 3 PCs,Software,1,40940
13711,2025-05-01,CLI-0237,PC Escritorio Dell OptiPlex,Desktops,3,701380
13712,2025-05-01,CLI-0124,Notebook Dell Inspiron,Laptops,6,636600
13713,2025-05-01,CLI-0096,Teclado Mecánico Keychron K2,Perifericos,1,149140
13714,2025-05-01,CLI-0272,Soundbar LG,Audio,1,162100
13715,2025-05-01,CLI-0061,Router Eero Pro 6,Redes,1,325460
13716,2025-05-01,CLI-0221,"Monitor Portátil 15""",Monitores,1,221450
13717,2025-05-01,CLI-0258,Parlante UE Boom 3,Audio,2,106000
13718,2025-05-01,CLI-0028,Soundbar LG,Audio,1,149110
13719,2025-05-01,CLI-0051,Notebook Lenovo ThinkPad,Laptops,3,943530
13720,2025-05-02,CLI-0217,"Monitor Curvo 32"" QHD",Monitores,1,494420
13721,2025-05-02,CLI-0207,"Monitor Samsung 24"" FHD",Monitores,2,188920
13722,2025-05-02,CLI-0272,Router TP-Link Archer,Redes,2,91320
13723,2025-05-02,CLI-0222,PC Escritorio Dell OptiPlex,Desktops,3,777150
13724,2025-05-02,CLI-0128,All-in-One HP 24,Desktops,1,916570
13725,2025-05-02,CLI-0028,MacBook Air M2,Laptops,2,1394320
13726,2025-05-02,CLI-0123,Notebook ASUS VivoBook,Laptops,2,502960
13727,2025-05-02,CLI-0142,"Monitor UltraWide 34""",Monitores,5,579210
13728,2025-05-02,CLI-0208,Headset Logitech G535,Audio,1,101130
13729,2025-05-02,CLI-0113,Windows 11 Pro,Software,1,130480
13730,2025-05-02,CLI-0106,"Monitor LG 27"" 4K",Monitores,4,363310
13731,2025-05-02,CLI-0178,Licencia Office 365 Anual,Software,1,92090
13732,2025-05-02,CLI-0148,Notebook HP 15s,Laptops,1,542190
13733,2025-05-02,CLI-0258,Windows 11 Pro,Software,3,128740
13734,2025-05-02,CLI-0157,Windows 11 Pro,Software,1,122750
13735,2025-05-05,CLI-0162,AutoCAD LT 2025,Software,1,603740
13736,2025-05-05,CLI-0096,Soporte Laptop Ergotron,Perifericos,6,75000
13737,2025-05-05,CLI-0073,Notebook HP 15s,Laptops,3,549040
13738,2025-05-05,CLI-0220,Soporte Laptop Ergotron,Perifericos,1,81190
13739,2025-05-05,CLI-0136,Notebook ASUS VivoBook,Laptops,1,540970
13740,2025-05-05,CLI-0005,Router TP-Link Archer,Redes,1,95710
13741,2025-05-05,CLI-0243,Access Point Ubiquiti U6,Redes,1,267770
13742,2025-05-05,CLI-0127,SSD NVMe Kingston 500GB,Almacenamiento,1,63490
13743,2025-05-05,CLI-0009,Switch Cisco 24p,Redes,3,250030
13744,2025-05-05,CLI-0149,"Monitor UltraWide 34""",Monitores,2,574300
13745,2025-05-05,CLI-0086,Workstation HP Z2,Desktops,4,1319230
13746,2025-05-05,CLI-0052,Hub USB-C Anker,Perifericos,4,55610
13747,2025-05-05,CLI-0172,Soundbar LG,Audio,2,163570
13748,2025-05-05,CLI-0180,SSD Externo Samsung T7,Almacenamiento,1,90950
13749,2025-05-05,CLI-0250,Teclado Apple Magic,Perifericos,1,101130
13750,2025-05-05,CLI-0007,Dock Station HP,Perifericos,1,204550
13751,2025-05-06,CLI-0171,Pendrive Kingston 256GB,Almacenamiento,4,24850
13752,2025-05-06,CLI-0248,All-in-One HP 24,Desktops,1,821550
13753,2025-05-06,CLI-0266,Licencia Office 365 Anual,Software,1,93080
13754,2025-05-06,CLI-0211,"Monitor UltraWide 34""",Monitores,3,622520
13755,2025-05-06,CLI-0073,Dock Station HP,Perifericos,2,218830
13756,2025-05-06,CLI-0126,Switch Cisco 24p,Redes,3,265930
13757,2025-05-06,CLI-0221,Auriculares Sony XM5,Audio,1,233980
13758,2025-05-06,CLI-0046,"Monitor Curvo 32"" QHD",Monitores,6,502510
13759,2025-05-06,CLI-0194,Licencia Office 365 Anual,Software,1,99160
13760,2025-05-07,CLI-0141,Licencia Office 365 Anual,Software,3,96220
13761,2025-05-07,CLI-0231,Pendrive Kingston 256GB,Almacenamiento,1,27270
13762,2025-05-07,CLI-0179,Soporte Laptop Ergotron,Perifericos,1,71220
13763,2025-05-07,CLI-0214,Teclado Mecánico Keychron K2,Perifericos,1,156630
13764,2025-05-07,CLI-0022,Access Point Ubiquiti U6,Redes,2,261610
13765,2025-05-07,CLI-0176,Repetidor WiFi Mesh,Redes,1,83090
13766,2025-05-07,CLI-0233,Switch Cisco 24p,Redes,10,268290
13767,2025-05-08,CLI-0178,Webcam Logitech C925e,Perifericos,1,102830
13768,2025-05-08,CLI-0005,Disco Externo Seagate 4TB,Almacenamiento,6,111240
13769,2025-05-08,CLI-0076,SSD Samsung 970 EVO 1TB,Almacenamiento,3,136260
13770,2025-05-08,CLI-0268,Webcam Logitech C925e,Perifericos,3,107630
13771,2025-05-08,CLI-0084,Hub USB-C Anker,Perifericos,2,55230
13772,2025-05-08,CLI-0034,Webcam Logitech C925e,Perifericos,1,103810
13773,2025-05-08,CLI-0021,"Monitor Portátil 15""",Monitores,1,226500
13774,2025-05-08,CLI-0064,Notebook Lenovo ThinkPad,Laptops,2,954960
13775,2025-05-08,CLI-0003,Parlante UE Boom 3,Audio,1,114480
13776,2025-05-08,CLI-0001,Notebook Lenovo ThinkPad,Laptops,1,932980
13777,2025-05-08,CLI-0180,Webcam Logitech C925e,Perifericos,4,106660
13778,2025-05-09,CLI-0258,Adobe Creative Cloud,Software,8,88470
13779,2025-05-09,CLI-0288,Workstation HP Z2,Desktops,8,1423100
13780,2025-05-09,CLI-0139,Workstation HP Z2,Desktops,15,1326460
13781,2025-05-09,CLI-0101,Parlante UE Boom 3,Audio,2,114650
13782,2025-05-09,CLI-0042,Webcam Logitech C925e,Perifericos,1,105720
13783,2025-05-09,CLI-0243,Dock Station HP,Perifericos,1,190410
13784,2025-05-09,CLI-0198,Parlante UE Boom 3,Audio,1,105020
13785,2025-05-09,CLI-0051,Teclado Apple Magic,Perifericos,6,114380
13786,2025-05-09,CLI-0160,"Monitor Samsung 24"" FHD",Monitores,2,195840
13787,2025-05-12,CLI-0166,Access Point Ubiquiti U6,Redes,1,281070
13788,2025-05-12,CLI-0103,Teclado Apple Magic,Perifericos,1,109330
13789,2025-05-12,CLI-0284,"Monitor Curvo 32"" QHD",Monitores,1,503070
13790,2025-05-12,CLI-0044,Hub USB-C Anker,Perifericos,2,56330
13791,2025-05-12,CLI-0237,SSD Externo Samsung T7,Almacenamiento,1,100790
13792,2025-05-12,CLI-0224,PC Escritorio Dell OptiPlex,Desktops,1,811340
13793,2025-05-12,CLI-0227,Windows 11 Pro,Software,1,125500
13794,2025-05-12,CLI-0184,SSD Samsung 970 EVO 1TB,Almacenamiento,1,139670
13795,2025-05-12,CLI-0239,Micrófono Blue Yeti X,Audio,10,201200
13796,2025-05-12,CLI-0237,Notebook Dell Inspiron,Laptops,6,637420
13797,2025-05-12,CLI-0014,Micrófono Blue Yeti X,Audio,1,192460
13798,2025-05-12,CLI-0072,Repetidor WiFi Mesh,Redes,6,90330
13799,2025-05-12,CLI-0125,Access Point Ubiquiti U6,Redes,2,272360
13800,2025-05-12,CLI-0066,Repetidor WiFi Mesh,Redes,2,83720
13801,2025-05-13,CLI-0290,Webcam Logitech C925e,Perifericos,1,107100
13802,2025-05-13,CLI-0202,Mini PC ASUS PN50,Desktops,2,514190
13803,2025-05-13,CLI-0004,SSD Samsung 970 EVO 1TB,Almacenamiento,4,133080
13804,2025-05-13,CLI-0266,SSD Samsung 970 EVO 1TB,Almacenamiento,4,135030
13805,2025-05-13,CLI-0044,Notebook Lenovo ThinkPad,Laptops,1,930250
13806,2025-05-13,CLI-0055,Soporte Laptop Ergotron,Perifericos,2,81530
13807,2025-05-13,CLI-0149,Switch Cisco 24p,Redes,2,258820
13808,2025-05-13,CLI-0170,Notebook Lenovo ThinkPad,Laptops,1,883070
13809,2025-05-13,CLI-0300,AutoCAD LT 2025,Software,2,605750
13810,2025-05-13,CLI-0028,Windows 11 Pro,Software,1,130710
13811,2025-05-13,CLI-0074,Router Eero Pro 6,Redes,3,329870
13812,2025-05-14,CLI-0254,Mini PC ASUS PN50,Desktops,1,448060
13813,2025-05-14,CLI-0080,Hub USB-C Anker,Perifericos,3,60650
13814,2025-05-14,CLI-0004,Disco Externo Seagate 4TB,Almacenamiento,3,128270
13815,2025-05-14,CLI-0103,All-in-One HP 24,Desktops,1,835590
13816,2025-05-14,CLI-0079,Router TP-Link Archer,Redes,5,92270
13817,2025-05-14,CLI-0267,PC Escritorio Dell OptiPlex,Desktops,1,729590
13818,2025-05-14,CLI-0054,SSD NVMe Kingston 500GB,Almacenamiento,1,64020
13819,2025-05-14,CLI-0259,Soundbar LG,Audio,1,155530
13820,2025-05-14,CLI-0063,Hub USB-C Anker,Perifericos,2,57930
13821,2025-05-14,CLI-0095,Mouse Logitech MX Master 3,Perifericos,5,99340
13822,2025-05-14,CLI-0280,Teclado Apple Magic,Perifericos,4,105310
13823,2025-05-14,CLI-0225,Adobe Creative Cloud,Software,2,84950
13824,2025-05-15,CLI-0222,Workstation HP Z2,Desktops,3,1311100
13825,2025-05-15,CLI-0095,Workstation HP Z2,Desktops,4,1434130
13826,2025-05-15,CLI-0124,"Monitor LG 27"" 4K",Monitores,2,399990
13827,2025-05-15,CLI-0280,"Monitor Curvo 32"" QHD",Monitores,2,450310
13828,2025-05-15,CLI-0149,Webcam Logitech C925e,Perifericos,3,101860
13829,2025-05-15,CLI-0253,Auriculares Sony XM5,Audio,3,224150
13830,2025-05-15,CLI-0201,AirPods Pro 2,Audio,3,274410
13831,2025-05-15,CLI-0055,SSD Samsung 970 EVO 1TB,Almacenamiento,2,138320
13832,2025-05-15,CLI-0218,Workstation HP Z2,Desktops,1,1390010
13833,2025-05-16,CLI-0235,All-in-One HP 24,Desktops,2,897520
13834,2025-05-16,CLI-0006,Access Point Ubiquiti U6,Redes,1,259050
13835,2025-05-16,CLI-0228,MacBook Air M2,Laptops,6,1225660
13836,2025-05-16,CLI-0182,Mini PC ASUS PN50,Desktops,2,474930
13837,2025-05-16,CLI-0235,Teclado Mecánico Keychron K2,Perifericos,1,169130
13838,2025-05-16,CLI-0082,Dock Station HP,Perifericos,2,211590
13839,2025-05-16,CLI-0258,"Monitor Portátil 15""",Monitores,1,221720
13840,2025-05-16,CLI-0269,AirPods Pro 2,Audio,2,284220
13841,2025-05-19,CLI-0090,Antivirus ESET 3 PCs,Software,1,40030
13842,2025-05-19,CLI-0289,Soporte Laptop Ergotron,Perifericos,2,80050
13843,2025-05-19,CLI-0072,Teclado Mecánico Keychron K2,Perifericos,4,164130
13844,2025-05-19,CLI-0156,Headset Logitech G535,Audio,1,94050
13845,2025-05-19,CLI-0248,AirPods Pro 2,Audio,10,251390
13846,2025-05-19,CLI-0093,Switch Cisco 24p,Redes,3,279640
13847,2025-05-19,CLI-0260,Adobe Creative Cloud,Software,2,89830
13848,2025-05-19,CLI-0067,Windows 11 Pro,Software,1,133030
13849,2025-05-20,CLI-0298,Dock Station HP,Perifericos,2,202450
13850,2025-05-20,CLI-0207,Notebook ASUS VivoBook,Laptops,1,496520
13851,2025-05-20,CLI-0082,"Monitor UltraWide 34""",Monitores,1,624310
13852,2025-05-20,CLI-0055,Disco Externo Seagate 4TB,Almacenamiento,8,121540
13853,2025-05-20,CLI-0244,Mousepad XL RGB,Perifericos,3,30200
13854,2025-05-20,CLI-0122,PC Escritorio Dell OptiPlex,Desktops,6,712710
13855,2025-05-20,CLI-0090,AirPods Pro 2,Audio,3,287280
13856,2025-05-20,CLI-0216,Notebook ASUS VivoBook,Laptops,1,538820
13857,2025-05-20,CLI-0129,All-in-One HP 24,Desktops,1,926450
13858,2025-05-20,CLI-0038,Soundbar LG,Audio,4,160120
13859,2025-05-20,CLI-0016,"Monitor Samsung 24"" FHD",Monitores,1,191930
13860,2025-05-20,CLI-0231,AirPods Pro 2,Audio,1,284170
13861,2025-05-20,CLI-0294,Router Eero Pro 6,Redes,1,314440
13862,2025-05-20,CLI-0130,Disco Externo Seagate 4TB,Almacenamiento,2,112050
13863,2025-05-20,CLI-0147,"Monitor UltraWide 34""",Monitores,1,641230
13864,2025-05-20,CLI-0083,Parlante UE Boom 3,Audio,4,99870
13865,2025-05-21,CLI-0099,Chromebook Acer,Laptops,2,333410
13866,2025-05-21,CLI-0050,"Monitor Portátil 15""",Monitores,1,207540
13867,2025-05-21,CLI-0072,Notebook HP 15s,Laptops,1,592680
13868,2025-05-21,CLI-0209,Switch Cisco 24p,Redes,2,257740
13869,2025-05-21,CLI-0037,Soporte Laptop Ergotron,Perifericos,1,79570
13870,2025-05-21,CLI-0271,Disco Externo Seagate 4TB,Almacenamiento,1,113450
13871,2025-05-21,CLI-0107,Switch Cisco 24p,Redes,4,278490
13872,2025-05-21,CLI-0257,Dock Station HP,Perifericos,1,214490
13873,2025-05-21,CLI-0287,Mini PC ASUS PN50,Desktops,4,461800
13874,2025-05-21,CLI-0225,Parlante UE Boom 3,Audio,3,103460
13875,2025-05-21,CLI-0037,Switch Cisco 24p,Redes,1,282050
13876,2025-05-22,CLI-0265,Hub USB-C Anker,Perifericos,1,58970
13877,2025-05-22,CLI-0256,"Monitor UltraWide 34""",Monitores,1,634870
13878,2025-05-22,CLI-0277,Soporte Laptop Ergotron,Perifericos,1,76340
13879,2025-05-22,CLI-0149,Teclado Apple Magic,Perifericos,1,106050
13880,2025-05-22,CLI-0184,Notebook ASUS VivoBook,Laptops,5,546440
13881,2025-05-23,CLI-0081,Webcam Logitech C925e,Perifericos,1,106460
13882,2025-05-23,CLI-0295,Mouse Logitech MX Master 3,Perifericos,5,94270
13883,2025-05-23,CLI-0257,Hub USB-C Anker,Perifericos,1,57730
13884,2025-05-23,CLI-0030,SSD Externo Samsung T7,Almacenamiento,3,100110
13885,2025-05-23,CLI-0057,Access Point Ubiquiti U6,Redes,2,250150
13886,2025-05-23,CLI-0135,Antivirus ESET 3 PCs,Software,1,44450
13887,2025-05-23,CLI-0174,Micrófono Blue Yeti X,Audio,1,195380
13888,2025-05-23,CLI-0172,Notebook Lenovo ThinkPad,Laptops,1,900980
13889,2025-05-23,CLI-0281,Soporte Laptop Ergotron,Perifericos,6,71310
13890,2025-05-23,CLI-0032,Mouse Logitech MX Master 3,Perifericos,2,98010
13891,2025-05-26,CLI-0289,Repetidor WiFi Mesh,Redes,3,81740
13892,2025-05-26,CLI-0019,Dock Station HP,Perifericos,12,196210
13893,2025-05-26,CLI-0214,Router TP-Link Archer,Redes,3,102140
13894,2025-05-26,CLI-0042,Router Eero Pro 6,Redes,2,311940
13895,2025-05-26,CLI-0067,Teclado Mecánico Keychron K2,Perifericos,3,169110
13896,2025-05-26,CLI-0054,MacBook Air M2,Laptops,2,1260990
13897,2025-05-26,CLI-0116,Antivirus ESET 3 PCs,Software,1,41040
13898,2025-05-26,CLI-0245,Hub USB-C Anker,Perifericos,4,61550
13899,2025-05-26,CLI-0117,Notebook Dell Inspiron,Laptops,8,666220
13900,2025-05-26,CLI-0014,"Monitor Curvo 32"" QHD",Monitores,2,449540
13901,2025-05-26,CLI-0195,AutoCAD LT 2025,Software,3,695680
13902,2025-05-26,CLI-0010,Router Eero Pro 6,Redes,2,305730
13903,2025-05-27,CLI-0199,AirPods Pro 2,Audio,3,269530
13904,2025-05-27,CLI-0221,Windows 11 Pro,Software,2,135510
13905,2025-05-27,CLI-0071,All-in-One HP 24,Desktops,2,795710
13906,2025-05-27,CLI-0189,Dock Station HP,Perifericos,1,219390
13907,2025-05-27,CLI-0224,Notebook Lenovo ThinkPad,Laptops,1,939430
13908,2025-05-27,CLI-0048,Access Point Ubiquiti U6,Redes,1,289460
13909,2025-05-27,CLI-0212,SSD Externo Samsung T7,Almacenamiento,2,102120
13910,2025-05-27,CLI-0008,Mouse Logitech MX Master 3,Perifericos,4,103840
13911,2025-05-28,CLI-0040,Notebook Lenovo ThinkPad,Laptops,1,909600
13912,2025-05-28,CLI-0093,Webcam Logitech C925e,Perifericos,1,110720
13913,2025-05-28,CLI-0180,Router TP-Link Archer,Redes,3,96050
13914,2025-05-28,CLI-0126,Webcam Logitech C925e,Perifericos,1,111990
13915,2025-05-28,CLI-0204,SSD NVMe Kingston 500GB,Almacenamiento,3,60560
13916,2025-05-28,CLI-0040,Notebook ASUS VivoBook,Laptops,1,534390
13917,2025-05-28,CLI-0279,"Monitor Portátil 15""",Monitores,2,205770
13918,2025-05-28,CLI-0183,"Monitor UltraWide 34""",Monitores,2,636180
13919,2025-05-28,CLI-0155,Auriculares Sony XM5,Audio,4,224500
13920,2025-05-28,CLI-0150,Antivirus ESET 3 PCs,Software,1,40630
13921,2025-05-28,CLI-0137,Mousepad XL RGB,Perifericos,3,34010
13922,2025-05-29,CLI-0258,PC Escritorio Dell OptiPlex,Desktops,1,811690
13923,2025-05-29,CLI-0211,Repetidor WiFi Mesh,Redes,2,83220
13924,2025-05-29,CLI-0041,"Monitor Portátil 15""",Monitores,6,227280
13925,2025-05-29,CLI-0267,"Monitor UltraWide 34""",Monitores,1,579930
13926,2025-05-29,CLI-0284,"Monitor Portátil 15""",Monitores,1,217280
13927,2025-05-29,CLI-0073,MacBook Air M2,Laptops,10,1284710
13928,2025-05-29,CLI-0226,Antivirus ESET 3 PCs,Software,4,39770
13929,2025-05-29,CLI-0059,Notebook Dell Inspiron,Laptops,2,677570
13930,2025-05-29,CLI-0018,Teclado Mecánico Keychron K2,Perifericos,1,168400
13931,2025-05-29,CLI-0197,Hub USB-C Anker,Perifericos,4,56300
13932,2025-05-29,CLI-0044,Notebook Lenovo ThinkPad,Laptops,1,981390
13933,2025-05-29,CLI-0197,Disco Externo Seagate 4TB,Almacenamiento,1,119370
13934,2025-05-29,CLI-0196,AirPods Pro 2,Audio,2,256090
13935,2025-05-30,CLI-0115,"Monitor Portátil 15""",Monitores,1,200910
13936,2025-05-30,CLI-0221,SSD Externo Samsung T7,Almacenamiento,1,100070
13937,2025-05-30,CLI-0157,MacBook Air M2,Laptops,2,1215260
13938,2025-05-30,CLI-0179,Notebook Dell Inspiron,Laptops,6,627400
13939,2025-05-30,CLI-0173,Teclado Apple Magic,Perifericos,4,112140
13940,2025-05-30,CLI-0111,Notebook Dell Inspiron,Laptops,1,621940
13941,2025-05-30,CLI-0223,Parlante UE Boom 3,Audio,4,113340
13942,2025-05-30,CLI-0030,PC Escritorio Dell OptiPlex,Desktops,2,791810
13943,2025-05-30,CLI-0148,SSD Externo Samsung T7,Almacenamiento,2,91610
13944,2025-05-30,CLI-0294,Switch Cisco 24p,Redes,4,270780
13945,2025-05-30,CLI-0134,"Monitor LG 27"" 4K",Monitores,10,353590
13946,2025-06-02,CLI-0240,Mouse Logitech MX Master 3,Perifericos,1,96870
13947,2025-06-02,CLI-0008,Teclado Mecánico Keychron K2,Perifericos,4,164640
13948,2025-06-02,CLI-0141,Chromebook Acer,Laptops,15,351470
13949,2025-06-02,CLI-0278,Webcam Logitech C925e,Perifericos,1,100260
13950,2025-06-02,CLI-0203,MacBook Air M2,Laptops,2,1197900
13951,2025-06-02,CLI-0186,Teclado Mecánico Keychron K2,Perifericos,3,158840
13952,2025-06-03,CLI-0007,All-in-One HP 24,Desktops,1,918040
13953,2025-06-03,CLI-0165,Teclado Apple Magic,Perifericos,5,104160
13954,2025-06-03,CLI-0228,SSD Samsung 970 EVO 1TB,Almacenamiento,1,139860
13955,2025-06-03,CLI-0005,SSD Samsung 970 EVO 1TB,Almacenamiento,1,126150
13956,2025-06-03,CLI-0184,SSD NVMe Kingston 500GB,Almacenamiento,3,60130
13957,2025-06-03,CLI-0285,"Monitor Portátil 15""",Monitores,2,208480
13958,2025-06-03,CLI-0297,Chromebook Acer,Laptops,1,308370
13959,2025-06-03,CLI-0283,Mousepad XL RGB,Perifericos,8,32570
13960,2025-06-03,CLI-0226,"Monitor Samsung 24"" FHD",Monitores,1,173010
13961,2025-06-03,CLI-0142,Teclado Apple Magic,Perifericos,5,110680
13962,2025-06-04,CLI-0066,"Monitor UltraWide 34""",Monitores,3,559520
13963,2025-06-04,CLI-0076,Repetidor WiFi Mesh,Redes,3,93470
13964,2025-06-04,CLI-0120,All-in-One HP 24,Desktops,3,823000
13965,2025-06-04,CLI-0095,AutoCAD LT 2025,Software,2,618990
13966,2025-06-04,CLI-0226,Access Point Ubiquiti U6,Redes,1,255860
13967,2025-06-04,CLI-0284,"Monitor UltraWide 34""",Monitores,1,603440
13968,2025-06-04,CLI-0133,Teclado Apple Magic,Perifericos,1,107510
13969,2025-06-04,CLI-0181,SSD Externo Samsung T7,Almacenamiento,3,93730
13970,2025-06-04,CLI-0121,Dock Station HP,Perifericos,1,203810
13971,2025-06-05,CLI-0260,Soundbar LG,Audio,1,165520
13972,2025-06-05,CLI-0040,Mouse Logitech MX Master 3,Perifericos,1,95600
13973,2025-06-05,CLI-0293,Auriculares Sony XM5,Audio,4,219630
13974,2025-06-05,CLI-0213,Notebook ASUS VivoBook,Laptops,3,547620
13975,2025-06-05,CLI-0145,Workstation HP Z2,Desktops,1,1421690
13976,2025-06-05,CLI-0185,Soporte Laptop Ergotron,Perifericos,10,77140
13977,2025-06-05,CLI-0192,SSD NVMe Kingston 500GB,Almacenamiento,8,66130
13978,2025-06-05,CLI-0151,Repetidor WiFi Mesh,Redes,1,87490
13979,2025-06-05,CLI-0189,MacBook Air M2,Laptops,1,1258250
13980,2025-06-05,CLI-0077,Access Point Ubiquiti U6,Redes,1,291700
13981,2025-06-05,CLI-0109,Mousepad XL RGB,Perifericos,2,33170
13982,2025-06-05,CLI-0261,Access Point Ubiquiti U6,Redes,3,278660
13983,2025-06-05,CLI-0111,AirPods Pro 2,Audio,4,269280
13984,2025-06-06,CLI-0017,Adobe Creative Cloud,Software,3,84470
13985,2025-06-06,CLI-0196,Antivirus ESET 3 PCs,Software,1,44570
13986,2025-06-06,CLI-0040,"Monitor UltraWide 34""",Monitores,2,563250
13987,2025-06-06,CLI-0295,Licencia Office 365 Anual,Software,2,104350
13988,2025-06-06,CLI-0215,SSD Externo Samsung T7,Almacenamiento,3,95510
13989,2025-06-06,CLI-0271,Notebook Lenovo ThinkPad,Laptops,2,863390
13990,2025-06-09,CLI-0269,Pendrive Kingston 256GB,Almacenamiento,2,25030
13991,2025-06-09,CLI-0138,"Monitor Curvo 32"" QHD",Monitores,4,488340
13992,2025-06-09,CLI-0151,Mouse Logitech MX Master 3,Perifericos,1,103310
13993,2025-06-09,CLI-0186,"Monitor UltraWide 34""",Monitores,2,580130
13994,2025-06-09,CLI-0060,Windows 11 Pro,Software,1,122440
13995,2025-06-09,CLI-0210,Auriculares Sony XM5,Audio,1,257110
13996,2025-06-09,CLI-0287,NAS Synology DS220+,Almacenamiento,1,535520
13997,2025-06-10,CLI-0186,Antivirus ESET 3 PCs,Software,2,43870
13998,2025-06-10,CLI-0118,Soundbar LG,Audio,4,166220
13999,2025-06-10,CLI-0118,Switch Cisco 24p,Redes,4,289260
14000,2025-06-10,CLI-0065,SSD Externo Samsung T7,Almacenamiento,1,96290
14001,2025-06-10,CLI-0209,AutoCAD LT 2025,Software,2,658750
14002,2025-06-10,CLI-0071,Router TP-Link Archer,Redes,1,97250
14003,2025-06-10,CLI-0147,Soporte Laptop Ergotron,Perifericos,1,76320
14004,2025-06-10,CLI-0042,Micrófono Blue Yeti X,Audio,2,191870
14005,2025-06-10,CLI-0076,Switch Cisco 24p,Redes,2,288480
14006,2025-06-10,CLI-0102,"Monitor Samsung 24"" FHD",Monitores,5,196550
14007,2025-06-10,CLI-0008,"Monitor LG 27"" 4K",Monitores,1,382660
14008,2025-06-10,CLI-0135,Router Eero Pro 6,Redes,3,328430
14009,2025-06-10,CLI-0241,PC Escritorio Dell OptiPlex,Desktops,1,705720
14010,2025-06-10,CLI-0018,Parlante UE Boom 3,Audio,1,110190
14011,2025-06-10,CLI-0086,Notebook ASUS VivoBook,Laptops,1,504160
14012,2025-06-11,CLI-0272,AirPods Pro 2,Audio,6,252520
14013,2025-06-11,CLI-0182,Mini PC ASUS PN50,Desktops,2,483780
14014,2025-06-11,CLI-0286,Mouse Logitech MX Master 3,Perifericos,3,94700
14015,2025-06-11,CLI-0061,Soporte Laptop Ergotron,Perifericos,6,77660
14016,2025-06-11,CLI-0173,Access Point Ubiquiti U6,Redes,2,276210
14017,2025-06-11,CLI-0056,MacBook Air M2,Laptops,1,1200000
14018,2025-06-11,CLI-0182,Soundbar LG,Audio,6,165540
14019,2025-06-11,CLI-0231,Parlante UE Boom 3,Audio,1,112570
14020,2025-06-11,CLI-0245,Windows 11 Pro,Software,1,135790
14021,2025-06-12,CLI-0094,Access Point Ubiquiti U6,Redes,6,254450
14022,2025-06-12,CLI-0261,Chromebook Acer,Laptops,1,334270
14023,2025-06-12,CLI-0004,Access Point Ubiquiti U6,Redes,2,260940
14024,2025-06-12,CLI-0233,AirPods Pro 2,Audio,1,280410
14025,2025-06-12,CLI-0091,NAS Synology DS220+,Almacenamiento,3,483130
14026,2025-06-13,CLI-0144,PC Escritorio Dell OptiPlex,Desktops,1,720930
14027,2025-06-13,CLI-0253,Soporte Laptop Ergotron,Perifericos,1,80600
14028,2025-06-13,CLI-0266,Pendrive Kingston 256GB,Almacenamiento,2,26880
14029,2025-06-13,CLI-0219,Webcam Logitech C925e,Perifericos,1,110060
14030,2025-06-13,CLI-0164,"Monitor Samsung 24"" FHD",Monitores,8,180320
14031,2025-06-13,CLI-0022,"Monitor Portátil 15""",Monitores,2,209650
14032,2025-06-13,CLI-0143,Switch Cisco 24p,Redes,5,258350
14033,2025-06-13,CLI-0161,PC Escritorio Dell OptiPlex,Desktops,1,809540
14034,2025-06-13,CLI-0085,All-in-One HP 24,Desktops,1,909580
14035,2025-06-16,CLI-0250,Soundbar LG,Audio,1,155190
14036,2025-06-16,CLI-0087,Webcam Logitech C925e,Perifericos,8,111890
14037,2025-06-16,CLI-0133,Router TP-Link Archer,Redes,3,93850
14038,2025-06-16,CLI-0119,Adobe Creative Cloud,Software,1,92230
14039,2025-06-16,CLI-0050,"Monitor Portátil 15""",Monitores,2,222450
14040,2025-06-17,CLI-0261,"Monitor LG 27"" 4K",Monitores,1,384850
14041,2025-06-17,CLI-0021,SSD Externo Samsung T7,Almacenamiento,2,96400
14042,2025-06-17,CLI-0100,Notebook HP 15s,Laptops,2,530430
14043,2025-06-17,CLI-0014,Auriculares Sony XM5,Audio,1,222260
14044,2025-06-17,CLI-0293,Parlante UE Boom 3,Audio,3,103200
14045,2025-06-17,CLI-0267,Mini PC ASUS PN50,Desktops,4,509280
14046,2025-06-17,CLI-0152,All-in-One HP 24,Desktops,3,922430
14047,2025-06-17,CLI-0062,Soundbar LG,Audio,5,163930
14048,2025-06-17,CLI-0253,Teclado Apple Magic,Perifericos,1,101640
14049,2025-06-17,CLI-0071,Teclado Mecánico Keychron K2,Perifericos,3,163640
14050,2025-06-17,CLI-0060,Dock Station HP,Perifericos,4,217870
14051,2025-06-17,CLI-0114,Notebook ASUS VivoBook,Laptops,1,530290
14052,2025-06-17,CLI-0260,Soporte Laptop Ergotron,Perifericos,1,73400
14053,2025-06-18,CLI-0263,AutoCAD LT 2025,Software,4,677920
14054,2025-06-18,CLI-0162,MacBook Air M2,Laptops,2,1309550
14055,2025-06-18,CLI-0267,Mousepad XL RGB,Perifericos,1,32090
14056,2025-06-18,CLI-0286,Adobe Creative Cloud,Software,4,92400
14057,2025-06-18,CLI-0019,Licencia Office 365 Anual,Software,3,102940
14058,2025-06-18,CLI-0126,Mini PC ASUS PN50,Desktops,2,453680
14059,2025-06-19,CLI-0113,AutoCAD LT 2025,Software,1,678420
14060,2025-06-19,CLI-0241,Workstation HP Z2,Desktops,2,1312170
14061,2025-06-19,CLI-0096,Disco Externo Seagate 4TB,Almacenamiento,1,111100
14062,2025-06-19,CLI-0102,Licencia Office 365 Anual,Software,5,103710
14063,2025-06-19,CLI-0265,"Monitor Portátil 15""",Monitores,1,227420
14064,2025-06-19,CLI-0035,Disco Externo Seagate 4TB,Almacenamiento,2,126620
14065,2025-06-19,CLI-0107,"Monitor Samsung 24"" FHD",Monitores,1,188880
14066,2025-06-19,CLI-0135,Repetidor WiFi Mesh,Redes,1,84320
14067,2025-06-19,CLI-0299,Mouse Logitech MX Master 3,Perifericos,3,103990
14068,2025-06-19,CLI-0248,Pendrive Kingston 256GB,Almacenamiento,3,26240
14069,2025-06-20,CLI-0093,Hub USB-C Anker,Perifericos,5,56640
14070,2025-06-20,CLI-0150,Adobe Creative Cloud,Software,2,93090
14071,2025-06-20,CLI-0201,Router TP-Link Archer,Redes,1,104960
14072,2025-06-20,CLI-0247,Webcam Logitech C925e,Perifericos,1,116600
14073,2025-06-20,CLI-0058,Webcam Logitech C925e,Perifericos,2,100450
14074,2025-06-20,CLI-0229,Mousepad XL RGB,Perifericos,1,31930
14075,2025-06-20,CLI-0218,All-in-One HP 24,Desktops,1,904050
14076,2025-06-20,CLI-0164,Adobe Creative Cloud,Software,1,90300
14077,2025-06-20,CLI-0204,Mini PC ASUS PN50,Desktops,4,455890
14078,2025-06-20,CLI-0248,Disco Externo Seagate 4TB,Almacenamiento,2,121430
14079,2025-06-20,CLI-0121,Notebook Dell Inspiron,Laptops,1,634250
14080,2025-06-20,CLI-0260,"Monitor Portátil 15""",Monitores,5,216750
14081,2025-06-20,CLI-0210,Notebook Lenovo ThinkPad,Laptops,2,883830
14082,2025-06-20,CLI-0166,Teclado Apple Magic,Perifericos,3,100730
14083,2025-06-20,CLI-0211,Headset Logitech G535,Audio,4,91080
14084,2025-06-23,CLI-0218,Headset Logitech G535,Audio,1,90410
14085,2025-06-23,CLI-0028,Teclado Mecánico Keychron K2,Perifericos,2,168150
14086,2025-06-23,CLI-0113,Soporte Laptop Ergotron,Perifericos,3,76530
14087,2025-06-23,CLI-0024,Hub USB-C Anker,Perifericos,2,61800
14088,2025-06-23,CLI-0114,Switch Cisco 24p,Redes,5,253340
14089,2025-06-23,CLI-0275,"Monitor Portátil 15""",Monitores,4,234190
14090,2025-06-23,CLI-0057,Repetidor WiFi Mesh,Redes,2,93650
14091,2025-06-23,CLI-0067,Router TP-Link Archer,Redes,2,97090
14092,2025-06-23,CLI-0011,AirPods Pro 2,Audio,1,287130
14093,2025-06-23,CLI-0171,Dock Station HP,Perifericos,4,197680
14094,2025-06-23,CLI-0284,Notebook ASUS VivoBook,Laptops,3,529320
14095,2025-06-23,CLI-0266,"Monitor Portátil 15""",Monitores,1,230160
14096,2025-06-23,CLI-0102,"Monitor LG 27"" 4K",Monitores,4,398860
14097,2025-06-24,CLI-0203,"Monitor UltraWide 34""",Monitores,1,588520
14098,2025-06-24,CLI-0083,Auriculares Sony XM5,Audio,1,242710
14099,2025-06-24,CLI-0111,Router Eero Pro 6,Redes,3,339040
14100,2025-06-24,CLI-0007,MacBook Air M2,Laptops,5,1315400
14101,2025-06-24,CLI-0270,PC Escritorio Dell OptiPlex,Desktops,2,760550
14102,2025-06-24,CLI-0249,MacBook Air M2,Laptops,1,1349260
14103,2025-06-24,CLI-0155,Notebook Dell Inspiron,Laptops,1,694780
14104,2025-06-24,CLI-0127,MacBook Air M2,Laptops,1,1370810
14105,2025-06-24,CLI-0064,AirPods Pro 2,Audio,3,252250
14106,2025-06-24,CLI-0068,Teclado Mecánico Keychron K2,Perifericos,5,169380
14107,2025-06-24,CLI-0040,Notebook ASUS VivoBook,Laptops,2,511060
14108,2025-06-25,CLI-0213,Notebook Dell Inspiron,Laptops,1,693780
14109,2025-06-25,CLI-0278,Router TP-Link Archer,Redes,6,103040
14110,2025-06-25,CLI-0049,Access Point Ubiquiti U6,Redes,4,280830
14111,2025-06-25,CLI-0100,Router TP-Link Archer,Redes,5,92550
14112,2025-06-25,CLI-0166,Parlante UE Boom 3,Audio,2,106170
14113,2025-06-25,CLI-0012,Hub USB-C Anker,Perifericos,1,56400
14114,2025-06-25,CLI-0104,PC Escritorio Dell OptiPlex,Desktops,1,782180
14115,2025-06-25,CLI-0296,SSD NVMe Kingston 500GB,Almacenamiento,1,62470
14116,2025-06-26,CLI-0220,Chromebook Acer,Laptops,1,309780
14117,2025-06-26,CLI-0209,Router Eero Pro 6,Redes,1,319080
14118,2025-06-26,CLI-0146,Windows 11 Pro,Software,2,126710
14119,2025-06-26,CLI-0126,AirPods Pro 2,Audio,1,261290
14120,2025-06-26,CLI-0255,Headset Logitech G535,Audio,8,98690
14121,2025-06-26,CLI-0280,PC Escritorio Dell OptiPlex,Desktops,2,754900
14122,2025-06-26,CLI-0296,Notebook Dell Inspiron,Laptops,1,714580
14123,2025-06-26,CLI-0119,Soundbar LG,Audio,1,174230
14124,2025-06-26,CLI-0289,PC Escritorio Dell OptiPlex,Desktops,3,725400
14125,2025-06-26,CLI-0171,Workstation HP Z2,Desktops,4,1320240
14126,2025-06-27,CLI-0043,PC Escritorio Dell OptiPlex,Desktops,2,798470
14127,2025-06-27,CLI-0107,Disco Externo Seagate 4TB,Almacenamiento,2,120890
14128,2025-06-27,CLI-0043,Workstation HP Z2,Desktops,2,1413590
14129,2025-06-27,CLI-0243,Pendrive Kingston 256GB,Almacenamiento,3,27350
14130,2025-06-27,CLI-0291,"Monitor UltraWide 34""",Monitores,1,573100
14131,2025-06-30,CLI-0253,Teclado Apple Magic,Perifericos,2,103200
14132,2025-06-30,CLI-0173,Workstation HP Z2,Desktops,1,1441430
14133,2025-06-30,CLI-0290,Router TP-Link Archer,Redes,2,94350
14134,2025-06-30,CLI-0003,Teclado Mecánico Keychron K2,Perifericos,3,152830
14135,2025-06-30,CLI-0288,Disco Externo Seagate 4TB,Almacenamiento,2,112750
14136,2025-06-30,CLI-0161,Antivirus ESET 3 PCs,Software,1,41070
14137,2025-06-30,CLI-0237,SSD NVMe Kingston 500GB,Almacenamiento,2,64860
14138,2025-06-30,CLI-0042,PC Escritorio Dell OptiPlex,Desktops,2,772540
14139,2025-07-01,CLI-0040,AirPods Pro 2,Audio,1,262050
14140,2025-07-01,CLI-0007,"Monitor LG 27"" 4K",Monitores,2,360620
14141,2025-07-01,CLI-0063,"Monitor LG 27"" 4K",Monitores,1,402410
14142,2025-07-01,CLI-0059,MacBook Air M2,Laptops,5,1221110
14143,2025-07-01,CLI-0254,"Monitor LG 27"" 4K",Monitores,3,409960
14144,2025-07-01,CLI-0269,Disco Externo Seagate 4TB,Almacenamiento,1,121590
14145,2025-07-01,CLI-0281,Micrófono Blue Yeti X,Audio,1,207680
14146,2025-07-01,CLI-0152,All-in-One HP 24,Desktops,2,920450
14147,2025-07-02,CLI-0151,AutoCAD LT 2025,Software,1,688860
14148,2025-07-02,CLI-0166,Repetidor WiFi Mesh,Redes,5,80600
14149,2025-07-02,CLI-0289,Antivirus ESET 3 PCs,Software,1,41070
14150,2025-07-02,CLI-0149,Pendrive Kingston 256GB,Almacenamiento,3,28540
14151,2025-07-02,CLI-0191,Pendrive Kingston 256GB,Almacenamiento,2,27090
14152,2025-07-03,CLI-0242,SSD Samsung 970 EVO 1TB,Almacenamiento,1,125850
14153,2025-07-03,CLI-0170,Mini PC ASUS PN50,Desktops,1,497910
14154,2025-07-03,CLI-0243,Notebook HP 15s,Laptops,1,605230
14155,2025-07-03,CLI-0092,Workstation HP Z2,Desktops,2,1479830
14156,2025-07-03,CLI-0003,Hub USB-C Anker,Perifericos,3,63480
14157,2025-07-03,CLI-0103,Windows 11 Pro,Software,1,126460
14158,2025-07-03,CLI-0235,Soporte Laptop Ergotron,Perifericos,1,75870
14159,2025-07-03,CLI-0240,Router TP-Link Archer,Redes,1,90390
14160,2025-07-04,CLI-0180,Licencia Office 365 Anual,Software,2,95100
14161,2025-07-04,CLI-0116,Dock Station HP,Perifericos,3,198780
14162,2025-07-04,CLI-0099,Teclado Mecánico Keychron K2,Perifericos,1,157410
14163,2025-07-04,CLI-0219,Access Point Ubiquiti U6,Redes,3,274790
14164,2025-07-04,CLI-0189,Repetidor WiFi Mesh,Redes,4,83560
14165,2025-07-04,CLI-0131,Router Eero Pro 6,Redes,2,321430
14166,2025-07-04,CLI-0104,Notebook ASUS VivoBook,Laptops,2,525040
14167,2025-07-04,CLI-0053,"Monitor Portátil 15""",Monitores,1,229710
14168,2025-07-04,CLI-0135,Switch Cisco 24p,Redes,1,280890
14169,2025-07-07,CLI-0268,Access Point Ubiquiti U6,Redes,3,279790
14170,2025-07-07,CLI-0197,Soporte Laptop Ergotron,Perifericos,2,74680
14171,2025-07-07,CLI-0142,Repetidor WiFi Mesh,Redes,3,89310
14172,2025-07-07,CLI-0243,"Monitor Portátil 15""",Monitores,1,212650
14173,2025-07-07,CLI-0119,"Monitor Portátil 15""",Monitores,1,216450
14174,2025-07-08,CLI-0076,Workstation HP Z2,Desktops,1,1373650
14175,2025-07-08,CLI-0001,Mousepad XL RGB,Perifericos,1,30150
14176,2025-07-08,CLI-0027,Mini PC ASUS PN50,Desktops,2,463460
14177,2025-07-08,CLI-0226,Parlante UE Boom 3,Audio,3,108950
14178,2025-07-08,CLI-0168,Hub USB-C Anker,Perifericos,2,58120
14179,2025-07-08,CLI-0061,Mouse Logitech MX Master 3,Perifericos,2,101140
14180,2025-07-09,CLI-0194,AirPods Pro 2,Audio,3,283640
14181,2025-07-09,CLI-0182,Hub USB-C Anker,Perifericos,4,58450
14182,2025-07-09,CLI-0163,Pendrive Kingston 256GB,Almacenamiento,1,25760
14183,2025-07-09,CLI-0110,"Monitor LG 27"" 4K",Monitores,8,391620
14184,2025-07-09,CLI-0143,Workstation HP Z2,Desktops,4,1417190
14185,2025-07-09,CLI-0287,Soundbar LG,Audio,2,164520
14186,2025-07-09,CLI-0129,AutoCAD LT 2025,Software,1,688250
14187,2025-07-09,CLI-0223,Antivirus ESET 3 PCs,Software,1,42450
14188,2025-07-09,CLI-0013,Auriculares Sony XM5,Audio,5,246200
14189,2025-07-09,CLI-0178,Parlante UE Boom 3,Audio,1,106660
14190,2025-07-10,CLI-0287,"Monitor Curvo 32"" QHD",Monitores,1,496820
14191,2025-07-10,CLI-0092,Notebook HP 15s,Laptops,1,606890
14192,2025-07-10,CLI-0185,Pendrive Kingston 256GB,Almacenamiento,1,28810
14193,2025-07-10,CLI-0159,Soporte Laptop Ergotron,Perifericos,1,80180
14194,2025-07-10,CLI-0189,Teclado Apple Magic,Perifericos,2,108210
14195,2025-07-10,CLI-0007,Router TP-Link Archer,Redes,1,92110
14196,2025-07-10,CLI-0141,Antivirus ESET 3 PCs,Software,2,44070
14197,2025-07-10,CLI-0023,Windows 11 Pro,Software,3,123600
14198,2025-07-10,CLI-0141,Licencia Office 365 Anual,Software,1,91200
14199,2025-07-11,CLI-0293,Notebook Dell Inspiron,Laptops,5,628070
14200,2025-07-11,CLI-0242,Router TP-Link Archer,Redes,3,92700
14201,2025-07-11,CLI-0252,"Monitor Samsung 24"" FHD",Monitores,2,194870
14202,2025-07-11,CLI-0280,PC Escritorio Dell OptiPlex,Desktops,1,792760
14203,2025-07-11,CLI-0015,Repetidor WiFi Mesh,Redes,6,93450
14204,2025-07-11,CLI-0079,"Monitor Samsung 24"" FHD",Monitores,5,199490
14205,2025-07-11,CLI-0068,Chromebook Acer,Laptops,2,347570
14206,2025-07-11,CLI-0062,Notebook Lenovo ThinkPad,Laptops,2,872070
14207,2025-07-11,CLI-0032,Mousepad XL RGB,Perifericos,1,34670
14208,2025-07-14,CLI-0279,Teclado Mecánico Keychron K2,Perifericos,12,150950
14209,2025-07-14,CLI-0100,Antivirus ESET 3 PCs,Software,2,47040
14210,2025-07-14,CLI-0009,Soporte Laptop Ergotron,Perifericos,4,80890
14211,2025-07-14,CLI-0163,"Monitor LG 27"" 4K",Monitores,6,406660
14212,2025-07-14,CLI-0188,Pendrive Kingston 256GB,Almacenamiento,1,26300
14213,2025-07-14,CLI-0207,Micrófono Blue Yeti X,Audio,4,197810
14214,2025-07-14,CLI-0032,Notebook ASUS VivoBook,Laptops,1,506210
14215,2025-07-14,CLI-0257,Workstation HP Z2,Desktops,3,1406410
14216,2025-07-15,CLI-0043,"Monitor Samsung 24"" FHD",Monitores,2,178360
14217,2025-07-15,CLI-0142,Router TP-Link Archer,Redes,1,98120
14218,2025-07-15,CLI-0259,Micrófono Blue Yeti X,Audio,1,204830
14219,2025-07-15,CLI-0002,Hub USB-C Anker,Perifericos,1,60370
14220,2025-07-15,CLI-0180,All-in-One HP 24,Desktops,1,920690
14221,2025-07-15,CLI-0291,Windows 11 Pro,Software,1,125040
14222,2025-07-16,CLI-0238,Chromebook Acer,Laptops,1,330680
14223,2025-07-16,CLI-0047,"Monitor Samsung 24"" FHD",Monitores,3,194430
14224,2025-07-17,CLI-0096,Mousepad XL RGB,Perifericos,2,30790
14225,2025-07-17,CLI-0011,"Monitor LG 27"" 4K",Monitores,4,407040
14226,2025-07-17,CLI-0112,Licencia Office 365 Anual,Software,1,91030
14227,2025-07-17,CLI-0042,Mouse Logitech MX Master 3,Perifericos,1,90440
14228,2025-07-17,CLI-0098,Mini PC ASUS PN50,Desktops,1,465610
14229,2025-07-17,CLI-0195,Webcam Logitech C925e,Perifericos,1,114410
14230,2025-07-17,CLI-0072,Switch Cisco 24p,Redes,1,273510
14231,2025-07-17,CLI-0116,"Monitor Curvo 32"" QHD",Monitores,1,500370
14232,2025-07-17,CLI-0103,"Monitor Samsung 24"" FHD",Monitores,10,181070
14233,2025-07-18,CLI-0133,Windows 11 Pro,Software,2,122330
14234,2025-07-18,CLI-0048,Disco Externo Seagate 4TB,Almacenamiento,1,125650
14235,2025-07-18,CLI-0187,Dock Station HP,Perifericos,4,206810
14236,2025-07-18,CLI-0268,Soundbar LG,Audio,4,156730
14237,2025-07-18,CLI-0088,MacBook Air M2,Laptops,8,1276310
14238,2025-07-21,CLI-0300,AirPods Pro 2,Audio,1,274130
14239,2025-07-21,CLI-0292,"Monitor Portátil 15""",Monitores,15,222810
14240,2025-07-21,CLI-0223,Dock Station HP,Perifericos,3,195150
14241,2025-07-21,CLI-0148,"Monitor Portátil 15""",Monitores,1,219830
14242,2025-07-21,CLI-0258,Router Eero Pro 6,Redes,4,311180
14243,2025-07-21,CLI-0138,Chromebook Acer,Laptops,2,345020
14244,2025-07-21,CLI-0108,Teclado Apple Magic,Perifericos,1,114830
14245,2025-07-22,CLI-0134,MacBook Air M2,Laptops,6,1402590
14246,2025-07-22,CLI-0265,Adobe Creative Cloud,Software,3,85960
14247,2025-07-22,CLI-0244,Mini PC ASUS PN50,Desktops,2,511100
14248,2025-07-22,CLI-0166,Auriculares Sony XM5,Audio,2,235440
14249,2025-07-22,CLI-0018,Mousepad XL RGB,Perifericos,3,30760
14250,2025-07-22,CLI-0184,Notebook HP 15s,Laptops,1,611260
14251,2025-07-22,CLI-0244,Soporte Laptop Ergotron,Perifericos,1,70190
14252,2025-07-22,CLI-0052,"Monitor Samsung 24"" FHD",Monitores,6,172120
14253,2025-07-23,CLI-0157,"Monitor LG 27"" 4K",Monitores,2,383610
14254,2025-07-23,CLI-0096,Notebook Dell Inspiron,Laptops,2,634340
14255,2025-07-23,CLI-0234,Access Point Ubiquiti U6,Redes,2,263220
14256,2025-07-23,CLI-0223,Headset Logitech G535,Audio,2,100300
14257,2025-07-23,CLI-0125,Teclado Apple Magic,Perifericos,3,112910
14258,2025-07-23,CLI-0173,SSD NVMe Kingston 500GB,Almacenamiento,3,62910
14259,2025-07-24,CLI-0154,MacBook Air M2,Laptops,10,1223420
14260,2025-07-24,CLI-0120,NAS Synology DS220+,Almacenamiento,1,534920
14261,2025-07-24,CLI-0219,Teclado Mecánico Keychron K2,Perifericos,8,166420
14262,2025-07-24,CLI-0206,Access Point Ubiquiti U6,Redes,1,279040
14263,2025-07-24,CLI-0263,"Monitor LG 27"" 4K",Monitores,6,398170
14264,2025-07-24,CLI-0269,"Monitor Curvo 32"" QHD",Monitores,8,476860
14265,2025-07-24,CLI-0291,Mini PC ASUS PN50,Desktops,1,523330
14266,2025-07-25,CLI-0171,Notebook Lenovo ThinkPad,Laptops,10,852950
14267,2025-07-25,CLI-0159,Workstation HP Z2,Desktops,4,1514820
14268,2025-07-25,CLI-0235,Headset Logitech G535,Audio,1,101060
14269,2025-07-25,CLI-0001,Adobe Creative Cloud,Software,1,88050
14270,2025-07-25,CLI-0089,Hub USB-C Anker,Perifericos,1,58420
14271,2025-07-25,CLI-0095,Mouse Logitech MX Master 3,Perifericos,5,99200
14272,2025-07-25,CLI-0224,Chromebook Acer,Laptops,3,347480
14273,2025-07-25,CLI-0079,AutoCAD LT 2025,Software,2,669930
14274,2025-07-28,CLI-0192,Notebook HP 15s,Laptops,2,571290
14275,2025-07-28,CLI-0177,PC Escritorio Dell OptiPlex,Desktops,2,706430
14276,2025-07-28,CLI-0202,Windows 11 Pro,Software,1,131370
14277,2025-07-28,CLI-0242,Adobe Creative Cloud,Software,1,91530
14278,2025-07-28,CLI-0238,Mouse Logitech MX Master 3,Perifericos,4,100610
14279,2025-07-28,CLI-0050,AirPods Pro 2,Audio,1,259340
14280,2025-07-28,CLI-0069,Headset Logitech G535,Audio,4,101670
14281,2025-07-28,CLI-0145,AutoCAD LT 2025,Software,3,676950
14282,2025-07-28,CLI-0218,Router TP-Link Archer,Redes,1,94360
14283,2025-07-28,CLI-0037,Dock Station HP,Perifericos,2,211160
14284,2025-07-28,CLI-0014,"Monitor UltraWide 34""",Monitores,5,610130
14285,2025-07-28,CLI-0092,Mouse Logitech MX Master 3,Perifericos,1,103420
14286,2025-07-29,CLI-0175,NAS Synology DS220+,Almacenamiento,4,493780
14287,2025-07-29,CLI-0204,Notebook ASUS VivoBook,Laptops,3,509010
14288,2025-07-29,CLI-0071,Disco Externo Seagate 4TB,Almacenamiento,1,129280
14289,2025-07-29,CLI-0109,Hub USB-C Anker,Perifericos,2,60000
14290,2025-07-29,CLI-0174,AirPods Pro 2,Audio,3,272420
14291,2025-07-30,CLI-0218,Workstation HP Z2,Desktops,1,1495450
14292,2025-07-30,CLI-0199,AutoCAD LT 2025,Software,4,605050
14293,2025-07-30,CLI-0018,Teclado Apple Magic,Perifericos,8,113350
14294,2025-07-30,CLI-0216,"Monitor Samsung 24"" FHD",Monitores,1,181790
14295,2025-07-30,CLI-0265,PC Escritorio Dell OptiPlex,Desktops,2,775040
14296,2025-07-30,CLI-0043,Dock Station HP,Perifericos,3,198730
14297,2025-07-31,CLI-0052,Antivirus ESET 3 PCs,Software,5,43660
14298,2025-07-31,CLI-0007,"Monitor LG 27"" 4K",Monitores,1,357890
14299,2025-07-31,CLI-0295,NAS Synology DS220+,Almacenamiento,1,521980
14300,2025-07-31,CLI-0233,Notebook HP 15s,Laptops,2,560280
14301,2025-07-31,CLI-0206,Parlante UE Boom 3,Audio,4,108160
14302,2025-07-31,CLI-0156,Parlante UE Boom 3,Audio,1,107830
14303,2025-07-31,CLI-0060,Router TP-Link Archer,Redes,4,104490
14304,2025-07-31,CLI-0231,NAS Synology DS220+,Almacenamiento,1,522350
14305,2025-08-01,CLI-0243,Soporte Laptop Ergotron,Perifericos,5,74830
14306,2025-08-01,CLI-0187,All-in-One HP 24,Desktops,4,816430
14307,2025-08-01,CLI-0218,SSD Externo Samsung T7,Almacenamiento,3,97290
14308,2025-08-01,CLI-0041,Workstation HP Z2,Desktops,1,1461910
14309,2025-08-01,CLI-0133,"Monitor Curvo 32"" QHD",Monitores,2,519400
14310,2025-08-01,CLI-0233,Parlante UE Boom 3,Audio,1,110640
14311,2025-08-01,CLI-0145,MacBook Air M2,Laptops,1,1343440
14312,2025-08-01,CLI-0251,SSD Samsung 970 EVO 1TB,Almacenamiento,1,124600
14313,2025-08-01,CLI-0190,Teclado Apple Magic,Perifericos,2,101380
14314,2025-08-01,CLI-0152,Notebook Dell Inspiron,Laptops,2,710570
14315,2025-08-01,CLI-0092,Webcam Logitech C925e,Perifericos,1,103660
14316,2025-08-01,CLI-0009,Soundbar LG,Audio,1,153500
14317,2025-08-01,CLI-0019,Router TP-Link Archer,Redes,1,105440
14318,2025-08-04,CLI-0019,SSD Externo Samsung T7,Almacenamiento,3,96630
14319,2025-08-04,CLI-0128,"Monitor Samsung 24"" FHD",Monitores,1,196060
14320,2025-08-04,CLI-0049,Mini PC ASUS PN50,Desktops,3,469460
14321,2025-08-04,CLI-0253,Parlante UE Boom 3,Audio,6,108250
14322,2025-08-04,CLI-0177,SSD Samsung 970 EVO 1TB,Almacenamiento,3,128380
14323,2025-08-04,CLI-0125,Pendrive Kingston 256GB,Almacenamiento,2,29170
14324,2025-08-04,CLI-0021,Notebook ASUS VivoBook,Laptops,1,549200
14325,2025-08-04,CLI-0020,Workstation HP Z2,Desktops,2,1457850
14326,2025-08-04,CLI-0052,AirPods Pro 2,Audio,2,256690
14327,2025-08-04,CLI-0041,Soporte Laptop Ergotron,Perifericos,6,76420
14328,2025-08-04,CLI-0155,Parlante UE Boom 3,Audio,2,105030
14329,2025-08-04,CLI-0095,Teclado Apple Magic,Perifericos,3,116230
14330,2025-08-04,CLI-0041,Parlante UE Boom 3,Audio,10,103150
14331,2025-08-04,CLI-0099,Switch Cisco 24p,Redes,1,254220
14332,2025-08-04,CLI-0156,Repetidor WiFi Mesh,Redes,2,90450
14333,2025-08-04,CLI-0125,Windows 11 Pro,Software,4,130410
14334,2025-08-04,CLI-0192,Switch Cisco 24p,Redes,2,288560
14335,2025-08-04,CLI-0224,Teclado Mecánico Keychron K2,Perifericos,3,153060
14336,2025-08-05,CLI-0096,Teclado Mecánico Keychron K2,Perifericos,2,151840
14337,2025-08-05,CLI-0024,Router TP-Link Archer,Redes,1,97930
14338,2025-08-05,CLI-0093,AutoCAD LT 2025,Software,1,627690
14339,2025-08-05,CLI-0003,Micrófono Blue Yeti X,Audio,1,211160
14340,2025-08-05,CLI-0213,Adobe Creative Cloud,Software,1,80940
14341,2025-08-05,CLI-0137,SSD Samsung 970 EVO 1TB,Almacenamiento,2,121620
14342,2025-08-05,CLI-0163,PC Escritorio Dell OptiPlex,Desktops,1,794350
14343,2025-08-05,CLI-0010,Mousepad XL RGB,Perifericos,1,31320
14344,2025-08-05,CLI-0148,Router TP-Link Archer,Redes,4,101010
14345,2025-08-05,CLI-0216,Licencia Office 365 Anual,Software,2,102480
14346,2025-08-05,CLI-0278,AirPods Pro 2,Audio,2,254440
14347,2025-08-05,CLI-0286,Notebook HP 15s,Laptops,1,605390
14348,2025-08-05,CLI-0164,Dock Station HP,Perifericos,4,200330
14349,2025-08-06,CLI-0078,SSD Samsung 970 EVO 1TB,Almacenamiento,5,138510
14350,2025-08-06,CLI-0256,"Monitor Portátil 15""",Monitores,2,221120
14351,2025-08-06,CLI-0088,AutoCAD LT 2025,Software,1,657480
14352,2025-08-06,CLI-0207,MacBook Air M2,Laptops,3,1412500
14353,2025-08-06,CLI-0293,Chromebook Acer,Laptops,3,319790
14354,2025-08-06,CLI-0288,Dock Station HP,Perifericos,1,221050
14355,2025-08-06,CLI-0272,Auriculares Sony XM5,Audio,1,249360
14356,2025-08-06,CLI-0162,Soundbar LG,Audio,3,175500
14357,2025-08-06,CLI-0016,Workstation HP Z2,Desktops,3,1516370
14358,2025-08-07,CLI-0086,Repetidor WiFi Mesh,Redes,1,94110
14359,2025-08-07,CLI-0221,Micrófono Blue Yeti X,Audio,15,198200
14360,2025-08-07,CLI-0012,Webcam Logitech C925e,Perifericos,2,109480
14361,2025-08-07,CLI-0252,Mouse Logitech MX Master 3,Perifericos,1,98880
14362,2025-08-07,CLI-0276,Mini PC ASUS PN50,Desktops,1,466080
14363,2025-08-07,CLI-0064,PC Escritorio Dell OptiPlex,Desktops,1,793780
14364,2025-08-07,CLI-0109,All-in-One HP 24,Desktops,2,818370
14365,2025-08-07,CLI-0092,"Monitor LG 27"" 4K",Monitores,4,395080
14366,2025-08-07,CLI-0206,Router Eero Pro 6,Redes,2,346810
14367,2025-08-07,CLI-0112,Micrófono Blue Yeti X,Audio,6,203030
14368,2025-08-07,CLI-0143,Mousepad XL RGB,Perifericos,4,33940
14369,2025-08-08,CLI-0055,Adobe Creative Cloud,Software,5,90280
14370,2025-08-08,CLI-0163,NAS Synology DS220+,Almacenamiento,2,526080
14371,2025-08-08,CLI-0201,"Monitor UltraWide 34""",Monitores,5,605270
14372,2025-08-08,CLI-0254,SSD Samsung 970 EVO 1TB,Almacenamiento,1,135730
14373,2025-08-08,CLI-0231,"Monitor LG 27"" 4K",Monitores,6,382550
14374,2025-08-08,CLI-0091,Headset Logitech G535,Audio,1,100120
14375,2025-08-08,CLI-0273,Soporte Laptop Ergotron,Perifericos,4,73340
14376,2025-08-08,CLI-0089,AutoCAD LT 2025,Software,6,644220
14377,2025-08-08,CLI-0197,Access Point Ubiquiti U6,Redes,3,289740
14378,2025-08-08,CLI-0215,Micrófono Blue Yeti X,Audio,1,195050
14379,2025-08-08,CLI-0015,Repetidor WiFi Mesh,Redes,1,88960
14380,2025-08-08,CLI-0258,Chromebook Acer,Laptops,2,311900
14381,2025-08-08,CLI-0210,Notebook Dell Inspiron,Laptops,1,716530
14382,2025-08-08,CLI-0128,"Monitor LG 27"" 4K",Monitores,2,388090
14383,2025-08-08,CLI-0242,AutoCAD LT 2025,Software,1,646800
14384,2025-08-08,CLI-0190,Notebook Dell Inspiron,Laptops,3,651710
14385,2025-08-08,CLI-0200,Router Eero Pro 6,Redes,2,325170
14386,2025-08-11,CLI-0099,"Monitor LG 27"" 4K",Monitores,2,381370
14387,2025-08-11,CLI-0123,"Monitor Samsung 24"" FHD",Monitores,2,193470
14388,2025-08-11,CLI-0103,Mousepad XL RGB,Perifericos,1,32200
14389,2025-08-11,CLI-0034,Notebook Dell Inspiron,Laptops,1,671010
14390,2025-08-11,CLI-0237,SSD Samsung 970 EVO 1TB,Almacenamiento,1,127960
14391,2025-08-11,CLI-0228,Mouse Logitech MX Master 3,Perifericos,4,93040
14392,2025-08-11,CLI-0237,NAS Synology DS220+,Almacenamiento,3,543570
14393,2025-08-11,CLI-0170,"Monitor LG 27"" 4K",Monitores,1,406110
14394,2025-08-11,CLI-0036,Notebook HP 15s,Laptops,3,618000
14395,2025-08-11,CLI-0209,Pendrive Kingston 256GB,Almacenamiento,15,29030
14396,2025-08-11,CLI-0198,Notebook ASUS VivoBook,Laptops,4,510670
14397,2025-08-11,CLI-0134,SSD Externo Samsung T7,Almacenamiento,1,95130
14398,2025-08-11,CLI-0274,Notebook Dell Inspiron,Laptops,2,693870
14399,2025-08-11,CLI-0031,Webcam Logitech C925e,Perifericos,4,117450
14400,2025-08-11,CLI-0021,Auriculares Sony XM5,Audio,1,249640
14401,2025-08-11,CLI-0262,Licencia Office 365 Anual,Software,3,98460
14402,2025-08-11,CLI-0220,All-in-One HP 24,Desktops,1,902450
14403,2025-08-11,CLI-0135,Access Point Ubiquiti U6,Redes,3,285680
14404,2025-08-12,CLI-0058,"Monitor LG 27"" 4K",Monitores,1,379140
14405,2025-08-12,CLI-0174,Workstation HP Z2,Desktops,6,1371930
14406,2025-08-12,CLI-0248,"Monitor Portátil 15""",Monitores,1,218980
14407,2025-08-12,CLI-0169,Antivirus ESET 3 PCs,Software,3,42590
14408,2025-08-12,CLI-0235,Disco Externo Seagate 4TB,Almacenamiento,3,128970
14409,2025-08-12,CLI-0134,Soporte Laptop Ergotron,Perifericos,1,76740
14410,2025-08-12,CLI-0228,Soporte Laptop Ergotron,Perifericos,4,76300
14411,2025-08-12,CLI-0133,Switch Cisco 24p,Redes,1,267090
14412,2025-08-12,CLI-0019,Mini PC ASUS PN50,Desktops,1,503730
14413,2025-08-12,CLI-0148,Notebook Dell Inspiron,Laptops,1,681070
14414,2025-08-12,CLI-0190,Switch Cisco 24p,Redes,1,257490
14415,2025-08-12,CLI-0150,Hub USB-C Anker,Perifericos,8,63770
14416,2025-08-12,CLI-0082,Switch Cisco 24p,Redes,3,267560
14417,2025-08-12,CLI-0244,Soundbar LG,Audio,3,162470
14418,2025-08-12,CLI-0080,Windows 11 Pro,Software,1,125200
14419,2025-08-13,CLI-0150,AirPods Pro 2,Audio,1,290430
14420,2025-08-13,CLI-0117,Notebook Dell Inspiron,Laptops,5,630180
14421,2025-08-13,CLI-0299,Hub USB-C Anker,Perifericos,1,64770
14422,2025-08-13,CLI-0007,Teclado Apple Magic,Perifericos,1,113060
14423,2025-08-13,CLI-0261,Pendrive Kingston 256GB,Almacenamiento,2,26420
14424,2025-08-13,CLI-0088,Dock Station HP,Perifericos,3,198200
14425,2025-08-13,CLI-0257,Mousepad XL RGB,Perifericos,2,31770
14426,2025-08-13,CLI-0194,Disco Externo Seagate 4TB,Almacenamiento,3,127680
14427,2025-08-13,CLI-0269,SSD NVMe Kingston 500GB,Almacenamiento,1,63500
14428,2025-08-13,CLI-0195,Notebook HP 15s,Laptops,3,576890
14429,2025-08-14,CLI-0034,Soporte Laptop Ergotron,Perifericos,1,72630
14430,2025-08-14,CLI-0106,"Monitor UltraWide 34""",Monitores,1,638610
14431,2025-08-14,CLI-0062,Antivirus ESET 3 PCs,Software,1,42220
14432,2025-08-14,CLI-0256,SSD Samsung 970 EVO 1TB,Almacenamiento,2,123580
14433,2025-08-14,CLI-0007,Pendrive Kingston 256GB,Almacenamiento,6,29450
14434,2025-08-14,CLI-0104,Auriculares Sony XM5,Audio,3,229390
14435,2025-08-14,CLI-0205,Licencia Office 365 Anual,Software,1,92810
14436,2025-08-14,CLI-0169,NAS Synology DS220+,Almacenamiento,1,536190
14437,2025-08-14,CLI-0284,SSD Externo Samsung T7,Almacenamiento,5,95680
14438,2025-08-14,CLI-0276,Chromebook Acer,Laptops,10,309220
14439,2025-08-14,CLI-0029,Soundbar LG,Audio,2,166900
14440,2025-08-15,CLI-0127,Mouse Logitech MX Master 3,Perifericos,1,103480
14441,2025-08-15,CLI-0094,Windows 11 Pro,Software,8,124260
14442,2025-08-15,CLI-0126,"Monitor UltraWide 34""",Monitores,3,574070
14443,2025-08-15,CLI-0234,"Monitor Samsung 24"" FHD",Monitores,1,171320
14444,2025-08-15,CLI-0137,Router Eero Pro 6,Redes,1,329780
14445,2025-08-15,CLI-0098,Notebook ASUS VivoBook,Laptops,6,489500
14446,2025-08-18,CLI-0068,Pendrive Kingston 256GB,Almacenamiento,1,26100
14447,2025-08-18,CLI-0107,"Monitor UltraWide 34""",Monitores,1,555800
14448,2025-08-18,CLI-0298,SSD NVMe Kingston 500GB,Almacenamiento,2,68410
14449,2025-08-18,CLI-0275,Notebook Lenovo ThinkPad,Laptops,1,920910
14450,2025-08-18,CLI-0038,"Monitor Curvo 32"" QHD",Monitores,2,527960
14451,2025-08-18,CLI-0227,Chromebook Acer,Laptops,2,330290
14452,2025-08-18,CLI-0052,SSD Externo Samsung T7,Almacenamiento,2,93140
14453,2025-08-19,CLI-0250,Hub USB-C Anker,Perifericos,2,63860
14454,2025-08-19,CLI-0298,Parlante UE Boom 3,Audio,5,112830
14455,2025-08-19,CLI-0058,Soundbar LG,Audio,4,160070
14456,2025-08-19,CLI-0100,Access Point Ubiquiti U6,Redes,4,274960
14457,2025-08-19,CLI-0234,Notebook HP 15s,Laptops,1,596080
14458,2025-08-19,CLI-0209,Router TP-Link Archer,Redes,1,103000
14459,2025-08-19,CLI-0091,Soporte Laptop Ergotron,Perifericos,2,71490
14460,2025-08-19,CLI-0264,Webcam Logitech C925e,Perifericos,8,101120
14461,2025-08-19,CLI-0154,Teclado Apple Magic,Perifericos,5,102730
14462,2025-08-20,CLI-0128,Soporte Laptop Ergotron,Perifericos,1,72180
14463,2025-08-20,CLI-0288,NAS Synology DS220+,Almacenamiento,1,518120
14464,2025-08-20,CLI-0226,All-in-One HP 24,Desktops,10,867810
14465,2025-08-20,CLI-0094,Disco Externo Seagate 4TB,Almacenamiento,1,112910
14466,2025-08-20,CLI-0261,SSD NVMe Kingston 500GB,Almacenamiento,2,70070
14467,2025-08-20,CLI-0092,Notebook ASUS VivoBook,Laptops,4,522800
14468,2025-08-20,CLI-0156,PC Escritorio Dell OptiPlex,Desktops,6,752820
14469,2025-08-20,CLI-0227,Soporte Laptop Ergotron,Perifericos,3,76720
14470,2025-08-20,CLI-0276,"Monitor Samsung 24"" FHD",Monitores,1,180610
14471,2025-08-21,CLI-0056,"Monitor UltraWide 34""",Monitores,1,601750
14472,2025-08-21,CLI-0257,Hub USB-C Anker,Perifericos,1,64170
14473,2025-08-21,CLI-0272,SSD NVMe Kingston 500GB,Almacenamiento,1,69240
14474,2025-08-21,CLI-0154,Repetidor WiFi Mesh,Redes,1,91970
14475,2025-08-21,CLI-0080,Mousepad XL RGB,Perifericos,1,31400
14476,2025-08-21,CLI-0203,"Monitor LG 27"" 4K",Monitores,5,361970
14477,2025-08-21,CLI-0081,Mousepad XL RGB,Perifericos,8,33840
14478,2025-08-21,CLI-0243,Antivirus ESET 3 PCs,Software,2,43570
14479,2025-08-21,CLI-0214,Teclado Mecánico Keychron K2,Perifericos,1,169070
14480,2025-08-21,CLI-0135,SSD NVMe Kingston 500GB,Almacenamiento,8,68430
14481,2025-08-21,CLI-0156,Auriculares Sony XM5,Audio,1,233000
14482,2025-08-21,CLI-0171,Dock Station HP,Perifericos,4,200870
14483,2025-08-21,CLI-0162,Soundbar LG,Audio,1,164000
14484,2025-08-21,CLI-0289,Headset Logitech G535,Audio,4,94970
14485,2025-08-22,CLI-0003,Headset Logitech G535,Audio,1,98700
14486,2025-08-22,CLI-0210,Dock Station HP,Perifericos,3,215120
14487,2025-08-22,CLI-0072,SSD Samsung 970 EVO 1TB,Almacenamiento,4,125610
14488,2025-08-22,CLI-0010,"Monitor Curvo 32"" QHD",Monitores,1,511570
14489,2025-08-22,CLI-0132,Webcam Logitech C925e,Perifericos,4,113260
14490,2025-08-22,CLI-0013,Mousepad XL RGB,Perifericos,2,31610
14491,2025-08-22,CLI-0196,Mousepad XL RGB,Perifericos,2,33130
14492,2025-08-22,CLI-0103,"Monitor Portátil 15""",Monitores,2,231440
14493,2025-08-22,CLI-0226,Teclado Mecánico Keychron K2,Perifericos,1,157660
14494,2025-08-22,CLI-0125,"Monitor LG 27"" 4K",Monitores,1,397710
14495,2025-08-25,CLI-0246,Access Point Ubiquiti U6,Redes,2,295280
14496,2025-08-25,CLI-0024,Adobe Creative Cloud,Software,1,88550
14497,2025-08-25,CLI-0250,Mouse Logitech MX Master 3,Perifericos,1,92470
14498,2025-08-25,CLI-0193,Notebook Lenovo ThinkPad,Laptops,1,863050
14499,2025-08-25,CLI-0176,Teclado Mecánico Keychron K2,Perifericos,2,171870
14500,2025-08-25,CLI-0225,Webcam Logitech C925e,Perifericos,1,108150
14501,2025-08-25,CLI-0069,Notebook ASUS VivoBook,Laptops,1,493790
14502,2025-08-25,CLI-0212,Workstation HP Z2,Desktops,5,1388800
14503,2025-08-25,CLI-0154,Switch Cisco 24p,Redes,1,285010
14504,2025-08-26,CLI-0046,Soundbar LG,Audio,1,170410
14505,2025-08-26,CLI-0294,SSD Externo Samsung T7,Almacenamiento,4,106010
14506,2025-08-26,CLI-0134,Router Eero Pro 6,Redes,2,348910
14507,2025-08-26,CLI-0150,Windows 11 Pro,Software,1,126230
14508,2025-08-26,CLI-0035,Windows 11 Pro,Software,3,134730
14509,2025-08-26,CLI-0161,Auriculares Sony XM5,Audio,6,222410
14510,2025-08-26,CLI-0229,"Monitor Portátil 15""",Monitores,1,236200
14511,2025-08-26,CLI-0240,"Monitor UltraWide 34""",Monitores,2,579210
14512,2025-08-26,CLI-0171,"Monitor Curvo 32"" QHD",Monitores,3,505730
14513,2025-08-26,CLI-0133,Teclado Apple Magic,Perifericos,2,115610
14514,2025-08-27,CLI-0012,Mini PC ASUS PN50,Desktops,1,499550
14515,2025-08-27,CLI-0211,Parlante UE Boom 3,Audio,1,116760
14516,2025-08-27,CLI-0250,Notebook Lenovo ThinkPad,Laptops,4,904970
14517,2025-08-27,CLI-0031,NAS Synology DS220+,Almacenamiento,1,532250
14518,2025-08-27,CLI-0290,Parlante UE Boom 3,Audio,15,116100
14519,2025-08-27,CLI-0259,Mousepad XL RGB,Perifericos,4,34270
14520,2025-08-27,CLI-0252,Webcam Logitech C925e,Perifericos,2,101440
14521,2025-08-27,CLI-0035,Notebook ASUS VivoBook,Laptops,2,551100
14522,2025-08-27,CLI-0286,All-in-One HP 24,Desktops,2,812450
14523,2025-08-27,CLI-0263,Chromebook Acer,Laptops,2,333150
14524,2025-08-28,CLI-0240,Repetidor WiFi Mesh,Redes,3,82660
14525,2025-08-28,CLI-0098,Notebook ASUS VivoBook,Laptops,4,488240
14526,2025-08-28,CLI-0221,Teclado Mecánico Keychron K2,Perifericos,2,170860
14527,2025-08-28,CLI-0078,Antivirus ESET 3 PCs,Software,1,41330
14528,2025-08-28,CLI-0094,Antivirus ESET 3 PCs,Software,2,43570
14529,2025-08-28,CLI-0233,Pendrive Kingston 256GB,Almacenamiento,4,28380
14530,2025-08-28,CLI-0222,Notebook Dell Inspiron,Laptops,2,695320
14531,2025-08-28,CLI-0151,Notebook HP 15s,Laptops,3,553470
14532,2025-08-28,CLI-0200,Notebook Dell Inspiron,Laptops,1,657590
14533,2025-08-28,CLI-0166,Parlante UE Boom 3,Audio,1,117700
14534,2025-08-28,CLI-0115,Access Point Ubiquiti U6,Redes,3,271490
14535,2025-08-29,CLI-0168,SSD Externo Samsung T7,Almacenamiento,2,96050
14536,2025-08-29,CLI-0103,Switch Cisco 24p,Redes,6,295620
14537,2025-08-29,CLI-0296,Workstation HP Z2,Desktops,1,1378550
14538,2025-09-01,CLI-0076,"Monitor Portátil 15""",Monitores,1,237320
14539,2025-09-01,CLI-0052,Notebook Dell Inspiron,Laptops,2,704320
14540,2025-09-01,CLI-0021,Mini PC ASUS PN50,Desktops,2,459400
14541,2025-09-01,CLI-0036,Mousepad XL RGB,Perifericos,5,32720
14542,2025-09-01,CLI-0118,Adobe Creative Cloud,Software,1,83370
14543,2025-09-02,CLI-0156,"Monitor LG 27"" 4K",Monitores,2,385340
14544,2025-09-02,CLI-0139,"Monitor UltraWide 34""",Monitores,8,628500
14545,2025-09-02,CLI-0112,Dock Station HP,Perifericos,1,222110
14546,2025-09-02,CLI-0226,All-in-One HP 24,Desktops,4,844320
14547,2025-09-02,CLI-0193,Notebook Dell Inspiron,Laptops,2,728150
14548,2025-09-02,CLI-0107,AirPods Pro 2,Audio,1,275780
14549,2025-09-03,CLI-0225,Headset Logitech G535,Audio,1,104750
14550,2025-09-03,CLI-0195,Access Point Ubiquiti U6,Redes,4,263560
14551,2025-09-03,CLI-0048,"Monitor Samsung 24"" FHD",Monitores,2,197160
14552,2025-09-03,CLI-0297,Pendrive Kingston 256GB,Almacenamiento,1,25640
14553,2025-09-03,CLI-0108,All-in-One HP 24,Desktops,8,832110
14554,2025-09-03,CLI-0184,Mousepad XL RGB,Perifericos,2,32360
14555,2025-09-03,CLI-0108,Chromebook Acer,Laptops,4,348680
14556,2025-09-03,CLI-0185,SSD NVMe Kingston 500GB,Almacenamiento,1,62240
14557,2025-09-03,CLI-0058,SSD Samsung 970 EVO 1TB,Almacenamiento,1,139920
14558,2025-09-03,CLI-0195,Micrófono Blue Yeti X,Audio,2,199950
14559,2025-09-03,CLI-0052,Dock Station HP,Perifericos,1,207400
14560,2025-09-03,CLI-0159,Notebook ASUS VivoBook,Laptops,2,504810
14561,2025-09-04,CLI-0154,"Monitor UltraWide 34""",Monitores,15,612270
14562,2025-09-04,CLI-0044,Antivirus ESET 3 PCs,Software,3,44000
14563,2025-09-04,CLI-0200,SSD NVMe Kingston 500GB,Almacenamiento,1,67220
14564,2025-09-04,CLI-0141,Antivirus ESET 3 PCs,Software,6,46790
14565,2025-09-04,CLI-0024,Workstation HP Z2,Desktops,5,1475590
14566,2025-09-04,CLI-0091,Switch Cisco 24p,Redes,1,276420
14567,2025-09-04,CLI-0266,Workstation HP Z2,Desktops,1,1463210
14568,2025-09-04,CLI-0241,MacBook Air M2,Laptops,1,1342460
14569,2025-09-04,CLI-0108,Adobe Creative Cloud,Software,1,87050
14570,2025-09-05,CLI-0213,"Monitor LG 27"" 4K",Monitores,2,400860
14571,2025-09-05,CLI-0090,Pendrive Kingston 256GB,Almacenamiento,10,29550
14572,2025-09-05,CLI-0093,Auriculares Sony XM5,Audio,5,259790
14573,2025-09-05,CLI-0057,"Monitor LG 27"" 4K",Monitores,1,404750
14574,2025-09-05,CLI-0105,Hub USB-C Anker,Perifericos,2,61470
14575,2025-09-05,CLI-0192,Teclado Apple Magic,Perifericos,3,114380
14576,2025-09-05,CLI-0015,Notebook Dell Inspiron,Laptops,1,646860
14577,2025-09-05,CLI-0241,MacBook Air M2,Laptops,3,1315560
14578,2025-09-05,CLI-0074,Micrófono Blue Yeti X,Audio,1,200870
14579,2025-09-05,CLI-0194,Router TP-Link Archer,Redes,3,91130
14580,2025-09-05,CLI-0087,"Monitor LG 27"" 4K",Monitores,1,413740
14581,2025-09-08,CLI-0179,"Monitor UltraWide 34""",Monitores,1,581190
14582,2025-09-08,CLI-0034,All-in-One HP 24,Desktops,10,907160
14583,2025-09-08,CLI-0238,Micrófono Blue Yeti X,Audio,5,206810
14584,2025-09-08,CLI-0275,Soundbar LG,Audio,1,173000
14585,2025-09-08,CLI-0001,Hub USB-C Anker,Perifericos,2,65320
14586,2025-09-08,CLI-0132,Mini PC ASUS PN50,Desktops,1,483040
14587,2025-09-08,CLI-0277,Auriculares Sony XM5,Audio,8,232090
14588,2025-09-08,CLI-0050,SSD NVMe Kingston 500GB,Almacenamiento,2,63530
14589,2025-09-08,CLI-0293,"Monitor Curvo 32"" QHD",Monitores,1,462780
14590,2025-09-08,CLI-0264,Mini PC ASUS PN50,Desktops,4,486600
14591,2025-09-08,CLI-0074,"Monitor UltraWide 34""",Monitores,3,558280
14592,2025-09-08,CLI-0049,Headset Logitech G535,Audio,1,92880
14593,2025-09-08,CLI-0054,Mouse Logitech MX Master 3,Perifericos,1,95370
14594,2025-09-08,CLI-0095,Adobe Creative Cloud,Software,1,83200
14595,2025-09-09,CLI-0237,Adobe Creative Cloud,Software,2,93140
14596,2025-09-09,CLI-0265,Switch Cisco 24p,Redes,12,262720
14597,2025-09-09,CLI-0137,Mini PC ASUS PN50,Desktops,1,463990
14598,2025-09-09,CLI-0192,Adobe Creative Cloud,Software,1,81090
14599,2025-09-09,CLI-0018,AirPods Pro 2,Audio,3,284460
14600,2025-09-09,CLI-0102,"Monitor Samsung 24"" FHD",Monitores,1,179710
14601,2025-09-09,CLI-0018,Mouse Logitech MX Master 3,Perifericos,1,99140
14602,2025-09-09,CLI-0166,Notebook HP 15s,Laptops,2,546760
14603,2025-09-09,CLI-0248,Dock Station HP,Perifericos,1,225220
14604,2025-09-09,CLI-0296,Headset Logitech G535,Audio,2,93060
14605,2025-09-09,CLI-0110,SSD Samsung 970 EVO 1TB,Almacenamiento,3,130130
14606,2025-09-09,CLI-0280,Soundbar LG,Audio,1,174270
14607,2025-09-10,CLI-0144,Antivirus ESET 3 PCs,Software,4,46160
14608,2025-09-10,CLI-0173,Soporte Laptop Ergotron,Perifericos,15,74200
14609,2025-09-10,CLI-0096,Teclado Apple Magic,Perifericos,1,101240
14610,2025-09-10,CLI-0250,Router Eero Pro 6,Redes,2,326180
14611,2025-09-10,CLI-0050,Adobe Creative Cloud,Software,5,81130
14612,2025-09-10,CLI-0266,Teclado Apple Magic,Perifericos,1,117200
14613,2025-09-10,CLI-0188,Parlante UE Boom 3,Audio,3,112480
14614,2025-09-11,CLI-0279,Mini PC ASUS PN50,Desktops,1,510820
14615,2025-09-11,CLI-0235,All-in-One HP 24,Desktops,1,904950
14616,2025-09-11,CLI-0152,Mini PC ASUS PN50,Desktops,5,460180
14617,2025-09-11,CLI-0158,Soundbar LG,Audio,2,175040
14618,2025-09-11,CLI-0043,NAS Synology DS220+,Almacenamiento,1,534700
14619,2025-09-11,CLI-0262,"Monitor Curvo 32"" QHD",Monitores,1,518150
14620,2025-09-11,CLI-0114,Notebook Dell Inspiron,Laptops,1,656120
14621,2025-09-11,CLI-0182,Pendrive Kingston 256GB,Almacenamiento,2,25830
14622,2025-09-11,CLI-0078,Switch Cisco 24p,Redes,5,283900
14623,2025-09-11,CLI-0269,Notebook Lenovo ThinkPad,Laptops,4,978950
14624,2025-09-11,CLI-0186,SSD Externo Samsung T7,Almacenamiento,1,97180
14625,2025-09-12,CLI-0272,"Monitor LG 27"" 4K",Monitores,1,392890
14626,2025-09-12,CLI-0052,AutoCAD LT 2025,Software,1,617740
14627,2025-09-12,CLI-0116,Workstation HP Z2,Desktops,2,1332060
14628,2025-09-12,CLI-0218,"Monitor Curvo 32"" QHD",Monitores,1,457430
14629,2025-09-12,CLI-0206,Webcam Logitech C925e,Perifericos,1,117320
14630,2025-09-12,CLI-0268,Micrófono Blue Yeti X,Audio,6,202680
14631,2025-09-12,CLI-0240,Mousepad XL RGB,Perifericos,1,33840
14632,2025-09-15,CLI-0154,Notebook HP 15s,Laptops,1,571510
14633,2025-09-15,CLI-0285,Adobe Creative Cloud,Software,1,89390
14634,2025-09-15,CLI-0035,Notebook Lenovo ThinkPad,Laptops,3,1003620
14635,2025-09-15,CLI-0072,Workstation HP Z2,Desktops,2,1495890
14636,2025-09-15,CLI-0083,Mouse Logitech MX Master 3,Perifericos,1,97790
14637,2025-09-15,CLI-0082,Antivirus ESET 3 PCs,Software,2,42810
14638,2025-09-15,CLI-0100,Mouse Logitech MX Master 3,Perifericos,4,105060
14639,2025-09-15,CLI-0037,"Monitor UltraWide 34""",Monitores,10,569730
14640,2025-09-15,CLI-0142,Mini PC ASUS PN50,Desktops,6,522680
14641,2025-09-15,CLI-0064,Access Point Ubiquiti U6,Redes,8,264210
14642,2025-09-16,CLI-0078,"Monitor Portátil 15""",Monitores,2,232120
14643,2025-09-16,CLI-0142,Mousepad XL RGB,Perifericos,1,32290
14644,2025-09-16,CLI-0061,Pendrive Kingston 256GB,Almacenamiento,1,26700
14645,2025-09-16,CLI-0053,Licencia Office 365 Anual,Software,2,99150
14646,2025-09-16,CLI-0119,Adobe Creative Cloud,Software,2,87080
14647,2025-09-16,CLI-0064,SSD Externo Samsung T7,Almacenamiento,3,101890
14648,2025-09-16,CLI-0233,Workstation HP Z2,Desktops,1,1346980
14649,2025-09-16,CLI-0175,Teclado Mecánico Keychron K2,Perifericos,8,163290
14650,2025-09-16,CLI-0021,AirPods Pro 2,Audio,4,292220
14651,2025-09-16,CLI-0131,All-in-One HP 24,Desktops,3,814670
14652,2025-09-17,CLI-0219,Access Point Ubiquiti U6,Redes,1,292050
14653,2025-09-17,CLI-0250,Webcam Logitech C925e,Perifericos,1,111640
14654,2025-09-17,CLI-0053,Chromebook Acer,Laptops,15,347120
14655,2025-09-17,CLI-0186,Mouse Logitech MX Master 3,Perifericos,5,94600
14656,2025-09-17,CLI-0254,Windows 11 Pro,Software,10,128880
14657,2025-09-17,CLI-0216,Notebook Lenovo ThinkPad,Laptops,3,1001130
14658,2025-09-17,CLI-0144,Teclado Mecánico Keychron K2,Perifericos,6,175180
14659,2025-09-17,CLI-0261,Soporte Laptop Ergotron,Perifericos,2,77700
14660,2025-09-17,CLI-0129,Dock Station HP,Perifericos,1,208170
14661,2025-09-17,CLI-0052,Disco Externo Seagate 4TB,Almacenamiento,1,120040
14662,2025-09-18,CLI-0254,"Monitor UltraWide 34""",Monitores,2,583640
14663,2025-09-18,CLI-0137,PC Escritorio Dell OptiPlex,Desktops,15,750640
14664,2025-09-18,CLI-0250,Router Eero Pro 6,Redes,2,310090
14665,2025-09-18,CLI-0290,AirPods Pro 2,Audio,2,284750
14666,2025-09-18,CLI-0196,MacBook Air M2,Laptops,2,1331960
14667,2025-09-18,CLI-0051,Switch Cisco 24p,Redes,1,263290
14668,2025-09-18,CLI-0123,Auriculares Sony XM5,Audio,2,246750
14669,2025-09-18,CLI-0216,Headset Logitech G535,Audio,3,106580
14670,2025-09-18,CLI-0021,Dock Station HP,Perifericos,3,196360
14671,2025-09-18,CLI-0226,SSD Samsung 970 EVO 1TB,Almacenamiento,2,131110
14672,2025-09-18,CLI-0268,MacBook Air M2,Laptops,8,1318760
14673,2025-09-18,CLI-0222,Adobe Creative Cloud,Software,6,83300
14674,2025-09-18,CLI-0111,Switch Cisco 24p,Redes,1,276380
14675,2025-09-19,CLI-0169,PC Escritorio Dell OptiPlex,Desktops,1,727450
14676,2025-09-19,CLI-0212,Notebook Dell Inspiron,Laptops,3,720870
14677,2025-09-19,CLI-0130,Dock Station HP,Perifericos,4,202680
14678,2025-09-19,CLI-0177,Dock Station HP,Perifericos,10,213350
14679,2025-09-19,CLI-0128,Teclado Mecánico Keychron K2,Perifericos,2,168340
14680,2025-09-19,CLI-0025,Mousepad XL RGB,Perifericos,2,34780
14681,2025-09-19,CLI-0135,"Monitor LG 27"" 4K",Monitores,1,399770
14682,2025-09-19,CLI-0281,Antivirus ESET 3 PCs,Software,1,46390
14683,2025-09-19,CLI-0206,Dock Station HP,Perifericos,4,213180
14684,2025-09-19,CLI-0089,Disco Externo Seagate 4TB,Almacenamiento,5,120010
14685,2025-09-19,CLI-0171,Dock Station HP,Perifericos,2,205430
14686,2025-09-22,CLI-0117,Mousepad XL RGB,Perifericos,4,31030
14687,2025-09-22,CLI-0052,Chromebook Acer,Laptops,3,325970
14688,2025-09-22,CLI-0161,Repetidor WiFi Mesh,Redes,2,86430
14689,2025-09-22,CLI-0096,AirPods Pro 2,Audio,1,254510
14690,2025-09-22,CLI-0249,Dock Station HP,Perifericos,1,201470
14691,2025-09-22,CLI-0225,Auriculares Sony XM5,Audio,3,251740
14692,2025-09-22,CLI-0087,Mousepad XL RGB,Perifericos,1,33400
14693,2025-09-22,CLI-0098,Access Point Ubiquiti U6,Redes,1,288460
14694,2025-09-22,CLI-0260,Windows 11 Pro,Software,3,132890
14695,2025-09-23,CLI-0152,Router Eero Pro 6,Redes,2,335190
14696,2025-09-23,CLI-0204,Repetidor WiFi Mesh,Redes,3,86050
14697,2025-09-23,CLI-0102,Chromebook Acer,Laptops,1,306790
14698,2025-09-23,CLI-0208,Teclado Apple Magic,Perifericos,1,101340
14699,2025-09-23,CLI-0175,SSD Externo Samsung T7,Almacenamiento,1,92570
14700,2025-09-23,CLI-0069,AirPods Pro 2,Audio,1,257320
14701,2025-09-23,CLI-0151,Repetidor WiFi Mesh,Redes,2,89550
14702,2025-09-23,CLI-0043,Mousepad XL RGB,Perifericos,15,33130
14703,2025-09-23,CLI-0227,MacBook Air M2,Laptops,1,1310580
14704,2025-09-23,CLI-0080,Adobe Creative Cloud,Software,15,90690
14705,2025-09-23,CLI-0014,Disco Externo Seagate 4TB,Almacenamiento,1,111640
14706,2025-09-23,CLI-0113,Mouse Logitech MX Master 3,Perifericos,5,95360
14707,2025-09-23,CLI-0226,Antivirus ESET 3 PCs,Software,4,45940
14708,2025-09-24,CLI-0075,Notebook HP 15s,Laptops,1,543950
14709,2025-09-24,CLI-0011,Repetidor WiFi Mesh,Redes,2,92190
14710,2025-09-24,CLI-0225,Micrófono Blue Yeti X,Audio,2,221870
14711,2025-09-24,CLI-0291,"Monitor Curvo 32"" QHD",Monitores,2,488150
14712,2025-09-24,CLI-0266,Access Point Ubiquiti U6,Redes,1,263700
14713,2025-09-24,CLI-0295,AirPods Pro 2,Audio,3,254920
14714,2025-09-24,CLI-0187,Teclado Apple Magic,Perifericos,2,111590
14715,2025-09-24,CLI-0187,Mouse Logitech MX Master 3,Perifericos,1,105480
14716,2025-09-24,CLI-0183,Notebook ASUS VivoBook,Laptops,8,531700
14717,2025-09-24,CLI-0069,Mousepad XL RGB,Perifericos,5,32020
14718,2025-09-24,CLI-0127,SSD Externo Samsung T7,Almacenamiento,2,101250
14719,2025-09-24,CLI-0050,NAS Synology DS220+,Almacenamiento,3,556040
14720,2025-09-24,CLI-0275,Mousepad XL RGB,Perifericos,1,32860
14721,2025-09-24,CLI-0117,Dock Station HP,Perifericos,3,219680
14722,2025-09-24,CLI-0284,"Monitor UltraWide 34""",Monitores,2,594530
14723,2025-09-25,CLI-0295,Notebook Lenovo ThinkPad,Laptops,2,929710
14724,2025-09-25,CLI-0225,Disco Externo Seagate 4TB,Almacenamiento,2,130230
14725,2025-09-25,CLI-0034,"Monitor LG 27"" 4K",Monitores,1,386000
14726,2025-09-25,CLI-0230,Router Eero Pro 6,Redes,3,323930
14727,2025-09-25,CLI-0178,SSD NVMe Kingston 500GB,Almacenamiento,5,64880
14728,2025-09-25,CLI-0076,Notebook ASUS VivoBook,Laptops,3,520950
14729,2025-09-25,CLI-0034,Teclado Mecánico Keychron K2,Perifericos,2,161160
14730,2025-09-25,CLI-0015,Router TP-Link Archer,Redes,2,102520
14731,2025-09-26,CLI-0069,Headset Logitech G535,Audio,1,100840
14732,2025-09-26,CLI-0232,Hub USB-C Anker,Perifericos,2,56240
14733,2025-09-26,CLI-0156,Soporte Laptop Ergotron,Perifericos,1,78900
14734,2025-09-26,CLI-0261,Micrófono Blue Yeti X,Audio,1,209160
14735,2025-09-26,CLI-0277,AutoCAD LT 2025,Software,2,655030
14736,2025-09-26,CLI-0004,Repetidor WiFi Mesh,Redes,1,91080
14737,2025-09-26,CLI-0184,Access Point Ubiquiti U6,Redes,1,286350
14738,2025-09-26,CLI-0037,Repetidor WiFi Mesh,Redes,1,92860
14739,2025-09-26,CLI-0212,"Monitor LG 27"" 4K",Monitores,3,377280
14740,2025-09-29,CLI-0128,Router TP-Link Archer,Redes,4,100280
14741,2025-09-29,CLI-0092,"Monitor Samsung 24"" FHD",Monitores,1,190930
14742,2025-09-29,CLI-0254,All-in-One HP 24,Desktops,1,887810
14743,2025-09-29,CLI-0049,Headset Logitech G535,Audio,2,103310
14744,2025-09-29,CLI-0199,Micrófono Blue Yeti X,Audio,1,198620
14745,2025-09-29,CLI-0243,Mini PC ASUS PN50,Desktops,5,499400
14746,2025-09-29,CLI-0094,PC Escritorio Dell OptiPlex,Desktops,1,727870
14747,2025-09-29,CLI-0091,Parlante UE Boom 3,Audio,5,108360
14748,2025-09-30,CLI-0256,Chromebook Acer,Laptops,1,323630
14749,2025-09-30,CLI-0206,"Monitor Curvo 32"" QHD",Monitores,1,525480
14750,2025-09-30,CLI-0042,Soporte Laptop Ergotron,Perifericos,2,80350
14751,2025-09-30,CLI-0049,Pendrive Kingston 256GB,Almacenamiento,1,27600
14752,2025-09-30,CLI-0032,Router Eero Pro 6,Redes,1,353750
14753,2025-09-30,CLI-0192,PC Escritorio Dell OptiPlex,Desktops,1,760670
14754,2025-09-30,CLI-0271,Notebook HP 15s,Laptops,1,609860
14755,2025-09-30,CLI-0197,Hub USB-C Anker,Perifericos,1,57280
14756,2025-09-30,CLI-0291,Switch Cisco 24p,Redes,1,265560
14757,2025-09-30,CLI-0036,"Monitor Samsung 24"" FHD",Monitores,1,182140
14758,2025-09-30,CLI-0256,"Monitor Samsung 24"" FHD",Monitores,2,175200
14759,2025-09-30,CLI-0177,PC Escritorio Dell OptiPlex,Desktops,5,770210
14760,2025-10-01,CLI-0080,Router TP-Link Archer,Redes,1,94510
14761,2025-10-01,CLI-0091,Soundbar LG,Audio,3,155760
14762,2025-10-01,CLI-0091,NAS Synology DS220+,Almacenamiento,1,570200
14763,2025-10-01,CLI-0228,Notebook Dell Inspiron,Laptops,3,702430
14764,2025-10-01,CLI-0276,All-in-One HP 24,Desktops,4,945720
14765,2025-10-01,CLI-0160,Webcam Logitech C925e,Perifericos,1,110310
14766,2025-10-01,CLI-0093,Access Point Ubiquiti U6,Redes,2,255620
14767,2025-10-02,CLI-0052,Disco Externo Seagate 4TB,Almacenamiento,1,112110
14768,2025-10-02,CLI-0080,Repetidor WiFi Mesh,Redes,6,93500
14769,2025-10-02,CLI-0233,Adobe Creative Cloud,Software,2,90090
14770,2025-10-02,CLI-0200,Soundbar LG,Audio,8,172230
14771,2025-10-02,CLI-0284,Notebook ASUS VivoBook,Laptops,1,518830
14772,2025-10-02,CLI-0188,Workstation HP Z2,Desktops,1,1463700
14773,2025-10-02,CLI-0252,"Monitor Curvo 32"" QHD",Monitores,4,477940
14774,2025-10-02,CLI-0022,Dock Station HP,Perifericos,1,225850
14775,2025-10-02,CLI-0246,Adobe Creative Cloud,Software,3,86980
14776,2025-10-02,CLI-0051,Pendrive Kingston 256GB,Almacenamiento,1,26120
14777,2025-10-02,CLI-0165,Pendrive Kingston 256GB,Almacenamiento,2,25650
14778,2025-10-03,CLI-0273,Pendrive Kingston 256GB,Almacenamiento,1,25760
14779,2025-10-03,CLI-0280,Antivirus ESET 3 PCs,Software,1,42220
14780,2025-10-03,CLI-0165,Mini PC ASUS PN50,Desktops,2,490680
14781,2025-10-03,CLI-0102,Webcam Logitech C925e,Perifericos,8,105220
14782,2025-10-03,CLI-0219,Headset Logitech G535,Audio,2,106650
14783,2025-10-03,CLI-0043,Disco Externo Seagate 4TB,Almacenamiento,1,131180
14784,2025-10-03,CLI-0054,Mousepad XL RGB,Perifericos,2,32450
14785,2025-10-03,CLI-0200,Hub USB-C Anker,Perifericos,2,62800
14786,2025-10-06,CLI-0148,AutoCAD LT 2025,Software,3,645690
14787,2025-10-06,CLI-0271,MacBook Air M2,Laptops,1,1269420
14788,2025-10-06,CLI-0046,Hub USB-C Anker,Perifericos,6,59090
14789,2025-10-06,CLI-0293,SSD Externo Samsung T7,Almacenamiento,1,94900
14790,2025-10-06,CLI-0161,Notebook Lenovo ThinkPad,Laptops,2,880980
14791,2025-10-06,CLI-0025,Hub USB-C Anker,Perifericos,1,58020
14792,2025-10-06,CLI-0181,SSD Externo Samsung T7,Almacenamiento,1,105890
14793,2025-10-06,CLI-0223,NAS Synology DS220+,Almacenamiento,2,495190
14794,2025-10-06,CLI-0092,NAS Synology DS220+,Almacenamiento,1,515520
14795,2025-10-07,CLI-0023,"Monitor Portátil 15""",Monitores,1,221610
14796,2025-10-07,CLI-0096,"Monitor UltraWide 34""",Monitores,3,563340
14797,2025-10-07,CLI-0038,"Monitor Portátil 15""",Monitores,2,226240
14798,2025-10-07,CLI-0293,Licencia Office 365 Anual,Software,2,100450
14799,2025-10-07,CLI-0024,AirPods Pro 2,Audio,1,284240
14800,2025-10-07,CLI-0060,Webcam Logitech C925e,Perifericos,1,111680
14801,2025-10-07,CLI-0124,Adobe Creative Cloud,Software,4,87510
14802,2025-10-07,CLI-0170,"Monitor Samsung 24"" FHD",Monitores,12,183340
14803,2025-10-07,CLI-0117,Auriculares Sony XM5,Audio,6,232450
14804,2025-10-07,CLI-0206,MacBook Air M2,Laptops,1,1326000
14805,2025-10-08,CLI-0127,Repetidor WiFi Mesh,Redes,3,82210
14806,2025-10-08,CLI-0217,AutoCAD LT 2025,Software,2,679130
14807,2025-10-08,CLI-0159,"Monitor Portátil 15""",Monitores,8,217370
14808,2025-10-08,CLI-0140,Micrófono Blue Yeti X,Audio,3,220080
14809,2025-10-08,CLI-0213,Micrófono Blue Yeti X,Audio,1,224630
14810,2025-10-08,CLI-0098,Disco Externo Seagate 4TB,Almacenamiento,1,130430
14811,2025-10-08,CLI-0006,Licencia Office 365 Anual,Software,3,98260
14812,2025-10-08,CLI-0022,Windows 11 Pro,Software,4,127590
14813,2025-10-08,CLI-0066,Adobe Creative Cloud,Software,3,89920
14814,2025-10-08,CLI-0037,Licencia Office 365 Anual,Software,1,101480
14815,2025-10-08,CLI-0082,Disco Externo Seagate 4TB,Almacenamiento,1,123920
14816,2025-10-08,CLI-0275,Mousepad XL RGB,Perifericos,1,32190
14817,2025-10-09,CLI-0132,AutoCAD LT 2025,Software,3,626330
14818,2025-10-09,CLI-0204,Webcam Logitech C925e,Perifericos,2,103840
14819,2025-10-09,CLI-0146,Switch Cisco 24p,Redes,1,295080
14820,2025-10-09,CLI-0062,Headset Logitech G535,Audio,4,91700
14821,2025-10-10,CLI-0104,Chromebook Acer,Laptops,2,341870
14822,2025-10-10,CLI-0255,"Monitor Curvo 32"" QHD",Monitores,1,482690
14823,2025-10-10,CLI-0019,SSD NVMe Kingston 500GB,Almacenamiento,2,66050
14824,2025-10-10,CLI-0058,"Monitor UltraWide 34""",Monitores,1,638570
14825,2025-10-10,CLI-0199,"Monitor Samsung 24"" FHD",Monitores,1,195210
14826,2025-10-10,CLI-0035,Mouse Logitech MX Master 3,Perifericos,2,104350
14827,2025-10-10,CLI-0190,Soundbar LG,Audio,3,178660
14828,2025-10-10,CLI-0227,Router TP-Link Archer,Redes,4,97380
14829,2025-10-10,CLI-0258,"Monitor Curvo 32"" QHD",Monitores,4,516900
14830,2025-10-13,CLI-0163,MacBook Air M2,Laptops,2,1376880
14831,2025-10-13,CLI-0079,Soporte Laptop Ergotron,Perifericos,5,80430
14832,2025-10-13,CLI-0129,"Monitor Samsung 24"" FHD",Monitores,1,199430
14833,2025-10-13,CLI-0103,Antivirus ESET 3 PCs,Software,1,43120
14834,2025-10-13,CLI-0195,Workstation HP Z2,Desktops,8,1471760
14835,2025-10-13,CLI-0259,Notebook ASUS VivoBook,Laptops,1,501080
14836,2025-10-13,CLI-0100,Soporte Laptop Ergotron,Perifericos,3,78510
14837,2025-10-13,CLI-0225,Notebook Dell Inspiron,Laptops,5,712620
14838,2025-10-13,CLI-0036,Mouse Logitech MX Master 3,Perifericos,2,104070
14839,2025-10-13,CLI-0148,Router Eero Pro 6,Redes,1,327250
14840,2025-10-13,CLI-0281,Mousepad XL RGB,Perifericos,1,33190
14841,2025-10-14,CLI-0034,Micrófono Blue Yeti X,Audio,2,201890
14842,2025-10-14,CLI-0009,Repetidor WiFi Mesh,Redes,3,94220
14843,2025-10-14,CLI-0165,Auriculares Sony XM5,Audio,1,235660
14844,2025-10-14,CLI-0054,AutoCAD LT 2025,Software,1,713350
14845,2025-10-14,CLI-0196,Notebook HP 15s,Laptops,2,561410
14846,2025-10-14,CLI-0199,Switch Cisco 24p,Redes,1,286100
14847,2025-10-14,CLI-0115,Licencia Office 365 Anual,Software,1,100610
14848,2025-10-14,CLI-0280,Notebook ASUS VivoBook,Laptops,1,535700
14849,2025-10-15,CLI-0244,Switch Cisco 24p,Redes,3,294160
14850,2025-10-15,CLI-0145,AutoCAD LT 2025,Software,2,669720
14851,2025-10-15,CLI-0231,Mouse Logitech MX Master 3,Perifericos,3,92560
14852,2025-10-15,CLI-0129,Dock Station HP,Perifericos,12,202240
14853,2025-10-15,CLI-0233,SSD NVMe Kingston 500GB,Almacenamiento,6,68500
14854,2025-10-15,CLI-0079,SSD Samsung 970 EVO 1TB,Almacenamiento,2,132460
14855,2025-10-15,CLI-0185,"Monitor UltraWide 34""",Monitores,1,612460
14856,2025-10-15,CLI-0090,AirPods Pro 2,Audio,15,280510
14857,2025-10-15,CLI-0083,Auriculares Sony XM5,Audio,3,238520
14858,2025-10-15,CLI-0222,Hub USB-C Anker,Perifericos,1,63430
14859,2025-10-15,CLI-0236,Micrófono Blue Yeti X,Audio,3,217450
14860,2025-10-16,CLI-0278,"Monitor UltraWide 34""",Monitores,12,645700
14861,2025-10-16,CLI-0065,Licencia Office 365 Anual,Software,1,100960
14862,2025-10-16,CLI-0208,Micrófono Blue Yeti X,Audio,5,225630
14863,2025-10-16,CLI-0236,Soundbar LG,Audio,2,155640
14864,2025-10-16,CLI-0199,SSD Samsung 970 EVO 1TB,Almacenamiento,1,135390
14865,2025-10-16,CLI-0167,Adobe Creative Cloud,Software,1,91460
14866,2025-10-16,CLI-0272,"Monitor Portátil 15""",Monitores,1,220180
14867,2025-10-16,CLI-0098,Switch Cisco 24p,Redes,1,266880
14868,2025-10-16,CLI-0187,SSD Samsung 970 EVO 1TB,Almacenamiento,2,133650
14869,2025-10-16,CLI-0210,Auriculares Sony XM5,Audio,3,237830
14870,2025-10-16,CLI-0110,Headset Logitech G535,Audio,1,105950
14871,2025-10-16,CLI-0056,SSD Externo Samsung T7,Almacenamiento,3,97160
14872,2025-10-17,CLI-0154,Repetidor WiFi Mesh,Redes,2,86920
14873,2025-10-17,CLI-0103,"Monitor Portátil 15""",Monitores,1,206700
14874,2025-10-17,CLI-0081,Adobe Creative Cloud,Software,1,89310
14875,2025-10-17,CLI-0265,Parlante UE Boom 3,Audio,1,111160
14876,2025-10-17,CLI-0227,Notebook Dell Inspiron,Laptops,3,649270
14877,2025-10-17,CLI-0198,Switch Cisco 24p,Redes,3,280550
14878,2025-10-20,CLI-0140,AutoCAD LT 2025,Software,2,648300
14879,2025-10-20,CLI-0080,Antivirus ESET 3 PCs,Software,2,42410
14880,2025-10-20,CLI-0102,Workstation HP Z2,Desktops,2,1540200
14881,2025-10-20,CLI-0240,Mouse Logitech MX Master 3,Perifericos,5,100410
14882,2025-10-20,CLI-0067,Disco Externo Seagate 4TB,Almacenamiento,1,112340
14883,2025-10-20,CLI-0272,Licencia Office 365 Anual,Software,5,104540
14884,2025-10-20,CLI-0050,Notebook ASUS VivoBook,Laptops,1,494140
14885,2025-10-20,CLI-0005,Notebook Lenovo ThinkPad,Laptops,1,982220
14886,2025-10-20,CLI-0047,Mousepad XL RGB,Perifericos,8,34230
14887,2025-10-20,CLI-0183,"Monitor Curvo 32"" QHD",Monitores,3,534540
14888,2025-10-20,CLI-0110,Hub USB-C Anker,Perifericos,5,65290
14889,2025-10-21,CLI-0186,Repetidor WiFi Mesh,Redes,6,85800
14890,2025-10-21,CLI-0299,Soundbar LG,Audio,2,169170
14891,2025-10-21,CLI-0090,Webcam Logitech C925e,Perifericos,1,112220
14892,2025-10-21,CLI-0288,"Monitor LG 27"" 4K",Monitores,6,359170
14893,2025-10-21,CLI-0078,"Monitor LG 27"" 4K",Monitores,2,356120
14894,2025-10-21,CLI-0273,Repetidor WiFi Mesh,Redes,2,82130
14895,2025-10-21,CLI-0288,Router Eero Pro 6,Redes,3,311760
14896,2025-10-21,CLI-0144,Windows 11 Pro,Software,5,127450
14897,2025-10-22,CLI-0128,All-in-One HP 24,Desktops,3,925980
14898,2025-10-22,CLI-0076,Soundbar LG,Audio,1,174710
14899,2025-10-22,CLI-0021,Mini PC ASUS PN50,Desktops,5,515930
14900,2025-10-22,CLI-0243,AirPods Pro 2,Audio,2,271440
14901,2025-10-22,CLI-0011,Access Point Ubiquiti U6,Redes,3,292320
14902,2025-10-22,CLI-0186,Soundbar LG,Audio,2,172160
14903,2025-10-22,CLI-0094,Soundbar LG,Audio,6,172190
14904,2025-10-22,CLI-0252,Adobe Creative Cloud,Software,2,94070
14905,2025-10-22,CLI-0174,Chromebook Acer,Laptops,5,336720
14906,2025-10-22,CLI-0036,"Monitor Samsung 24"" FHD",Monitores,1,188700
14907,2025-10-22,CLI-0154,AutoCAD LT 2025,Software,1,704380
14908,2025-10-22,CLI-0077,All-in-One HP 24,Desktops,15,877550
14909,2025-10-22,CLI-0101,Licencia Office 365 Anual,Software,1,104400
14910,2025-10-22,CLI-0043,Dock Station HP,Perifericos,2,194950
14911,2025-10-22,CLI-0254,Notebook Dell Inspiron,Laptops,3,630420
14912,2025-10-23,CLI-0214,"Monitor LG 27"" 4K",Monitores,1,416230
14913,2025-10-23,CLI-0130,"Monitor Curvo 32"" QHD",Monitores,2,457900
14914,2025-10-23,CLI-0267,Notebook Dell Inspiron,Laptops,2,709000
14915,2025-10-23,CLI-0086,Notebook Lenovo ThinkPad,Laptops,3,900680
14916,2025-10-23,CLI-0157,Teclado Apple Magic,Perifericos,2,118750
14917,2025-10-23,CLI-0222,Soporte Laptop Ergotron,Perifericos,1,75870
14918,2025-10-23,CLI-0235,Adobe Creative Cloud,Software,1,81700
14919,2025-10-23,CLI-0283,MacBook Air M2,Laptops,1,1225620
14920,2025-10-23,CLI-0006,Switch Cisco 24p,Redes,1,278600
14921,2025-10-23,CLI-0195,"Monitor Curvo 32"" QHD",Monitores,6,535960
14922,2025-10-24,CLI-0195,AirPods Pro 2,Audio,1,277220
14923,2025-10-24,CLI-0139,Windows 11 Pro,Software,1,134700
14924,2025-10-24,CLI-0188,NAS Synology DS220+,Almacenamiento,5,509260
14925,2025-10-24,CLI-0218,Micrófono Blue Yeti X,Audio,3,213700
14926,2025-10-24,CLI-0068,Dock Station HP,Perifericos,3,223360
14927,2025-10-24,CLI-0283,"Monitor Curvo 32"" QHD",Monitores,2,457540
14928,2025-10-24,CLI-0137,Chromebook Acer,Laptops,6,317110
14929,2025-10-24,CLI-0044,Adobe Creative Cloud,Software,6,84290
14930,2025-10-24,CLI-0261,All-in-One HP 24,Desktops,1,830790
14931,2025-10-24,CLI-0066,PC Escritorio Dell OptiPlex,Desktops,1,732170
14932,2025-10-27,CLI-0091,Auriculares Sony XM5,Audio,1,252370
14933,2025-10-27,CLI-0293,Mouse Logitech MX Master 3,Perifericos,4,105600
14934,2025-10-27,CLI-0039,Notebook HP 15s,Laptops,3,625610
14935,2025-10-27,CLI-0175,Repetidor WiFi Mesh,Redes,1,90650
14936,2025-10-27,CLI-0299,Licencia Office 365 Anual,Software,10,94620
14937,2025-10-27,CLI-0236,Licencia Office 365 Anual,Software,5,92840
14938,2025-10-27,CLI-0055,Repetidor WiFi Mesh,Redes,1,84600
14939,2025-10-27,CLI-0072,"Monitor Curvo 32"" QHD",Monitores,6,533990
14940,2025-10-27,CLI-0042,"Monitor Samsung 24"" FHD",Monitores,1,201730
14941,2025-10-27,CLI-0047,Notebook HP 15s,Laptops,2,574570
14942,2025-10-27,CLI-0120,"Monitor Portátil 15""",Monitores,1,214830
14943,2025-10-28,CLI-0041,AirPods Pro 2,Audio,1,297440
14944,2025-10-28,CLI-0272,"Monitor Curvo 32"" QHD",Monitores,2,475060
14945,2025-10-28,CLI-0102,Disco Externo Seagate 4TB,Almacenamiento,2,118990
14946,2025-10-28,CLI-0096,SSD NVMe Kingston 500GB,Almacenamiento,1,65540
14947,2025-10-28,CLI-0032,Soundbar LG,Audio,1,155800
14948,2025-10-28,CLI-0004,Chromebook Acer,Laptops,1,325270
14949,2025-10-28,CLI-0102,Teclado Apple Magic,Perifericos,1,116800
14950,2025-10-28,CLI-0278,Switch Cisco 24p,Redes,10,260340
14951,2025-10-28,CLI-0064,Windows 11 Pro,Software,4,134370
14952,2025-10-28,CLI-0097,"Monitor Samsung 24"" FHD",Monitores,5,185030
14953,2025-10-29,CLI-0117,"Monitor LG 27"" 4K",Monitores,1,372710
14954,2025-10-29,CLI-0152,Router TP-Link Archer,Redes,2,92470
14955,2025-10-29,CLI-0147,"Monitor Portátil 15""",Monitores,2,216630
14956,2025-10-29,CLI-0177,Mouse Logitech MX Master 3,Perifericos,2,104370
14957,2025-10-29,CLI-0129,Webcam Logitech C925e,Perifericos,3,114370
14958,2025-10-29,CLI-0034,Notebook Lenovo ThinkPad,Laptops,1,1006470
14959,2025-10-30,CLI-0177,Notebook Lenovo ThinkPad,Laptops,2,964090
14960,2025-10-30,CLI-0221,Chromebook Acer,Laptops,3,316480
14961,2025-10-30,CLI-0229,Notebook HP 15s,Laptops,10,567230
14962,2025-10-30,CLI-0046,Mousepad XL RGB,Perifericos,2,33300
14963,2025-10-30,CLI-0186,Windows 11 Pro,Software,3,138880
14964,2025-10-30,CLI-0034,Switch Cisco 24p,Redes,1,274550
14965,2025-10-30,CLI-0164,Soundbar LG,Audio,1,158520
14966,2025-10-30,CLI-0246,Auriculares Sony XM5,Audio,2,262280
14967,2025-10-30,CLI-0251,Mousepad XL RGB,Perifericos,2,31100
14968,2025-10-31,CLI-0098,"Monitor UltraWide 34""",Monitores,2,640690
14969,2025-10-31,CLI-0022,Windows 11 Pro,Software,1,138850
14970,2025-10-31,CLI-0239,SSD Samsung 970 EVO 1TB,Almacenamiento,1,126400
14971,2025-10-31,CLI-0207,SSD Samsung 970 EVO 1TB,Almacenamiento,5,135400
14972,2025-10-31,CLI-0238,Soundbar LG,Audio,1,172550
14973,2025-10-31,CLI-0198,Micrófono Blue Yeti X,Audio,8,218190
14974,2025-10-31,CLI-0072,Mousepad XL RGB,Perifericos,1,31930
14975,2025-10-31,CLI-0077,Headset Logitech G535,Audio,1,94370
14976,2025-10-31,CLI-0223,Adobe Creative Cloud,Software,6,85960
14977,2025-10-31,CLI-0078,Access Point Ubiquiti U6,Redes,8,275350
14978,2025-10-31,CLI-0112,PC Escritorio Dell OptiPlex,Desktops,1,782620
14979,2025-10-31,CLI-0242,Workstation HP Z2,Desktops,1,1513930
14980,2025-10-31,CLI-0102,Notebook Dell Inspiron,Laptops,2,714580
14981,2025-10-31,CLI-0082,Hub USB-C Anker,Perifericos,4,62480
14982,2025-10-31,CLI-0282,Teclado Mecánico Keychron K2,Perifericos,1,159470
14983,2025-10-31,CLI-0250,Router TP-Link Archer,Redes,3,99100
14984,2025-10-31,CLI-0222,Parlante UE Boom 3,Audio,8,107580
14985,2025-11-03,CLI-0082,Disco Externo Seagate 4TB,Almacenamiento,10,118950
14986,2025-11-03,CLI-0031,Dock Station HP,Perifericos,10,202660
14987,2025-11-03,CLI-0035,Mousepad XL RGB,Perifericos,3,33670
14988,2025-11-03,CLI-0149,Workstation HP Z2,Desktops,1,1341930
14989,2025-11-03,CLI-0254,"Monitor Portátil 15""",Monitores,2,213840
14990,2025-11-03,CLI-0007,Hub USB-C Anker,Perifericos,3,56590
14991,2025-11-03,CLI-0174,Licencia Office 365 Anual,Software,1,102150
14992,2025-11-03,CLI-0220,Repetidor WiFi Mesh,Redes,1,89760
14993,2025-11-03,CLI-0067,Pendrive Kingston 256GB,Almacenamiento,1,27020
14994,2025-11-03,CLI-0192,Windows 11 Pro,Software,5,125670
14995,2025-11-03,CLI-0190,Switch Cisco 24p,Redes,10,297820
14996,2025-11-03,CLI-0033,Notebook Dell Inspiron,Laptops,2,697480
14997,2025-11-04,CLI-0214,Mouse Logitech MX Master 3,Perifericos,1,104790
14998,2025-11-04,CLI-0168,Windows 11 Pro,Software,1,141640
14999,2025-11-04,CLI-0161,Licencia Office 365 Anual,Software,6,98010
15000,2025-11-04,CLI-0244,Teclado Mecánico Keychron K2,Perifericos,2,171550
15001,2025-11-04,CLI-0296,Soporte Laptop Ergotron,Perifericos,3,74330
15002,2025-11-04,CLI-0066,Mousepad XL RGB,Perifericos,4,34100
15003,2025-11-04,CLI-0294,"Monitor UltraWide 34""",Monitores,3,600640
15004,2025-11-04,CLI-0122,Mouse Logitech MX Master 3,Perifericos,2,92010
15005,2025-11-04,CLI-0241,Notebook Dell Inspiron,Laptops,1,738350
15006,2025-11-04,CLI-0049,AirPods Pro 2,Audio,3,293850
15007,2025-11-04,CLI-0165,Chromebook Acer,Laptops,2,321850
15008,2025-11-04,CLI-0237,Router TP-Link Archer,Redes,6,107840
15009,2025-11-04,CLI-0137,Notebook ASUS VivoBook,Laptops,2,506420
15010,2025-11-04,CLI-0099,Teclado Mecánico Keychron K2,Perifericos,3,165390
15011,2025-11-04,CLI-0187,Notebook Lenovo ThinkPad,Laptops,2,996510
15012,2025-11-04,CLI-0115,Licencia Office 365 Anual,Software,1,96770
15013,2025-11-04,CLI-0183,Repetidor WiFi Mesh,Redes,2,88090
15014,2025-11-05,CLI-0075,Teclado Mecánico Keychron K2,Perifericos,8,164420
15015,2025-11-05,CLI-0249,Mousepad XL RGB,Perifericos,2,32270
15016,2025-11-05,CLI-0275,"Monitor Curvo 32"" QHD",Monitores,4,513620
15017,2025-11-05,CLI-0097,Router TP-Link Archer,Redes,2,94070
15018,2025-11-05,CLI-0152,Notebook Lenovo ThinkPad,Laptops,3,903140
15019,2025-11-05,CLI-0100,Pendrive Kingston 256GB,Almacenamiento,4,28680
15020,2025-11-05,CLI-0145,Mouse Logitech MX Master 3,Perifericos,4,94390
15021,2025-11-05,CLI-0217,Windows 11 Pro,Software,4,131530
15022,2025-11-05,CLI-0006,Hub USB-C Anker,Perifericos,1,63120
15023,2025-11-05,CLI-0074,Webcam Logitech C925e,Perifericos,1,115700
15024,2025-11-05,CLI-0216,Chromebook Acer,Laptops,1,311400
15025,2025-11-05,CLI-0076,Soundbar LG,Audio,3,175870
15026,2025-11-05,CLI-0285,"Monitor LG 27"" 4K",Monitores,2,402410
15027,2025-11-05,CLI-0161,PC Escritorio Dell OptiPlex,Desktops,8,757010
15028,2025-11-05,CLI-0234,Teclado Mecánico Keychron K2,Perifericos,1,173520
15029,2025-11-05,CLI-0233,Webcam Logitech C925e,Perifericos,1,115040
15030,2025-11-05,CLI-0066,Mousepad XL RGB,Perifericos,8,33830
15031,2025-11-06,CLI-0064,Notebook Lenovo ThinkPad,Laptops,5,1018860
15032,2025-11-06,CLI-0283,SSD NVMe Kingston 500GB,Almacenamiento,1,67430
15033,2025-11-06,CLI-0162,AirPods Pro 2,Audio,2,291200
15034,2025-11-06,CLI-0223,Antivirus ESET 3 PCs,Software,1,46120
15035,2025-11-06,CLI-0092,Mousepad XL RGB,Perifericos,2,35180
15036,2025-11-06,CLI-0018,Antivirus ESET 3 PCs,Software,1,47620
15037,2025-11-06,CLI-0290,Switch Cisco 24p,Redes,1,263860
15038,2025-11-06,CLI-0262,Notebook Lenovo ThinkPad,Laptops,3,892990
15039,2025-11-06,CLI-0068,Disco Externo Seagate 4TB,Almacenamiento,1,123780
15040,2025-11-06,CLI-0035,Mini PC ASUS PN50,Desktops,1,495440
15041,2025-11-06,CLI-0268,"Monitor LG 27"" 4K",Monitores,8,392880
15042,2025-11-06,CLI-0121,Chromebook Acer,Laptops,3,348870
15043,2025-11-06,CLI-0183,Soporte Laptop Ergotron,Perifericos,1,83060
15044,2025-11-06,CLI-0176,Notebook ASUS VivoBook,Laptops,2,514800
15045,2025-11-06,CLI-0280,Notebook Lenovo ThinkPad,Laptops,2,976390
15046,2025-11-06,CLI-0203,Windows 11 Pro,Software,1,126730
15047,2025-11-07,CLI-0046,"Monitor Portátil 15""",Monitores,2,222120
15048,2025-11-07,CLI-0060,Teclado Apple Magic,Perifericos,1,111790
15049,2025-11-07,CLI-0029,Antivirus ESET 3 PCs,Software,3,46060
15050,2025-11-07,CLI-0013,Notebook Lenovo ThinkPad,Laptops,3,966050
15051,2025-11-07,CLI-0116,SSD NVMe Kingston 500GB,Almacenamiento,1,65080
15052,2025-11-07,CLI-0113,"Monitor UltraWide 34""",Monitores,8,562210
15053,2025-11-07,CLI-0071,NAS Synology DS220+,Almacenamiento,1,500010
15054,2025-11-07,CLI-0199,Licencia Office 365 Anual,Software,3,107450
15055,2025-11-07,CLI-0010,NAS Synology DS220+,Almacenamiento,4,568790
15056,2025-11-07,CLI-0253,Notebook Dell Inspiron,Laptops,3,668930
15057,2025-11-07,CLI-0213,Router Eero Pro 6,Redes,1,320140
15058,2025-11-07,CLI-0103,Access Point Ubiquiti U6,Redes,1,274670
15059,2025-11-07,CLI-0118,Access Point Ubiquiti U6,Redes,2,285920
15060,2025-11-07,CLI-0179,Windows 11 Pro,Software,1,130140
15061,2025-11-07,CLI-0189,NAS Synology DS220+,Almacenamiento,6,495900
15062,2025-11-10,CLI-0085,Headset Logitech G535,Audio,1,97090
15063,2025-11-10,CLI-0275,Notebook HP 15s,Laptops,6,556560
15064,2025-11-10,CLI-0145,Teclado Mecánico Keychron K2,Perifericos,2,170720
15065,2025-11-10,CLI-0262,AirPods Pro 2,Audio,1,278670
15066,2025-11-10,CLI-0104,Router TP-Link Archer,Redes,1,96230
15067,2025-11-10,CLI-0101,Mousepad XL RGB,Perifericos,6,33580
15068,2025-11-10,CLI-0202,All-in-One HP 24,Desktops,3,886950
15069,2025-11-10,CLI-0232,Notebook Dell Inspiron,Laptops,2,720780
15070,2025-11-10,CLI-0263,Headset Logitech G535,Audio,1,107180
15071,2025-11-10,CLI-0058,MacBook Air M2,Laptops,1,1253280
15072,2025-11-10,CLI-0055,"Monitor Portátil 15""",Monitores,1,235620
15073,2025-11-10,CLI-0292,Hub USB-C Anker,Perifericos,4,63040
15074,2025-11-10,CLI-0110,Access Point Ubiquiti U6,Redes,4,286040
15075,2025-11-10,CLI-0185,SSD Samsung 970 EVO 1TB,Almacenamiento,1,130510
15076,2025-11-11,CLI-0118,Switch Cisco 24p,Redes,6,298900
15077,2025-11-11,CLI-0130,"Monitor Portátil 15""",Monitores,2,225770
15078,2025-11-11,CLI-0159,Notebook HP 15s,Laptops,1,579100
15079,2025-11-11,CLI-0093,Soporte Laptop Ergotron,Perifericos,1,78230
15080,2025-11-11,CLI-0199,Mousepad XL RGB,Perifericos,2,30840
15081,2025-11-11,CLI-0201,Router TP-Link Archer,Redes,3,94670
15082,2025-11-11,CLI-0252,SSD NVMe Kingston 500GB,Almacenamiento,2,67900
15083,2025-11-11,CLI-0147,Adobe Creative Cloud,Software,5,88990
15084,2025-11-11,CLI-0128,Notebook ASUS VivoBook,Laptops,2,545650
15085,2025-11-11,CLI-0001,Notebook Dell Inspiron,Laptops,2,705670
15086,2025-11-11,CLI-0006,Teclado Mecánico Keychron K2,Perifericos,8,169190
15087,2025-11-11,CLI-0156,Soundbar LG,Audio,1,174890
15088,2025-11-11,CLI-0291,"Monitor LG 27"" 4K",Monitores,1,361650
15089,2025-11-12,CLI-0189,"Monitor Portátil 15""",Monitores,3,214000
15090,2025-11-12,CLI-0217,Auriculares Sony XM5,Audio,1,232300
15091,2025-11-12,CLI-0214,Antivirus ESET 3 PCs,Software,1,42360
15092,2025-11-12,CLI-0018,All-in-One HP 24,Desktops,1,845100
15093,2025-11-12,CLI-0135,SSD Samsung 970 EVO 1TB,Almacenamiento,8,133700
15094,2025-11-12,CLI-0105,All-in-One HP 24,Desktops,6,836220
15095,2025-11-12,CLI-0016,SSD NVMe Kingston 500GB,Almacenamiento,1,68290
15096,2025-11-12,CLI-0058,Chromebook Acer,Laptops,3,311950
15097,2025-11-12,CLI-0234,Access Point Ubiquiti U6,Redes,3,256480
15098,2025-11-12,CLI-0140,Teclado Mecánico Keychron K2,Perifericos,1,161680
15099,2025-11-12,CLI-0289,SSD NVMe Kingston 500GB,Almacenamiento,1,63310
15100,2025-11-12,CLI-0079,"Monitor Portátil 15""",Monitores,1,239350
15101,2025-11-12,CLI-0194,Notebook Dell Inspiron,Laptops,1,666500
15102,2025-11-12,CLI-0222,SSD Samsung 970 EVO 1TB,Almacenamiento,2,127270
15103,2025-11-12,CLI-0007,Switch Cisco 24p,Redes,6,264030
15104,2025-11-12,CLI-0033,Teclado Mecánico Keychron K2,Perifericos,3,163130
15105,2025-11-12,CLI-0246,"Monitor Curvo 32"" QHD",Monitores,4,507950
15106,2025-11-13,CLI-0013,Adobe Creative Cloud,Software,1,90580
15107,2025-11-13,CLI-0097,Mouse Logitech MX Master 3,Perifericos,3,99600
15108,2025-11-13,CLI-0001,Antivirus ESET 3 PCs,Software,1,46850
15109,2025-11-13,CLI-0289,Parlante UE Boom 3,Audio,2,112210
15110,2025-11-13,CLI-0251,"Monitor UltraWide 34""",Monitores,3,589970
15111,2025-11-13,CLI-0025,Webcam Logitech C925e,Perifericos,1,114600
15112,2025-11-13,CLI-0189,SSD Samsung 970 EVO 1TB,Almacenamiento,4,140010
15113,2025-11-13,CLI-0279,"Monitor LG 27"" 4K",Monitores,1,386340
15114,2025-11-13,CLI-0191,Router Eero Pro 6,Redes,2,358950
15115,2025-11-13,CLI-0165,Licencia Office 365 Anual,Software,1,105950
15116,2025-11-13,CLI-0090,Access Point Ubiquiti U6,Redes,2,264030
15117,2025-11-13,CLI-0240,Dock Station HP,Perifericos,4,220560
15118,2025-11-13,CLI-0076,AutoCAD LT 2025,Software,3,676750
15119,2025-11-13,CLI-0254,AutoCAD LT 2025,Software,2,669700
15120,2025-11-13,CLI-0185,Parlante UE Boom 3,Audio,1,111240
15121,2025-11-13,CLI-0130,Mini PC ASUS PN50,Desktops,1,527730
15122,2025-11-13,CLI-0184,Antivirus ESET 3 PCs,Software,2,45180
15123,2025-11-13,CLI-0277,AutoCAD LT 2025,Software,1,670010
15124,2025-11-14,CLI-0022,Soporte Laptop Ergotron,Perifericos,2,72110
15125,2025-11-14,CLI-0075,Router TP-Link Archer,Redes,1,106030
15126,2025-11-14,CLI-0082,Switch Cisco 24p,Redes,1,291990
15127,2025-11-14,CLI-0106,Windows 11 Pro,Software,1,134180
15128,2025-11-14,CLI-0215,All-in-One HP 24,Desktops,15,820130
15129,2025-11-14,CLI-0279,MacBook Air M2,Laptops,2,1345290
15130,2025-11-14,CLI-0295,Notebook HP 15s,Laptops,1,546360
15131,2025-11-14,CLI-0282,Adobe Creative Cloud,Software,8,86240
15132,2025-11-14,CLI-0117,AutoCAD LT 2025,Software,3,679730
15133,2025-11-14,CLI-0172,Disco Externo Seagate 4TB,Almacenamiento,1,130150
15134,2025-11-14,CLI-0192,Router Eero Pro 6,Redes,8,325410
15135,2025-11-14,CLI-0268,Adobe Creative Cloud,Software,4,93900
15136,2025-11-14,CLI-0113,Switch Cisco 24p,Redes,1,296060
15137,2025-11-14,CLI-0209,Windows 11 Pro,Software,3,122980
15138,2025-11-14,CLI-0055,"Monitor UltraWide 34""",Monitores,3,585040
15139,2025-11-14,CLI-0233,Workstation HP Z2,Desktops,4,1491440
15140,2025-11-14,CLI-0097,Notebook HP 15s,Laptops,6,612460
15141,2025-11-14,CLI-0259,PC Escritorio Dell OptiPlex,Desktops,2,763610
15142,2025-11-14,CLI-0037,Windows 11 Pro,Software,8,136530
15143,2025-11-14,CLI-0124,Headset Logitech G535,Audio,1,101680
15144,2025-11-14,CLI-0108,SSD Externo Samsung T7,Almacenamiento,3,103720
15145,2025-11-17,CLI-0098,Notebook Dell Inspiron,Laptops,1,650560
15146,2025-11-17,CLI-0152,All-in-One HP 24,Desktops,1,835810
15147,2025-11-17,CLI-0037,Notebook ASUS VivoBook,Laptops,1,557790
15148,2025-11-17,CLI-0061,Parlante UE Boom 3,Audio,8,118330
15149,2025-11-17,CLI-0207,Notebook HP 15s,Laptops,3,616280
15150,2025-11-17,CLI-0154,Soporte Laptop Ergotron,Perifericos,1,72920
15151,2025-11-17,CLI-0107,Hub USB-C Anker,Perifericos,2,61760
15152,2025-11-17,CLI-0245,Licencia Office 365 Anual,Software,2,94890
15153,2025-11-17,CLI-0022,AutoCAD LT 2025,Software,2,651960
15154,2025-11-17,CLI-0017,Disco Externo Seagate 4TB,Almacenamiento,1,117540
15155,2025-11-17,CLI-0016,Teclado Apple Magic,Perifericos,3,116830
15156,2025-11-17,CLI-0197,SSD Externo Samsung T7,Almacenamiento,4,94210
15157,2025-11-17,CLI-0217,Windows 11 Pro,Software,2,136300
15158,2025-11-17,CLI-0180,AutoCAD LT 2025,Software,2,717550
15159,2025-11-17,CLI-0014,AirPods Pro 2,Audio,1,285790
15160,2025-11-17,CLI-0250,Chromebook Acer,Laptops,2,310570
15161,2025-11-17,CLI-0279,Chromebook Acer,Laptops,1,354720
15162,2025-11-17,CLI-0049,SSD Samsung 970 EVO 1TB,Almacenamiento,1,136240
15163,2025-11-18,CLI-0173,Mouse Logitech MX Master 3,Perifericos,2,105950
15164,2025-11-18,CLI-0241,MacBook Air M2,Laptops,1,1327110
15165,2025-11-18,CLI-0283,Soundbar LG,Audio,1,167320
15166,2025-11-18,CLI-0211,PC Escritorio Dell OptiPlex,Desktops,1,771080
15167,2025-11-18,CLI-0066,Access Point Ubiquiti U6,Redes,5,258510
15168,2025-11-18,CLI-0015,NAS Synology DS220+,Almacenamiento,2,557260
15169,2025-11-18,CLI-0258,"Monitor Samsung 24"" FHD",Monitores,2,177410
15170,2025-11-18,CLI-0290,AirPods Pro 2,Audio,4,272810
15171,2025-11-18,CLI-0275,Antivirus ESET 3 PCs,Software,3,43590
15172,2025-11-18,CLI-0130,Access Point Ubiquiti U6,Redes,1,267720
15173,2025-11-18,CLI-0265,Disco Externo Seagate 4TB,Almacenamiento,1,120180
15174,2025-11-18,CLI-0232,Webcam Logitech C925e,Perifericos,5,113080
15175,2025-11-18,CLI-0021,Webcam Logitech C925e,Perifericos,2,107640
15176,2025-11-18,CLI-0219,All-in-One HP 24,Desktops,3,841460
15177,2025-11-19,CLI-0040,"Monitor Curvo 32"" QHD",Monitores,2,463320
15178,2025-11-19,CLI-0128,Notebook HP 15s,Laptops,1,544690
15179,2025-11-19,CLI-0091,AirPods Pro 2,Audio,1,272730
15180,2025-11-19,CLI-0094,"Monitor UltraWide 34""",Monitores,1,652510
15181,2025-11-19,CLI-0299,Disco Externo Seagate 4TB,Almacenamiento,1,126600
15182,2025-11-19,CLI-0228,Windows 11 Pro,Software,8,129980
15183,2025-11-19,CLI-0060,PC Escritorio Dell OptiPlex,Desktops,1,835180
15184,2025-11-19,CLI-0068,Router TP-Link Archer,Redes,2,98750
15185,2025-11-19,CLI-0225,Disco Externo Seagate 4TB,Almacenamiento,1,117730
15186,2025-11-19,CLI-0221,Notebook Dell Inspiron,Laptops,3,680080
15187,2025-11-19,CLI-0189,Licencia Office 365 Anual,Software,2,95280
15188,2025-11-19,CLI-0215,SSD NVMe Kingston 500GB,Almacenamiento,1,70700
15189,2025-11-19,CLI-0224,Router Eero Pro 6,Redes,3,325590
15190,2025-11-19,CLI-0035,Notebook ASUS VivoBook,Laptops,1,534870
15191,2025-11-20,CLI-0184,SSD NVMe Kingston 500GB,Almacenamiento,2,68110
15192,2025-11-20,CLI-0125,Mini PC ASUS PN50,Desktops,1,498550
15193,2025-11-20,CLI-0083,Chromebook Acer,Laptops,2,313390
15194,2025-11-20,CLI-0101,Soundbar LG,Audio,3,177200
15195,2025-11-20,CLI-0280,Auriculares Sony XM5,Audio,2,246020
15196,2025-11-20,CLI-0245,Notebook ASUS VivoBook,Laptops,10,503750
15197,2025-11-20,CLI-0095,Access Point Ubiquiti U6,Redes,2,294270
15198,2025-11-20,CLI-0287,MacBook Air M2,Laptops,1,1237030
15199,2025-11-20,CLI-0076,Hub USB-C Anker,Perifericos,1,59220
15200,2025-11-20,CLI-0201,Notebook HP 15s,Laptops,1,591760
15201,2025-11-20,CLI-0262,Notebook HP 15s,Laptops,1,573210
15202,2025-11-20,CLI-0137,Access Point Ubiquiti U6,Redes,2,276460
15203,2025-11-20,CLI-0156,Mini PC ASUS PN50,Desktops,1,480650
15204,2025-11-20,CLI-0125,SSD NVMe Kingston 500GB,Almacenamiento,4,62650
15205,2025-11-21,CLI-0097,Adobe Creative Cloud,Software,2,95220
15206,2025-11-21,CLI-0246,"Monitor Portátil 15""",Monitores,1,224670
15207,2025-11-21,CLI-0199,Router Eero Pro 6,Redes,3,332400
15208,2025-11-21,CLI-0278,Notebook ASUS VivoBook,Laptops,1,512030
15209,2025-11-21,CLI-0066,NAS Synology DS220+,Almacenamiento,1,550560
15210,2025-11-24,CLI-0035,SSD NVMe Kingston 500GB,Almacenamiento,2,68250
15211,2025-11-24,CLI-0038,Switch Cisco 24p,Redes,1,276560
15212,2025-11-24,CLI-0212,Licencia Office 365 Anual,Software,1,104210
15213,2025-11-24,CLI-0116,Teclado Apple Magic,Perifericos,2,118040
15214,2025-11-24,CLI-0222,MacBook Air M2,Laptops,5,1400910
15215,2025-11-24,CLI-0203,Notebook Dell Inspiron,Laptops,1,653420
15216,2025-11-24,CLI-0192,Headset Logitech G535,Audio,2,93360
15217,2025-11-24,CLI-0116,Mini PC ASUS PN50,Desktops,2,473070
15218,2025-11-24,CLI-0261,Micrófono Blue Yeti X,Audio,3,220460
15219,2025-11-24,CLI-0081,Mouse Logitech MX Master 3,Perifericos,2,106500
15220,2025-11-25,CLI-0148,Disco Externo Seagate 4TB,Almacenamiento,4,128740
15221,2025-11-25,CLI-0222,Router TP-Link Archer,Redes,1,100470
15222,2025-11-25,CLI-0034,Router Eero Pro 6,Redes,1,350190
15223,2025-11-25,CLI-0075,Antivirus ESET 3 PCs,Software,1,44730
15224,2025-11-25,CLI-0143,Headset Logitech G535,Audio,1,94230
15225,2025-11-25,CLI-0175,Hub USB-C Anker,Perifericos,4,56930
15226,2025-11-25,CLI-0168,Hub USB-C Anker,Perifericos,5,65500
15227,2025-11-25,CLI-0241,NAS Synology DS220+,Almacenamiento,2,526460
15228,2025-11-25,CLI-0287,AutoCAD LT 2025,Software,2,650060
15229,2025-11-25,CLI-0294,Mini PC ASUS PN50,Desktops,2,488000
15230,2025-11-25,CLI-0047,Windows 11 Pro,Software,2,130610
15231,2025-11-25,CLI-0176,SSD Externo Samsung T7,Almacenamiento,2,107000
15232,2025-11-25,CLI-0033,Teclado Apple Magic,Perifericos,3,103220
15233,2025-11-25,CLI-0139,Webcam Logitech C925e,Perifericos,2,104220
15234,2025-11-25,CLI-0117,Mousepad XL RGB,Perifericos,6,34830
15235,2025-11-25,CLI-0166,Mouse Logitech MX Master 3,Perifericos,2,100680
15236,2025-11-25,CLI-0179,Hub USB-C Anker,Perifericos,1,57410
15237,2025-11-25,CLI-0172,Pendrive Kingston 256GB,Almacenamiento,3,25670
15238,2025-11-25,CLI-0143,Teclado Apple Magic,Perifericos,2,106090
15239,2025-11-25,CLI-0097,Repetidor WiFi Mesh,Redes,6,85390
15240,2025-11-25,CLI-0072,Windows 11 Pro,Software,1,122840
15241,2025-11-25,CLI-0186,SSD Externo Samsung T7,Almacenamiento,2,95350
15242,2025-11-26,CLI-0105,SSD Samsung 970 EVO 1TB,Almacenamiento,2,129340
15243,2025-11-26,CLI-0089,All-in-One HP 24,Desktops,3,959010
15244,2025-11-26,CLI-0150,Licencia Office 365 Anual,Software,1,104190
15245,2025-11-26,CLI-0173,"Monitor Samsung 24"" FHD",Monitores,5,189820
15246,2025-11-26,CLI-0255,Auriculares Sony XM5,Audio,1,234610
15247,2025-11-26,CLI-0248,Teclado Mecánico Keychron K2,Perifericos,8,161730
15248,2025-11-26,CLI-0236,SSD Externo Samsung T7,Almacenamiento,1,100130
15249,2025-11-26,CLI-0131,Router TP-Link Archer,Redes,1,100560
15250,2025-11-26,CLI-0064,AirPods Pro 2,Audio,4,255900
15251,2025-11-26,CLI-0202,Notebook HP 15s,Laptops,1,631530
15252,2025-11-26,CLI-0131,Disco Externo Seagate 4TB,Almacenamiento,2,123570
15253,2025-11-26,CLI-0282,Access Point Ubiquiti U6,Redes,4,281450
15254,2025-11-26,CLI-0262,Switch Cisco 24p,Redes,2,264680
15255,2025-11-26,CLI-0137,Notebook Lenovo ThinkPad,Laptops,12,983490
15256,2025-11-26,CLI-0251,Router TP-Link Archer,Redes,1,103680
15257,2025-11-26,CLI-0224,AirPods Pro 2,Audio,1,259510
15258,2025-11-26,CLI-0072,"Monitor Samsung 24"" FHD",Monitores,1,191560
15259,2025-11-26,CLI-0028,MacBook Air M2,Laptops,5,1365700
15260,2025-11-26,CLI-0143,PC Escritorio Dell OptiPlex,Desktops,2,818710
15261,2025-11-26,CLI-0138,Mini PC ASUS PN50,Desktops,4,476000
15262,2025-11-26,CLI-0217,"Monitor Portátil 15""",Monitores,1,235400
15263,2025-11-27,CLI-0291,Notebook Lenovo ThinkPad,Laptops,1,883950
15264,2025-11-27,CLI-0173,Repetidor WiFi Mesh,Redes,3,84500
15265,2025-11-27,CLI-0146,Parlante UE Boom 3,Audio,1,107130
15266,2025-11-27,CLI-0113,Repetidor WiFi Mesh,Redes,2,88740
15267,2025-11-27,CLI-0137,Router Eero Pro 6,Redes,1,346240
15268,2025-11-27,CLI-0122,Workstation HP Z2,Desktops,1,1370660
15269,2025-11-27,CLI-0300,Mousepad XL RGB,Perifericos,4,35910
15270,2025-11-27,CLI-0088,AirPods Pro 2,Audio,1,262460
15271,2025-11-27,CLI-0009,"Monitor LG 27"" 4K",Monitores,1,394670
15272,2025-11-27,CLI-0139,Disco Externo Seagate 4TB,Almacenamiento,1,130470
15273,2025-11-27,CLI-0127,Micrófono Blue Yeti X,Audio,1,222110
15274,2025-11-27,CLI-0236,Repetidor WiFi Mesh,Redes,1,90890
15275,2025-11-27,CLI-0089,"Monitor UltraWide 34""",Monitores,1,631540
15276,2025-11-27,CLI-0002,Mouse Logitech MX Master 3,Perifericos,3,94040
15277,2025-11-28,CLI-0223,Access Point Ubiquiti U6,Redes,5,265220
15278,2025-11-28,CLI-0198,Soundbar LG,Audio,1,177580
15279,2025-11-28,CLI-0052,Chromebook Acer,Laptops,2,353240
15280,2025-11-28,CLI-0228,Soundbar LG,Audio,1,174980
15281,2025-11-28,CLI-0197,Repetidor WiFi Mesh,Redes,3,91830
15282,2025-11-28,CLI-0012,SSD Externo Samsung T7,Almacenamiento,4,94360
15283,2025-11-28,CLI-0106,AutoCAD LT 2025,Software,2,617860
15284,2025-11-28,CLI-0269,Soporte Laptop Ergotron,Perifericos,1,79600
15285,2025-11-28,CLI-0256,NAS Synology DS220+,Almacenamiento,2,544920
15286,2025-12-01,CLI-0227,Router TP-Link Archer,Redes,1,100160
15287,2025-12-01,CLI-0074,Notebook ASUS VivoBook,Laptops,2,502230
15288,2025-12-01,CLI-0194,"Monitor LG 27"" 4K",Monitores,4,378640
15289,2025-12-01,CLI-0107,"Monitor Portátil 15""",Monitores,1,220080
15290,2025-12-01,CLI-0208,Teclado Mecánico Keychron K2,Perifericos,1,170000
15291,2025-12-01,CLI-0149,"Monitor UltraWide 34""",Monitores,1,657960
15292,2025-12-01,CLI-0241,Notebook Dell Inspiron,Laptops,3,695550
15293,2025-12-01,CLI-0289,Mouse Logitech MX Master 3,Perifericos,3,104050
15294,2025-12-01,CLI-0034,Soundbar LG,Audio,3,175450
15295,2025-12-01,CLI-0012,AirPods Pro 2,Audio,2,261500
15296,2025-12-01,CLI-0185,AirPods Pro 2,Audio,1,285570
15297,2025-12-01,CLI-0224,Soundbar LG,Audio,6,166760
15298,2025-12-01,CLI-0046,Parlante UE Boom 3,Audio,1,112780
15299,2025-12-02,CLI-0118,Teclado Mecánico Keychron K2,Perifericos,1,159550
15300,2025-12-02,CLI-0134,SSD NVMe Kingston 500GB,Almacenamiento,1,63470
15301,2025-12-02,CLI-0113,Access Point Ubiquiti U6,Redes,3,291280
15302,2025-12-02,CLI-0272,"Monitor Curvo 32"" QHD",Monitores,5,509610
15303,2025-12-02,CLI-0196,Auriculares Sony XM5,Audio,1,232630
15304,2025-12-02,CLI-0118,Chromebook Acer,Laptops,3,351290
15305,2025-12-02,CLI-0082,Chromebook Acer,Laptops,2,326650
15306,2025-12-02,CLI-0284,Notebook Lenovo ThinkPad,Laptops,1,941800
15307,2025-12-02,CLI-0269,Teclado Apple Magic,Perifericos,2,109480
15308,2025-12-02,CLI-0151,Workstation HP Z2,Desktops,5,1454450
15309,2025-12-02,CLI-0143,"Monitor Samsung 24"" FHD",Monitores,1,188940
15310,2025-12-02,CLI-0160,"Monitor LG 27"" 4K",Monitores,2,376160
15311,2025-12-02,CLI-0119,Chromebook Acer,Laptops,3,330450
15312,2025-12-02,CLI-0294,Antivirus ESET 3 PCs,Software,4,47500
15313,2025-12-02,CLI-0091,Webcam Logitech C925e,Perifericos,2,111540
15314,2025-12-02,CLI-0217,"Monitor LG 27"" 4K",Monitores,1,416240
15315,2025-12-02,CLI-0101,Router TP-Link Archer,Redes,3,101140
15316,2025-12-02,CLI-0035,PC Escritorio Dell OptiPlex,Desktops,1,814060
15317,2025-12-02,CLI-0092,SSD Externo Samsung T7,Almacenamiento,1,97030
15318,2025-12-02,CLI-0237,Router Eero Pro 6,Redes,4,350030
15319,2025-12-02,CLI-0092,Workstation HP Z2,Desktops,2,1394830
15320,2025-12-02,CLI-0096,Mouse Logitech MX Master 3,Perifericos,4,92630
15321,2025-12-02,CLI-0167,"Monitor LG 27"" 4K",Monitores,4,369060
15322,2025-12-02,CLI-0263,Notebook Dell Inspiron,Laptops,2,638380
15323,2025-12-03,CLI-0030,Headset Logitech G535,Audio,1,106740
15324,2025-12-03,CLI-0025,SSD NVMe Kingston 500GB,Almacenamiento,1,69500
15325,2025-12-03,CLI-0068,Mouse Logitech MX Master 3,Perifericos,5,97650
15326,2025-12-03,CLI-0189,Switch Cisco 24p,Redes,4,278840
15327,2025-12-03,CLI-0237,Mouse Logitech MX Master 3,Perifericos,2,102940
15328,2025-12-03,CLI-0057,Mouse Logitech MX Master 3,Perifericos,1,92700
15329,2025-12-03,CLI-0022,Notebook ASUS VivoBook,Laptops,12,524170
15330,2025-12-03,CLI-0070,Notebook HP 15s,Laptops,1,612910
15331,2025-12-03,CLI-0271,Disco Externo Seagate 4TB,Almacenamiento,3,116520
15332,2025-12-03,CLI-0203,Router Eero Pro 6,Redes,2,331480
15333,2025-12-03,CLI-0207,Pendrive Kingston 256GB,Almacenamiento,2,28010
15334,2025-12-03,CLI-0267,Dock Station HP,Perifericos,4,219820
15335,2025-12-03,CLI-0296,Headset Logitech G535,Audio,3,107800
15336,2025-12-03,CLI-0269,Micrófono Blue Yeti X,Audio,1,223640
15337,2025-12-03,CLI-0256,Mini PC ASUS PN50,Desktops,4,511490
15338,2025-12-03,CLI-0106,Notebook ASUS VivoBook,Laptops,2,531050
15339,2025-12-03,CLI-0189,Hub USB-C Anker,Perifericos,1,62330
15340,2025-12-03,CLI-0212,AirPods Pro 2,Audio,1,280750
15341,2025-12-04,CLI-0192,Notebook Dell Inspiron,Laptops,1,732260
15342,2025-12-04,CLI-0102,Notebook Dell Inspiron,Laptops,1,710360
15343,2025-12-04,CLI-0076,Soundbar LG,Audio,5,163560
15344,2025-12-04,CLI-0072,Antivirus ESET 3 PCs,Software,4,41160
15345,2025-12-04,CLI-0203,Mouse Logitech MX Master 3,Perifericos,1,93260
15346,2025-12-04,CLI-0117,Soundbar LG,Audio,1,163270
15347,2025-12-04,CLI-0205,SSD Samsung 970 EVO 1TB,Almacenamiento,3,132980
15348,2025-12-04,CLI-0191,"Monitor Portátil 15""",Monitores,2,211100
15349,2025-12-04,CLI-0213,Notebook Lenovo ThinkPad,Laptops,1,900630
15350,2025-12-04,CLI-0075,Licencia Office 365 Anual,Software,6,96010
15351,2025-12-04,CLI-0152,Auriculares Sony XM5,Audio,1,256300
15352,2025-12-04,CLI-0239,AirPods Pro 2,Audio,5,290840
15353,2025-12-04,CLI-0222,Notebook ASUS VivoBook,Laptops,2,514220
15354,2025-12-04,CLI-0182,NAS Synology DS220+,Almacenamiento,2,507130
15355,2025-12-04,CLI-0021,SSD NVMe Kingston 500GB,Almacenamiento,1,62720
15356,2025-12-04,CLI-0170,"Monitor Curvo 32"" QHD",Monitores,1,468590
15357,2025-12-04,CLI-0260,"Monitor LG 27"" 4K",Monitores,1,383450
15358,2025-12-04,CLI-0052,Workstation HP Z2,Desktops,3,1344090
15359,2025-12-05,CLI-0288,Teclado Mecánico Keychron K2,Perifericos,1,157320
15360,2025-12-05,CLI-0261,"Monitor Portátil 15""",Monitores,3,214710
15361,2025-12-05,CLI-0191,Notebook Dell Inspiron,Laptops,2,740680
15362,2025-12-05,CLI-0172,Repetidor WiFi Mesh,Redes,2,87530
15363,2025-12-05,CLI-0168,Webcam Logitech C925e,Perifericos,1,114140
15364,2025-12-05,CLI-0265,Access Point Ubiquiti U6,Redes,1,299970
15365,2025-12-05,CLI-0225,Disco Externo Seagate 4TB,Almacenamiento,2,123640
15366,2025-12-05,CLI-0264,MacBook Air M2,Laptops,3,1296320
15367,2025-12-05,CLI-0281,Switch Cisco 24p,Redes,2,280160
15368,2025-12-05,CLI-0079,AirPods Pro 2,Audio,1,258880
15369,2025-12-05,CLI-0226,Licencia Office 365 Anual,Software,1,94120
15370,2025-12-05,CLI-0073,"Monitor Curvo 32"" QHD",Monitores,1,462180
15371,2025-12-05,CLI-0197,Teclado Mecánico Keychron K2,Perifericos,1,177520
15372,2025-12-05,CLI-0022,MacBook Air M2,Laptops,1,1374660
15373,2025-12-05,CLI-0069,"Monitor Curvo 32"" QHD",Monitores,2,485550
15374,2025-12-08,CLI-0100,Micrófono Blue Yeti X,Audio,4,226060
15375,2025-12-08,CLI-0078,Parlante UE Boom 3,Audio,2,107910
15376,2025-12-08,CLI-0131,"Monitor Portátil 15""",Monitores,1,216620
15377,2025-12-08,CLI-0034,"Monitor LG 27"" 4K",Monitores,5,412360
15378,2025-12-08,CLI-0136,SSD NVMe Kingston 500GB,Almacenamiento,4,71100
15379,2025-12-08,CLI-0113,SSD Samsung 970 EVO 1TB,Almacenamiento,6,142650
15380,2025-12-08,CLI-0085,AutoCAD LT 2025,Software,2,646850
15381,2025-12-08,CLI-0041,Adobe Creative Cloud,Software,2,83770
15382,2025-12-08,CLI-0176,Repetidor WiFi Mesh,Redes,3,88330
15383,2025-12-08,CLI-0191,SSD NVMe Kingston 500GB,Almacenamiento,8,64700
15384,2025-12-08,CLI-0133,Switch Cisco 24p,Redes,2,295860
15385,2025-12-09,CLI-0170,Licencia Office 365 Anual,Software,3,92450
15386,2025-12-09,CLI-0270,Workstation HP Z2,Desktops,3,1561080
15387,2025-12-09,CLI-0267,AutoCAD LT 2025,Software,1,712100
15388,2025-12-09,CLI-0126,"Monitor UltraWide 34""",Monitores,4,566930
15389,2025-12-09,CLI-0223,SSD NVMe Kingston 500GB,Almacenamiento,1,61730
15390,2025-12-09,CLI-0261,Hub USB-C Anker,Perifericos,2,60010
15391,2025-12-09,CLI-0208,Notebook Lenovo ThinkPad,Laptops,8,911120
15392,2025-12-09,CLI-0154,Teclado Apple Magic,Perifericos,1,117680
15393,2025-12-10,CLI-0076,Router Eero Pro 6,Redes,1,315530
15394,2025-12-10,CLI-0113,Mouse Logitech MX Master 3,Perifericos,2,108330
15395,2025-12-10,CLI-0079,PC Escritorio Dell OptiPlex,Desktops,3,795220
15396,2025-12-10,CLI-0259,Auriculares Sony XM5,Audio,2,242910
15397,2025-12-10,CLI-0205,Micrófono Blue Yeti X,Audio,2,207470
15398,2025-12-10,CLI-0154,Chromebook Acer,Laptops,1,356200
15399,2025-12-10,CLI-0247,Adobe Creative Cloud,Software,1,93770
15400,2025-12-10,CLI-0161,Notebook Lenovo ThinkPad,Laptops,2,994930
15401,2025-12-10,CLI-0222,Workstation HP Z2,Desktops,2,1476440
15402,2025-12-10,CLI-0016,Soporte Laptop Ergotron,Perifericos,8,82880
15403,2025-12-10,CLI-0061,Hub USB-C Anker,Perifericos,1,59340
15404,2025-12-10,CLI-0252,Headset Logitech G535,Audio,2,103610
15405,2025-12-10,CLI-0208,Parlante UE Boom 3,Audio,5,109780
15406,2025-12-10,CLI-0147,Mouse Logitech MX Master 3,Perifericos,2,101940
15407,2025-12-10,CLI-0085,Soporte Laptop Ergotron,Perifericos,1,84260
15408,2025-12-10,CLI-0168,Access Point Ubiquiti U6,Redes,1,300350
15409,2025-12-11,CLI-0043,PC Escritorio Dell OptiPlex,Desktops,1,830110
15410,2025-12-11,CLI-0005,Workstation HP Z2,Desktops,2,1562120
15411,2025-12-11,CLI-0253,Chromebook Acer,Laptops,8,349400
15412,2025-12-11,CLI-0078,Notebook Lenovo ThinkPad,Laptops,1,881800
15413,2025-12-11,CLI-0091,MacBook Air M2,Laptops,1,1300020
15414,2025-12-11,CLI-0188,AutoCAD LT 2025,Software,3,711440
15415,2025-12-11,CLI-0183,Adobe Creative Cloud,Software,2,93020
15416,2025-12-11,CLI-0021,"Monitor LG 27"" 4K",Monitores,6,405360
15417,2025-12-11,CLI-0170,PC Escritorio Dell OptiPlex,Desktops,1,801460
15418,2025-12-11,CLI-0299,Chromebook Acer,Laptops,12,329950
15419,2025-12-11,CLI-0001,"Monitor Curvo 32"" QHD",Monitores,4,493970
15420,2025-12-11,CLI-0201,Disco Externo Seagate 4TB,Almacenamiento,1,128700
15421,2025-12-11,CLI-0150,Repetidor WiFi Mesh,Redes,4,86250
15422,2025-12-11,CLI-0037,Repetidor WiFi Mesh,Redes,1,91830
15423,2025-12-11,CLI-0034,SSD Samsung 970 EVO 1TB,Almacenamiento,2,138630
15424,2025-12-12,CLI-0134,"Monitor LG 27"" 4K",Monitores,3,405340
15425,2025-12-12,CLI-0264,PC Escritorio Dell OptiPlex,Desktops,2,731350
15426,2025-12-12,CLI-0115,Windows 11 Pro,Software,1,126040
15427,2025-12-12,CLI-0202,Soporte Laptop Ergotron,Perifericos,3,77010
15428,2025-12-12,CLI-0243,Soundbar LG,Audio,1,155340
15429,2025-12-12,CLI-0261,Hub USB-C Anker,Perifericos,1,65710
15430,2025-12-12,CLI-0206,Micrófono Blue Yeti X,Audio,4,225460
15431,2025-12-12,CLI-0121,Hub USB-C Anker,Perifericos,3,56890
15432,2025-12-12,CLI-0108,Mouse Logitech MX Master 3,Perifericos,2,105770
15433,2025-12-12,CLI-0080,MacBook Air M2,Laptops,1,1339890
15434,2025-12-12,CLI-0061,Workstation HP Z2,Desktops,1,1496330
15435,2025-12-12,CLI-0230,Mini PC ASUS PN50,Desktops,1,532800
15436,2025-12-12,CLI-0038,Webcam Logitech C925e,Perifericos,4,112860
15437,2025-12-12,CLI-0164,Access Point Ubiquiti U6,Redes,1,261630
15438,2025-12-12,CLI-0247,Parlante UE Boom 3,Audio,2,102620
15439,2025-12-12,CLI-0283,Access Point Ubiquiti U6,Redes,1,278600
15440,2025-12-12,CLI-0108,SSD NVMe Kingston 500GB,Almacenamiento,3,71700
15441,2025-12-12,CLI-0187,"Monitor LG 27"" 4K",Monitores,1,394770
15442,2025-12-12,CLI-0177,Notebook ASUS VivoBook,Laptops,1,513390
15443,2025-12-12,CLI-0130,AirPods Pro 2,Audio,1,257820
15444,2025-12-15,CLI-0255,SSD Samsung 970 EVO 1TB,Almacenamiento,3,138170
15445,2025-12-15,CLI-0204,Mousepad XL RGB,Perifericos,2,34480
15446,2025-12-15,CLI-0168,Parlante UE Boom 3,Audio,3,107100
15447,2025-12-15,CLI-0291,Windows 11 Pro,Software,1,124450
15448,2025-12-15,CLI-0085,Teclado Apple Magic,Perifericos,2,109440
15449,2025-12-15,CLI-0250,Soporte Laptop Ergotron,Perifericos,1,75760
15450,2025-12-15,CLI-0072,Mouse Logitech MX Master 3,Perifericos,2,103550
15451,2025-12-15,CLI-0254,Teclado Mecánico Keychron K2,Perifericos,6,175800
15452,2025-12-15,CLI-0093,Micrófono Blue Yeti X,Audio,1,202430
15453,2025-12-15,CLI-0005,Licencia Office 365 Anual,Software,1,100790
15454,2025-12-15,CLI-0176,Repetidor WiFi Mesh,Redes,1,82630
15455,2025-12-15,CLI-0002,PC Escritorio Dell OptiPlex,Desktops,2,744810
15456,2025-12-15,CLI-0257,"Monitor Curvo 32"" QHD",Monitores,1,522750
15457,2025-12-15,CLI-0171,AutoCAD LT 2025,Software,3,700390
15458,2025-12-15,CLI-0259,Teclado Mecánico Keychron K2,Perifericos,2,174630
15459,2025-12-15,CLI-0271,Access Point Ubiquiti U6,Redes,2,262790
15460,2025-12-15,CLI-0101,Parlante UE Boom 3,Audio,4,112400
15461,2025-12-15,CLI-0021,SSD Samsung 970 EVO 1TB,Almacenamiento,10,132130
15462,2025-12-15,CLI-0281,Webcam Logitech C925e,Perifericos,2,120260
15463,2025-12-15,CLI-0234,MacBook Air M2,Laptops,1,1370970
15464,2025-12-15,CLI-0010,Micrófono Blue Yeti X,Audio,2,226590
15465,2025-12-16,CLI-0033,SSD NVMe Kingston 500GB,Almacenamiento,4,69800
15466,2025-12-16,CLI-0214,SSD Samsung 970 EVO 1TB,Almacenamiento,6,130960
15467,2025-12-16,CLI-0293,"Monitor UltraWide 34""",Monitores,6,626240
15468,2025-12-16,CLI-0115,Soundbar LG,Audio,1,167550
15469,2025-12-16,CLI-0020,"Monitor UltraWide 34""",Monitores,3,661510
15470,2025-12-16,CLI-0297,Teclado Apple Magic,Perifericos,1,105670
15471,2025-12-16,CLI-0003,Pendrive Kingston 256GB,Almacenamiento,1,29800
15472,2025-12-16,CLI-0114,Soundbar LG,Audio,1,164610
15473,2025-12-16,CLI-0002,Parlante UE Boom 3,Audio,1,110920
15474,2025-12-16,CLI-0039,Teclado Mecánico Keychron K2,Perifericos,2,168000
15475,2025-12-17,CLI-0280,Micrófono Blue Yeti X,Audio,1,195700
15476,2025-12-17,CLI-0157,Router TP-Link Archer,Redes,3,105710
15477,2025-12-17,CLI-0255,Access Point Ubiquiti U6,Redes,1,278620
15478,2025-12-17,CLI-0283,Webcam Logitech C925e,Perifericos,4,114580
15479,2025-12-17,CLI-0121,AirPods Pro 2,Audio,2,273120
15480,2025-12-17,CLI-0169,"Monitor Samsung 24"" FHD",Monitores,2,185550
15481,2025-12-17,CLI-0103,Notebook HP 15s,Laptops,3,546660
15482,2025-12-17,CLI-0041,Soporte Laptop Ergotron,Perifericos,3,77090
15483,2025-12-17,CLI-0246,Notebook Dell Inspiron,Laptops,1,681150
15484,2025-12-17,CLI-0133,"Monitor LG 27"" 4K",Monitores,3,373060
15485,2025-12-17,CLI-0132,Micrófono Blue Yeti X,Audio,1,203270
15486,2025-12-17,CLI-0219,"Monitor Portátil 15""",Monitores,3,225990
15487,2025-12-17,CLI-0186,PC Escritorio Dell OptiPlex,Desktops,4,757730
15488,2025-12-17,CLI-0148,Hub USB-C Anker,Perifericos,15,64550
15489,2025-12-18,CLI-0281,Licencia Office 365 Anual,Software,1,94880
15490,2025-12-18,CLI-0080,All-in-One HP 24,Desktops,5,896020
15491,2025-12-18,CLI-0002,Mouse Logitech MX Master 3,Perifericos,1,101180
15492,2025-12-18,CLI-0139,"Monitor Samsung 24"" FHD",Monitores,1,193850
15493,2025-12-18,CLI-0232,Soporte Laptop Ergotron,Perifericos,1,77130
15494,2025-12-18,CLI-0274,SSD Samsung 970 EVO 1TB,Almacenamiento,2,133990
15495,2025-12-18,CLI-0247,Adobe Creative Cloud,Software,2,84640
15496,2025-12-18,CLI-0043,Dock Station HP,Perifericos,4,210590
15497,2025-12-18,CLI-0181,"Monitor Samsung 24"" FHD",Monitores,1,185690
15498,2025-12-19,CLI-0097,SSD Externo Samsung T7,Almacenamiento,8,104820
15499,2025-12-19,CLI-0010,Repetidor WiFi Mesh,Redes,4,88130
15500,2025-12-19,CLI-0045,Notebook ASUS VivoBook,Laptops,1,501880
15501,2025-12-19,CLI-0176,"Monitor LG 27"" 4K",Monitores,2,376110
15502,2025-12-19,CLI-0274,"Monitor Curvo 32"" QHD",Monitores,2,465240
15503,2025-12-19,CLI-0180,Notebook Dell Inspiron,Laptops,1,695700
15504,2025-12-19,CLI-0200,Parlante UE Boom 3,Audio,1,117390
15505,2025-12-19,CLI-0263,Headset Logitech G535,Audio,1,104660
15506,2025-12-19,CLI-0098,Repetidor WiFi Mesh,Redes,3,88300
15507,2025-12-19,CLI-0035,"Monitor UltraWide 34""",Monitores,4,583420
15508,2025-12-19,CLI-0254,Router Eero Pro 6,Redes,4,353940
15509,2025-12-19,CLI-0199,Mousepad XL RGB,Perifericos,3,31070
15510,2025-12-19,CLI-0102,MacBook Air M2,Laptops,1,1316410
15511,2025-12-19,CLI-0097,Notebook HP 15s,Laptops,2,624660
15512,2025-12-19,CLI-0009,Adobe Creative Cloud,Software,8,87660
15513,2025-12-19,CLI-0174,Micrófono Blue Yeti X,Audio,3,198890
15514,2025-12-19,CLI-0004,Mousepad XL RGB,Perifericos,5,32190
15515,2025-12-22,CLI-0044,Mini PC ASUS PN50,Desktops,5,514180
15516,2025-12-22,CLI-0267,Router Eero Pro 6,Redes,4,331180
15517,2025-12-22,CLI-0070,SSD NVMe Kingston 500GB,Almacenamiento,2,65120
15518,2025-12-22,CLI-0283,Soporte Laptop Ergotron,Perifericos,1,74800
15519,2025-12-22,CLI-0017,Licencia Office 365 Anual,Software,1,105530
15520,2025-12-22,CLI-0160,SSD Externo Samsung T7,Almacenamiento,4,98680
15521,2025-12-22,CLI-0151,MacBook Air M2,Laptops,5,1389040
15522,2025-12-22,CLI-0029,Hub USB-C Anker,Perifericos,3,60730
15523,2025-12-22,CLI-0071,Windows 11 Pro,Software,1,125050
15524,2025-12-22,CLI-0195,Workstation HP Z2,Desktops,1,1435690
15525,2025-12-22,CLI-0211,Notebook ASUS VivoBook,Laptops,10,524680
15526,2025-12-22,CLI-0187,Notebook ASUS VivoBook,Laptops,2,520500
15527,2025-12-22,CLI-0154,Micrófono Blue Yeti X,Audio,1,222560
15528,2025-12-22,CLI-0146,Mousepad XL RGB,Perifericos,1,35640
15529,2025-12-22,CLI-0048,Mini PC ASUS PN50,Desktops,8,524760
15530,2025-12-22,CLI-0052,Auriculares Sony XM5,Audio,1,248540
15531,2025-12-23,CLI-0136,Soporte Laptop Ergotron,Perifericos,1,75390
15532,2025-12-23,CLI-0064,"Monitor Samsung 24"" FHD",Monitores,2,199000
15533,2025-12-23,CLI-0299,Chromebook Acer,Laptops,1,353590
15534,2025-12-23,CLI-0142,Hub USB-C Anker,Perifericos,5,59030
15535,2025-12-23,CLI-0282,SSD Externo Samsung T7,Almacenamiento,6,106810
15536,2025-12-23,CLI-0041,Router Eero Pro 6,Redes,8,353150
15537,2025-12-23,CLI-0280,Hub USB-C Anker,Perifericos,6,60570
15538,2025-12-23,CLI-0153,PC Escritorio Dell OptiPlex,Desktops,6,831560
15539,2025-12-23,CLI-0021,Hub USB-C Anker,Perifericos,6,57590
15540,2025-12-23,CLI-0216,Chromebook Acer,Laptops,3,309230
15541,2025-12-23,CLI-0138,Notebook Lenovo ThinkPad,Laptops,1,924670
15542,2025-12-23,CLI-0049,Access Point Ubiquiti U6,Redes,1,281660
15543,2025-12-23,CLI-0245,MacBook Air M2,Laptops,2,1306190
15544,2025-12-23,CLI-0185,Headset Logitech G535,Audio,2,107440
15545,2025-12-23,CLI-0136,"Monitor LG 27"" 4K",Monitores,2,374920
15546,2025-12-24,CLI-0288,Mouse Logitech MX Master 3,Perifericos,1,92370
15547,2025-12-24,CLI-0087,"Monitor Samsung 24"" FHD",Monitores,3,196440
15548,2025-12-24,CLI-0292,Windows 11 Pro,Software,5,131170
15549,2025-12-24,CLI-0009,SSD NVMe Kingston 500GB,Almacenamiento,1,72000
15550,2025-12-24,CLI-0065,"Monitor LG 27"" 4K",Monitores,3,402190
15551,2025-12-24,CLI-0261,Mouse Logitech MX Master 3,Perifericos,12,93150
15552,2025-12-24,CLI-0003,AutoCAD LT 2025,Software,2,625380
15553,2025-12-24,CLI-0140,Switch Cisco 24p,Redes,4,260370
15554,2025-12-24,CLI-0097,Disco Externo Seagate 4TB,Almacenamiento,2,131520
15555,2025-12-24,CLI-0031,Parlante UE Boom 3,Audio,1,114770
15556,2025-12-24,CLI-0199,"Monitor Curvo 32"" QHD",Monitores,4,495930
15557,2025-12-24,CLI-0150,Dock Station HP,Perifericos,1,201690
15558,2025-12-25,CLI-0211,Access Point Ubiquiti U6,Redes,1,287960
15559,2025-12-25,CLI-0128,Repetidor WiFi Mesh,Redes,5,92950
15560,2025-12-25,CLI-0064,Micrófono Blue Yeti X,Audio,1,204880
15561,2025-12-25,CLI-0255,Notebook HP 15s,Laptops,10,591400
15562,2025-12-25,CLI-0208,Access Point Ubiquiti U6,Redes,1,266380
15563,2025-12-25,CLI-0130,Windows 11 Pro,Software,1,131200
15564,2025-12-25,CLI-0095,Antivirus ESET 3 PCs,Software,2,47910
15565,2025-12-25,CLI-0128,Mini PC ASUS PN50,Desktops,3,517240
15566,2025-12-25,CLI-0119,Mouse Logitech MX Master 3,Perifericos,3,105900
15567,2025-12-25,CLI-0037,AutoCAD LT 2025,Software,1,673330
15568,2025-12-25,CLI-0112,Teclado Mecánico Keychron K2,Perifericos,8,160260
15569,2025-12-25,CLI-0295,Notebook HP 15s,Laptops,3,611070
15570,2025-12-25,CLI-0057,Windows 11 Pro,Software,1,133800
15571,2025-12-25,CLI-0055,Soporte Laptop Ergotron,Perifericos,1,74000
15572,2025-12-25,CLI-0074,Workstation HP Z2,Desktops,3,1429180
15573,2025-12-25,CLI-0064,Auriculares Sony XM5,Audio,1,250580
15574,2025-12-25,CLI-0211,AirPods Pro 2,Audio,3,289230
15575,2025-12-25,CLI-0141,Soundbar LG,Audio,3,160370
15576,2025-12-25,CLI-0075,"Monitor Portátil 15""",Monitores,1,236400
15577,2025-12-25,CLI-0097,Adobe Creative Cloud,Software,5,87470
15578,2025-12-26,CLI-0125,Disco Externo Seagate 4TB,Almacenamiento,2,128610
15579,2025-12-26,CLI-0141,Parlante UE Boom 3,Audio,1,108890
15580,2025-12-26,CLI-0002,Parlante UE Boom 3,Audio,2,111190
15581,2025-12-26,CLI-0032,Notebook Lenovo ThinkPad,Laptops,3,905710
15582,2025-12-26,CLI-0269,Webcam Logitech C925e,Perifericos,1,114810
15583,2025-12-26,CLI-0057,Webcam Logitech C925e,Perifericos,1,116500
15584,2025-12-26,CLI-0144,"Monitor Samsung 24"" FHD",Monitores,2,184670
15585,2025-12-26,CLI-0008,SSD NVMe Kingston 500GB,Almacenamiento,4,71650
15586,2025-12-26,CLI-0272,Notebook ASUS VivoBook,Laptops,2,484680
15587,2025-12-26,CLI-0179,Hub USB-C Anker,Perifericos,3,57710
15588,2025-12-26,CLI-0231,"Monitor Curvo 32"" QHD",Monitores,3,508870
15589,2025-12-26,CLI-0142,SSD NVMe Kingston 500GB,Almacenamiento,10,69040
15590,2025-12-29,CLI-0139,"Monitor LG 27"" 4K",Monitores,2,378900
15591,2025-12-29,CLI-0225,Mini PC ASUS PN50,Desktops,1,506080
15592,2025-12-29,CLI-0121,Antivirus ESET 3 PCs,Software,2,45730
15593,2025-12-29,CLI-0113,Router Eero Pro 6,Redes,2,359790
15594,2025-12-29,CLI-0075,All-in-One HP 24,Desktops,1,885670
15595,2025-12-29,CLI-0190,Pendrive Kingston 256GB,Almacenamiento,1,28520
15596,2025-12-29,CLI-0051,Teclado Mecánico Keychron K2,Perifericos,5,169330
15597,2025-12-29,CLI-0265,Hub USB-C Anker,Perifericos,3,59520
15598,2025-12-29,CLI-0011,Notebook ASUS VivoBook,Laptops,2,503330
15599,2025-12-29,CLI-0055,Mouse Logitech MX Master 3,Perifericos,6,108170
15600,2025-12-29,CLI-0130,Mouse Logitech MX Master 3,Perifericos,3,95630
15601,2025-12-29,CLI-0285,Repetidor WiFi Mesh,Redes,2,93330
15602,2025-12-30,CLI-0272,"Monitor Samsung 24"" FHD",Monitores,3,195400
15603,2025-12-30,CLI-0271,Notebook HP 15s,Laptops,1,600740
15604,2025-12-30,CLI-0011,Mousepad XL RGB,Perifericos,4,32570
15605,2025-12-30,CLI-0284,Micrófono Blue Yeti X,Audio,2,203730
15606,2025-12-30,CLI-0001,SSD NVMe Kingston 500GB,Almacenamiento,1,69230
15607,2025-12-30,CLI-0056,Hub USB-C Anker,Perifericos,3,63680
15608,2025-12-30,CLI-0218,Teclado Apple Magic,Perifericos,3,108410
15609,2025-12-30,CLI-0140,Access Point Ubiquiti U6,Redes,1,295520
15610,2025-12-30,CLI-0206,Adobe Creative Cloud,Software,5,85890
15611,2025-12-30,CLI-0290,Switch Cisco 24p,Redes,1,259560
15612,2025-12-30,CLI-0195,SSD NVMe Kingston 500GB,Almacenamiento,3,67960
15613,2025-12-30,CLI-0126,Mousepad XL RGB,Perifericos,1,31340
15614,2025-12-30,CLI-0173,Dock Station HP,Perifericos,2,204270
15615,2025-12-30,CLI-0124,SSD Externo Samsung T7,Almacenamiento,1,100450
15616,2025-12-30,CLI-0117,Parlante UE Boom 3,Audio,8,107680
15617,2025-12-30,CLI-0009,Windows 11 Pro,Software,1,127690
15618,2025-12-30,CLI-0290,Mini PC ASUS PN50,Desktops,1,518050
15619,2025-12-31,CLI-0023,"Monitor Portátil 15""",Monitores,2,225890
15620,2025-12-31,CLI-0274,Notebook ASUS VivoBook,Laptops,1,522650
15621,2025-12-31,CLI-0281,Soundbar LG,Audio,3,160850
15622,2025-12-31,CLI-0114,"Monitor Portátil 15""",Monitores,1,233410
15623,2025-12-31,CLI-0050,MacBook Air M2,Laptops,1,1273100
15624,2025-12-31,CLI-0210,All-in-One HP 24,Desktops,15,855200
15625,2025-12-31,CLI-0231,"Monitor Portátil 15""",Monitores,1,235180
15626,2025-12-31,CLI-0122,Repetidor WiFi Mesh,Redes,1,92630
15627,2025-12-31,CLI-0129,Router TP-Link Archer,Redes,2,102150
15628,2025-12-31,CLI-0124,MacBook Air M2,Laptops,2,1239280
15629,2025-12-31,CLI-0142,SSD Externo Samsung T7,Almacenamiento,1,94350
15630,2025-12-31,CLI-0004,Disco Externo Seagate 4TB,Almacenamiento,4,122640
15631,2025-12-31,CLI-0111,Micrófono Blue Yeti X,Audio,5,220190
15632,2025-12-31,CLI-0052,Chromebook Acer,Laptops,2,332570
15633,2025-12-31,CLI-0118,Switch Cisco 24p,Redes,1,257210
